pond_id,region,Event date,Initial entry,Pond status,Type,Logged by,Data verification method,Data verified by,Data verification notes,Lifecycle,Current fish stocking density per acre,Current shrimp stocking density per acre,Species,Species ratio,Reported target weight in grams,Communicated stock density limit,Average fish weight (in grams),Average weight of Catla (Catla catla) (in grams),Average weight of Rohu (Labeo rohita) (in grams),Average weight of Mrigal (Cirrhinus cirrhosus) (in grams),Average weight of Grass Carp (Ctenopharyngodon idella) (in grams),Average weight of Common Carp (Cyprinus carpio) (in grams),Average weight of Roopchand (in grams),Average weight of Whiteleg Shrimp (Litopenaeus vannamei) (in grams),Average weight of Pangasius (in grams),Intended fish stocking density (per acre),Intended fish stocking density (entire pond),Actual fish stocking density (per acre),Fish stocking density (entire pond),Fish purchases diverted,Intended shrimp stocking density (per acre),Intended shrimp stocking density (entire pond),Actual shrimp stocking density (per acre),Actual shrimp stocking density (entire pond),Shrimp purchases diverted,Did the farmer do pond preparation?,Explain what the farmer did for pond preparation,Harvest reason,"Fish harvested (total, in kg)","Shrimp harvested (total, in kg)","Fish left in the pond (total, in individuals)","Shrimp left in the pond (total, in individuals)",Is the farmer planning to do pond preparation?,Explain what the farmer is planning to do for pond preparation,Notes,Lifecycle is updated accordingly on the master doc,Created at
ara2_3eab831e,Eluru,08/15/2026,No,Treatment,Stocking,Chaitanya,Verbal communication,,,Breed-out,5941,,"Rohu (Labeo rohita), Catla (Catla catla)",9:1,200,15000,50,,50,,,,,,,5941,60000,5941,60000,0,,,,,,,,,,,,,,,,Yes,07/30/2026 05:34
ara2_1d5dce9e,Eluru,07/25/2026,No,Treatment,Stocking,Chaitanya,Verbal communication,,,Breed-out,10000,,"Rohu (Labeo rohita), Catla (Catla catla)",9:1,300,10000,30,,30,,,,,,,10000,30000,10000,30000,0,,,,,,1,"Removed the old water, added bleach and filled with new water",,,,,,,,,Yes,07/31/2026 05:13
ara2_ca187575,Eluru,07/22/2026,No,Treatment,Harvest,Chaitanya,Verbal communication,,,Breed-out,0,,"Rohu (Labeo rohita), Catla (Catla catla)",,,,850,,850,,,,,,,,,,,,,,,,,,,,,,,,,,Due to tilapia infestation these fishes were transferred to their other grow-out pond,Yes,08/04/2026 05:27
ara2_b0a5ed5f,Eluru,07/20/2026,No,Treatment,Partial harvest,Chaitanya,Verbal communication,,,Grow-out,1706,,"Rohu (Labeo rohita), Catla (Catla catla)",,,,1250,,1250,,,,,,,,,,,,,,,,,,,Planned harvest,50000,,,,,,,Yes,08/04/2026 05:15
ara2_cde272ed,Eluru,07/20/2026,No,Treatment,Harvest,Chaitanya,Verbal communication,,,Breed-out,0,,"Rohu (Labeo rohita), Catla (Catla catla)",,,,350,,350,,,,,,,,,,,,,,,,,,,Planned sale,,,0,,,,100000 fishes were sold to other grow out farmers,Yes,07/31/2026 05:30
ara2_0772ec50,Eluru,07/18/2026,No,Control,Stocking,Chaitanya,Verbal communication,,,Grow-out,1647,,"Rohu (Labeo rohita), Catla (Catla catla)",9:1,1200,2500,500,,500,,,,,,,1647,70000,1647,70000,0,,,,,,,,,,,,,,,,Yes,07/31/2026 05:09
ara2_50841581,Eluru,07/15/2026,No,Treatment,Stocking,Chaitanya,Verbal communication,,,Breed-out,5500,,"Rohu (Labeo rohita), Catla (Catla catla)",9:1,250,12000,30,,30,,,,,,,5500,110000,5500,110000,0,,,,,,,,,,,,,,,,Yes,07/30/2026 05:40
ara2_8ee1e5e2,Eluru,07/12/2026,Yes,,Stocking,Chaitanya,,,,Rearing,21552,,"Rohu (Labeo rohita), Catla (Catla catla)",9:1,100,30000,,,40,,,,,,,21552,,21552,,0,,,,,,,,,,,,,,,,,07/30/2026 06:33
ara2_25e534f2,Eluru,07/09/2026,No,Treatment,Harvest,Chaitanya,Verbal communication,,,Grow-out,0,,"Rohu (Labeo rohita), Catla (Catla catla)",,,,945,1400,900,,,,,,,,,,,,,,,,,,,,26000,,0,,,,,Yes,07/31/2026 05:26
ara2_71e2b7b9,Eluru,07/08/2026,No,Treatment,Harvest,Chaitanya,Verbal communication,,,Grow-out,0,,"Rohu (Labeo rohita), Catla (Catla catla)",,,,1170,1800,1100,,,,,,,,,,,,,,,,,,,Planned harvest,120000,,,,,,,Yes,07/31/2026 05:21
ara2_50841581,Eluru,07/07/2026,No,Treatment,Harvest,Chaitanya,Verbal communication,,,Breed-out,0,,"Rohu (Labeo rohita), Catla (Catla catla)",,,,500,,500,,,,,,,,,,,,,,,,,,,Planned sale,,,,,,,80000 fishes were sold to other grow out farmers,Yes,07/30/2026 05:37
ara2_368849b6,Eluru,07/04/2026,No,Treatment,Partial harvest,Chaitanya,Verbal communication,,,Grow-out,1406,,"Rohu (Labeo rohita), Catla (Catla catla)",,,,1400,,1400,,,,,,,,,,,,,,,,,,,Planned harvest,55000,,,,,,,Yes,08/04/2026 05:13
ara2_6452000e,Eluru,07/04/2026,No,Treatment,Harvest,Chaitanya,Verbal communication,,,Nursery,0,,"Rohu (Labeo rohita), Catla (Catla catla)",,,,100,,100,,,,,,,,,,,,,,,,,,,Planned sale,,,,,,,29000 fishes were transferred to their breed out ponds,Yes,07/10/2026 07:17
ara2_c2394795,Eluru,07/04/2026,No,Treatment,Stocking,Chaitanya,Verbal communication,,,Breed-out,7937,,"Rohu (Labeo rohita), Catla (Catla catla)",9:1,250,12000,100,,100,,,,,,,7937,50000,7937,50000,0,,,,,,,,,,,,,,,,Yes,07/10/2026 07:14
ara2_0206e1e9,Eluru,07/03/2026,No,Treatment,Stocking,Chaitanya,Verbal communication,,,Breed-out,7246,,"Rohu (Labeo rohita), Catla (Catla catla)",9:1,250,12000,20,,20,,,,,,,7246,100000,7246,100000,0,,,,,,,,,,,,,,,,Yes,07/09/2026 12:33
ara2_b3d128ac,Eluru,07/02/2026,No,Treatment,Stocking,Chaitanya,Verbal communication,,,Grow-out,2205,,"Rohu (Labeo rohita), Catla (Catla catla)",9:1,1200,2500,200,,200,,,,,,,2205,97000,2205,97000,0,,,,,,,,,,,,,,,,Yes,07/10/2026 07:27
ara2_3eab831e,Eluru,07/02/2026,No,Treatment,Harvest,Chaitanya,Verbal communication,,,Breed-out,0,,"Rohu (Labeo rohita), Catla (Catla catla)",,,,200,,200,,,,,,,,,,,,,,,,,,,Planned harvest,,,,,,,50000 fishes were transferred to their grow out ponds. 1000 fishes were lost to predation or counting errors.,Yes,07/10/2026 07:23
ara2_c2394795,Eluru,07/02/2026,No,Treatment,Harvest,Chaitanya,Verbal communication,,,Breed-out,0,,"Rohu (Labeo rohita), Catla (Catla catla)",,,,300,,300,,,,,,,,,,,,,,,,,,,Planned harvest,,,,,,,66000 fishes were transferred to grow out ponds,Yes,07/10/2026 07:10
ara2_32b91757,Eluru,07/02/2026,No,Treatment,Harvest,Chaitanya,Verbal communication,,,Breed-out,0,,"Rohu (Labeo rohita), Catla (Catla catla)",,,,300,,300,,,,,,,,,,,,,,,,,,,Planned harvest,,,,,,,55000 fishes were transferred to their grow out ponds,Yes,07/10/2026 07:08
ara2_00793177,Eluru,07/02/2026,No,Control,Stocking,Chaitanya,Verbal communication,,,Grow-out,2670,,"Rohu (Labeo rohita), Catla (Catla catla)",9:1,1000,3000,300,,300,,,,,,,2670,98000,2670,98000,0,,,,,,,,,,,,,,,,Yes,07/10/2026 07:04
ara2_00793177,Eluru,06/30/2026,No,Control,Harvest,Chaitanya,Verbal communication,,,Grow-out,0,,"Rohu (Labeo rohita), Catla (Catla catla)",,,,1280,,1280,,,,,,,,,,,,,,,,,,,Planned harvest,115000,,,,,,,Yes,07/10/2026 07:00
ara2_3a8fffae,Eluru,06/29/2026,No,Treatment,Harvest,Chaitanya,Verbal communication,,,Grow-out,0,,"Rohu (Labeo rohita), Catla (Catla catla)",,,,1300,,1300,,,,,,,,,,,,,,,,,,,Planned harvest,60000,,,,,,,Yes,07/06/2026 04:59
ara2_e985ca4a,Eluru,06/28/2026,No,Treatment,Stocking,Chaitanya,Verbal communication,,,Breed-out,6793,,"Rohu (Labeo rohita), Catla (Catla catla)",9:1,250,12000,50,,50,,,,,,,6793,50000,6793,50000,0,,,,,,,,,,,,,,,,Yes,07/06/2026 04:39
ara2_725e7f3b,Eluru,06/27/2026,No,Control,Stocking,Chaitanya,Verbal communication,,,Grow-out,2957,,"Rohu (Labeo rohita), Catla (Catla catla)",9:1,1000,3000,300,,300,,,,,,,2957,70000,2957,70000,0,,,,,,,,,,,,,,,,Yes,07/10/2026 06:32
ara2_b3d128ac,Eluru,06/26/2026,No,Treatment,Harvest,Chaitanya,Verbal communication,,,Grow-out,0,,"Rohu (Labeo rohita), Catla (Catla catla)",,,,1600,,1600,,,,,,,,,,,,,,,,,,,Planned harvest,160000,,,,,,,Yes,07/10/2026 07:25
ara2_7129732d,Eluru,06/26/2026,No,Treatment,Stocking,Chaitanya,Verbal communication,,,Grow-out,1458,,"Rohu (Labeo rohita), Catla (Catla catla)",9:1,1500,2000,600,,600,,,,,,,1458,70000,1458,70000,0,,,,,,,,,,,,,,,,Yes,07/06/2026 04:36
ara2_807df397,Eluru,06/26/2026,No,Treatment,Stocking,Chaitanya,Verbal communication,,,Breed-out,11111,,"Rohu (Labeo rohita), Catla (Catla catla)",9:1,200,15000,80,,80,,,,,,,11111,200000,11111,200000,0,,,,,,,,,,,,,,,,Yes,07/06/2026 04:32
ara2_37556c00,Nellore,06/25/2026,No,Treatment,Harvest,Chaitanya,Verbal communication,,,Grow-out,0,,"Rohu (Labeo rohita), Catla (Catla catla)",,,,950,,950,,,,,,,,,,,,,,,,,,,Planned harvest,2100,,,,1,Sun dry the pond bottom,,Yes,07/03/2026 04:51
ara2_bbfca80b,Nellore,06/25/2026,No,Treatment,Harvest,Chaitanya,Verbal communication,,,Grow-out,0,,"Rohu (Labeo rohita), Catla (Catla catla)",,,,900,,900,,,,,,,,,,,,,,,,,,,Planned harvest,2000,,,,1,Sun dry the pond bottom,,Yes,07/03/2026 04:48
ara2_e74f26b3,Eluru,06/23/2026,No,Treatment,Stocking,Chaitanya,Verbal communication,,,Grow-out,2414,,"Rohu (Labeo rohita), Catla (Catla catla)",.9:1,1200,2500,300,,300,,,,,,,2414,40000,2414,40000,0,,,,,,,,,,,,,,,,Yes,07/06/2026 04:52
ara2_41e97843,Eluru,06/22/2026,Yes,,Stocking,Chaitanya,,,,Breed-out,7092,,"Rohu (Labeo rohita), Catla (Catla catla)",9:1,300,10000,,,100,,,,,,,7092,,7092,,0,,,,,,,,,,,,,,,,,07/30/2026 06:39
ara2_048a77e9,Eluru,06/22/2026,Yes,,Stocking,Chaitanya,,,,Breed-out,7813,,"Rohu (Labeo rohita), Catla (Catla catla)",9:1,300,10000,,,100,,,,,,,7813,,7813,,0,,,,,,,,,,,,,,,,,07/30/2026 06:36
ara2_ea0cc887,Eluru,06/22/2026,Yes,,Stocking,Chaitanya,,,,Grow-out,2941,,"Rohu (Labeo rohita), Catla (Catla catla)",9:1,1000,3000,,,300,,,,,,,2941,,2941,,0,,,,,,,,,,,,,,,,,07/30/2026 06:24
ara2_e6fe1327,Eluru,06/20/2026,No,Treatment,Stocking,Chaitanya,Verbal communication,,,Rearing,22222,,"Rohu (Labeo rohita), Catla (Catla catla)",9:1,100,,30,,30,,,,,,,22222,500000,22222,500000,0,,,,,,,,,,,,,,,,Yes,07/10/2026 07:33
ara2_3b2f3973,Eluru,06/17/2026,No,Treatment,Harvest,Chaitanya,Verbal communication,,,Breed-out,0,,"Rohu (Labeo rohita), Catla (Catla catla)",,,,500,,500,,,,,,,,,,,,,,,,,,,Planned harvest,,,,,1,Sun drying the pond bottom,130000 fishes were sold to grow-out farmers,Yes,07/10/2026 07:21
ara2_725e7f3b,Eluru,06/17/2026,No,Control,Harvest,Chaitanya,Verbal communication,,,Grow-out,0,,"Rohu (Labeo rohita), Catla (Catla catla)",,,,1200,,1200,,,,,,,,,,,,,,,,,,,Planned harvest,80000,,,,,,,Yes,07/10/2026 06:30
ara2_b0010581,Nellore,06/16/2026,No,Treatment,Stocking,Chaitanya,Verbal communication,,,Grow-out,2865,,"Rohu (Labeo rohita), Catla (Catla catla)",9:1,1000,3000,50,,50,,,,,,,2865,10000,2865,10000,0,,,,,,,,,,,,,,,,Yes,07/03/2026 05:11
ara2_f5e499f4,Eluru,06/15/2026,No,Treatment,Harvest,Chaitanya,Verbal communication,,,Breed-out,0,,"Rohu (Labeo rohita), Catla (Catla catla)",,,,250,,250,,,,,,,,,,,,,,,,,,,Planned harvest,,,,,,,8000 fishes were lost to predation and counting errors.,Yes,07/06/2026 04:46
ara2_51ee6ab1,Nellore,06/13/2026,No,Treatment,Harvest,Chaitanya,Verbal communication,,,Grow-out,0,,"Rohu (Labeo rohita), Catla (Catla catla)",,,,800,,800,,,,,,,,,,,,,,,,,,,Planned harvest,1120,,,,1,Sun dry the pond bottom,,Yes,07/03/2026 05:01
ara2_0206e1e9,Eluru,06/13/2026,No,Treatment,Harvest,Chaitanya,Verbal communication,,,Grow-out,0,,"Rohu (Labeo rohita), Catla (Catla catla)",,,,1100,,1100,,,,,,,,,,,,,,,,,,,Planned harvest,45000,,,,,,,Yes,06/19/2026 04:44
ara2_4e2f7bb0,Eluru,06/12/2026,No,Control,Stocking,Chaitanya,Verbal communication,,,Grow-out,1631,,"Rohu (Labeo rohita), Catla (Catla catla)",9:1,1500,2000,200,,200,,,,,,,1631,53000,1631,53000,0,,,,,,,,,,,,,,,,Yes,06/18/2026 06:35
ara2_807df397,Eluru,06/10/2026,No,Treatment,Harvest,Chaitanya,Verbal communication,,,Breed-out,,,"Rohu (Labeo rohita), Catla (Catla catla)",,,,180,,180,,,,,,,,,,,,,,,,,,,Planned harvest,,,,,,,140000 fishes were transferred to their own grow out ponds,Yes,06/16/2026 05:07
ara2_e74f26b3,Eluru,06/08/2026,No,Control,Harvest,Chaitanya,Verbal communication,,,Grow-out,0,,"Rohu (Labeo rohita), Catla (Catla catla)",,,,1400,,1400,,,,,,,,,,,,,,,,,,,Planned harvest,60000,,,,,,,Yes,06/19/2026 04:37
ara2_cd998399,Eluru,06/08/2026,No,Control,Stocking,Chaitanya,Verbal communication,,,Grow-out,2574,,"Rohu (Labeo rohita), Catla (Catla catla)",9:1,1000,3000,400,,400,,,,,,,2574,70000,2574,70000,0,,,,,,,,,,,,,,,,Yes,06/16/2026 05:01
ara2_4e2f7bb0,Eluru,06/07/2026,No,Control,Harvest,Chaitanya,Verbal communication,,,Grow-out,0,,"Rohu (Labeo rohita), Catla (Catla catla)",,,,2000,,2000,,,,,,,,,,,,,,,,,,,Planned harvest,120000,,,,,,,Yes,06/18/2026 06:33
ara2_970ce848,Eluru,06/06/2026,No,Treatment,Harvest,Chaitanya,Verbal communication,,,Grow-out,0,,"Rohu (Labeo rohita), Catla (Catla catla)",,,,1060,1800,1000,,,,,,,,,,,,,,,,,,,Planned harvest,64000,,,,,,,Yes,06/19/2026 04:42
ara2_cd288d30,Nellore,06/05/2026,No,Treatment,Stocking,Chaitanya,Verbal communication,,,Grow-out,2857,,Roopchand,10,1000,3000,40,,,,,,40,,,2857,2000,2857,2000,0,,,,,,1,Sun dried the pond bottom and added bleach,,,,,,,,,Yes,06/05/2026 05:17
ara2_8190e6ec,Eluru,06/04/2026,No,Treatment,Stocking,Chaitanya,Verbal communication,,,Grow-out,2297,,"Rohu (Labeo rohita), Catla (Catla catla)",9:1,1000,3000,250,,250,,,,,,,2297,8500,2297,8500,0,,,,,,1,Pond was emptied and sun dried,,,,,,,,,Yes,07/30/2026 05:30
ara2_7129732d,Eluru,06/04/2026,No,Treatment,Harvest,Chaitanya,Verbal communication,,,Grow-out,,,"Rohu (Labeo rohita), Catla (Catla catla)",,,,1000,,1000,,,,,,,,,,,,,,,,,,,Planned harvest,90000,,,,,,,Yes,06/16/2026 05:03
ara2_0c7bd285,Nellore,06/03/2026,No,Treatment,Stocking,Chaitanya,Verbal communication,,,Grow-out,2956,,"Rohu (Labeo rohita), Catla (Catla catla)",9:1,1000,3000,200,,200,,,,,,,2956,6000,2956,6000,0,,,,,,1,"Sun dry the pond bottom, removed sludge",,,,,,,,,Yes,07/03/2026 05:05
ara2_94eeabd8,Eluru,06/03/2026,No,Treatment,Stocking,Chaitanya,Verbal communication,,,Grow-out,2242,,"Rohu (Labeo rohita), Catla (Catla catla)",9:1,1200,2500,400,400,400,,,,,,,2242,100000,2242,100000,0,,,,,,,,,,,,,,,,Yes,06/16/2026 04:56
ara2_9103673b,Eluru,06/02/2026,No,Treatment,Stocking,Chaitanya,Verbal communication,,,Breed-out,9091,,"Rohu (Labeo rohita), Catla (Catla catla)",9:1,250,12000,20,,20,,,,,,,9091,10000,9091,10000,0,,,,,,,,,,,,,,,,Yes,06/23/2026 11:55
ara2_d54330d5,Eluru,06/02/2026,No,Treatment,Stocking,Chaitanya,Verbal communication,,,Breed-out,13208,,"Rohu (Labeo rohita), Catla (Catla catla)",9:1,200,15000,20,,20,,,,,,,13208,70000,13208,70000,0,,,,,,,,,,,,,,,,Yes,06/23/2026 11:47
ara2_1fcb01f6,Eluru,06/02/2026,No,Treatment,Stocking,Chaitanya,Verbal communication,,,Breed-out,14286,,"Rohu (Labeo rohita), Catla (Catla catla)",9:1,200,15000,20,,20,,,,,,,14286,60000,14286,60000,0,,,,,,,,,,,,,,,,Yes,06/23/2026 11:41
ara2_f5dabd1c,Eluru,06/02/2026,No,Control,Stocking,Chaitanya,Verbal communication,,,Grow-out,2963,,"Catla (Catla catla), Rohu (Labeo rohita)",9:1,1000,3000,500,,500,,,,,,,2963,40000,2963,40000,0,,,,,,,,,,,,,,,,Yes,06/16/2026 05:21
ara2_844ff6fe,Eluru,06/02/2026,No,Treatment,Harvest,Chaitanya,Verbal communication,,,Grow-out,0,,"Rohu (Labeo rohita), Catla (Catla catla)",,,,1000,1500,1000,,,,,,,,,,,,,,,,,,,Planned harvest,30000,,,,,,,Yes,06/16/2026 05:09
ara2_50841581,Eluru,05/31/2026,No,Treatment,Partial harvest,Chaitanya,Verbal communication,,,Breed-out,4000,,"Rohu (Labeo rohita), Catla (Catla catla)",,,,400,,400,,,,,,,,,,,,,,,,,,,Planned harvest,,,80000,,,,100000 fishes were sold to grow out farmers,Yes,06/01/2026 05:53
ara2_573a2826,Eluru,05/30/2026,No,Treatment,Stocking,Chaitanya,Verbal communication,,,Breed-out,6000,,"Rohu (Labeo rohita), Catla (Catla catla)",9:1,250,12000,10,,10,,,,,,,6000,30000,6000,30000,0,,,,,,,,,,,,,,,,Yes,06/18/2026 06:43
ara2_574a8c09,Eluru,05/30/2026,No,Treatment,Stocking,Chaitanya,Verbal communication,,,Grow-out,2640,,"Rohu (Labeo rohita), Catla (Catla catla)",9:1,1000,3000,500,,500,,,,,,,2640,85000,2640,85000,0,,,,,,,,,,,,,,,,Yes,06/01/2026 07:12
ara2_c9cdacda,Eluru,05/28/2026,No,Treatment,Harvest,Chaitanya,Verbal communication,,,Breed-out,0,,"Rohu (Labeo rohita), Catla (Catla catla)",,,,400,,400,,,,,,,,,,,,,,,,,,,Planned harvest,,,,,,,120000 fishes were sold to grow out farmers,Yes,07/10/2026 07:35
ara2_6ca69422,Eluru,05/27/2026,No,Control,Stocking,Chaitanya,Verbal communication,,,Grow-out,2717,,"Rohu (Labeo rohita), Catla (Catla catla)",9:1,1000,3000,400,,400,,,,,,,2717,25000,2717,25000,0,,,,,,,,,,,,,,,,Yes,06/01/2026 06:42
ara2_98d96403,Nellore,05/26/2026,No,Treatment,Harvest,Chaitanya,Verbal communication,,,Grow-out,0,,Roopchand,,,,920,,,,,,920,,,,,,,,,,,,,,,Planned harvest,2300,,0,,1,Sun dried the pond bottom and added bleach,,Yes,06/05/2026 05:29
ara2_6857ac3f,Eluru,05/25/2026,No,Treatment,Harvest,Chaitanya,Verbal communication,,,Breed-out,0,,"Rohu (Labeo rohita), Catla (Catla catla)",,,,350,,350,,,,,,,,,,,,,,,,,,,Planned sale,,,,,,,27000 fishes were sold to other grow out farmers. 3000 fishes were lost to predation and counting errors,Yes,07/10/2026 06:37
ara2_f5dabd1c,Eluru,05/25/2026,No,Control,Harvest,Chaitanya,Verbal communication,,,Grow-out,0,,"Rohu (Labeo rohita), Catla (Catla catla)",,,,1150,2000,1100,,,,,,,,,,,,,,,,,,,Planned harvest,40000,,,,,,,Yes,06/16/2026 05:15
ara2_58b844c7,Eluru,05/25/2026,Yes,,Stocking,Chaitanya,,,,Grow-out,2182,,"Rohu (Labeo rohita), Catla (Catla catla)",9:1,1000,3000,,,200,,,,,,,,,2182,,,,,,,,,,,,,,,,,,,06/05/2026 04:03
ara2_b32cef11,Eluru,05/25/2026,No,Control,Stocking,Chaitanya,Verbal communication,,,Grow-out,1984,,"Rohu (Labeo rohita), Catla (Catla catla)",9:1,1500,2000,200,,200,,,,,,,1984,49000,1984,49000,0,,,,,,,,,,,,,,,,Yes,06/01/2026 05:34
ara2_e6fe1327,Eluru,05/23/2026,No,Treatment,Harvest,Chaitanya,Verbal communication,,,Grow-out,0,,"Rohu (Labeo rohita), Catla (Catla catla)",,,,1500,,1500,,,,,,,,,,,,,,,,,,,Planned harvest,73000,,,,,,,Yes,06/01/2026 05:45
ara2_296bcb81,Eluru,05/22/2026,Yes,,Stocking,Chaitanya,,,,Grow-out,2857,,"Rohu (Labeo rohita), Catla (Catla catla)",9:1,1000,3000,,,300,,,,,,,2857,,2857,,0,,,,,,,,,,,,,,,,,07/30/2026 06:29
ara2_0b1b03bb,Eluru,05/21/2026,No,Treatment,Partial harvest,Chaitanya,Verbal communication,,,Breed-out,9711,,"Rohu (Labeo rohita), Catla (Catla catla)",,,,200,,200,,,,,,,,,,,,,,,,,,,Planned harvest,,,,,,,73000 fishes were transferred to their own grow out ponds,Yes,05/28/2026 08:20
ara2_aa21af30,Eluru,05/21/2026,No,Treatment,Stocking,Chaitanya,Verbal communication,,,Grow-out,2303,,"Rohu (Labeo rohita), Catla (Catla catla)",9:1,1200,2500,200,,200,,,,,,,2303,38000,2303,38000,0,,,,,,,,,,,,,,,,Yes,05/28/2026 08:12
ara2_94eeabd8,Eluru,05/20/2026,No,Treatment,Harvest,Chaitanya,Verbal communication,,,Grow-out,0,,"Rohu (Labeo rohita), Catla (Catla catla)",,,,1100,,1100,,,,,,,,,,,,,,,,,,,Planned harvest,105000,,,,,,,Yes,06/01/2026 07:15
ara2_27f8f56a,Eluru,05/20/2026,No,Treatment,Harvest,Chaitanya,Verbal communication,,,Grow-out,0,,"Rohu (Labeo rohita), Catla (Catla catla)",,,,1400,,1400,,,,,,,,,,,,,,,,,,,Planned harvest,140000,,,,,,,Yes,06/01/2026 06:31
ara2_f5124b92,Eluru,05/20/2026,No,Control,Harvest,Chaitanya,Verbal communication,,,Grow-out,0,,"Rohu (Labeo rohita), Catla (Catla catla)",,,,1200,,1200,,,,,,,,,,,,,,,,,,,Planned harvest,30000,,,,,,,Yes,06/01/2026 06:27
ara2_b001208b,Eluru,05/20/2026,No,Treatment,Stocking,Chaitanya,Verbal communication,,,Breed-out,6000,,"Rohu (Labeo rohita), Catla (Catla catla)",9:1,300,10000,80,,80,,,,,,,6000,60000,6000,60000,0,,,,,,,,,,,,,,,,Yes,06/01/2026 05:42
ara2_31afc592,Eluru,05/20/2026,No,Treatment,Stocking,Chaitanya,Verbal communication,,,Grow-out,2783,,"Rohu (Labeo rohita), Catla (Catla catla)",9:1,1000,3000,300,,300,,,,,,,2783,45000,2783,45000,0,,,,,,,,,,,,,,,,Yes,05/25/2026 04:24
ara2_cd998399,Eluru,05/18/2026,No,Control,Harvest,Chaitanya,Verbal communication,,,Grow-out,0,,"Rohu (Labeo rohita), Catla (Catla catla)",,,,1300,,1300,,,,,,,,,,,,,,,,,,,Planned harvest,85000,,,,,,,Yes,06/01/2026 06:16
ara2_b32cef11,Eluru,05/18/2026,No,Control,Harvest,Chaitanya,Verbal communication,,,Grow-out,0,,"Rohu (Labeo rohita), Catla (Catla catla)",,,,1600,,1600,,,,,,,,,,,,,,,,,,,Planned harvest,95000,,,,,,,Yes,05/28/2026 08:14
ara2_e985ca4a,Eluru,05/17/2026,No,Treatment,Harvest,Chaitanya,Verbal communication,,,Breed-out,0,,"Rohu (Labeo rohita), Catla (Catla catla)",,,,300,,300,,,,,,,,,,,,,,,,,,,Planned harvest,,,,,,,45000 fishes were sold to grow out farmers,Yes,06/01/2026 06:22
ara2_fe1074da,Nellore,05/16/2026,No,Treatment,Harvest,Chaitanya,Verbal communication,,,Grow-out,0,,Roopchand,,,,960,,,,,,960,,,,,,,,,,,,,,,Planned harvest,10560,,,,1,Sun dried the pond bottom and removed sludge,,Yes,06/05/2026 05:26
ara2_f33085c0,Eluru,05/15/2026,Yes,,Stocking,Chaitanya,,,,Grow-out,1463,,"Rohu (Labeo rohita), Catla (Catla catla)",9:1,2000,1500,,,500,,,,,,,,,1463,,,,,,,,,,,,,,,,,,,06/05/2026 04:17
ara2_65a854d9,Nellore,05/14/2026,No,Treatment,Harvest,Chaitanya,Verbal communication,,,Grow-out,0,,"Rohu (Labeo rohita), Catla (Catla catla)",,,,1000,,1000,,,,,,,,,,,,,,,,,,,Planned harvest,18000,,,,1,Sun dry the pond bottom,,Yes,07/03/2026 04:44
ara2_aa21af30,Eluru,05/11/2026,No,Treatment,Harvest,Chaitanya,Verbal communication,,,Grow-out,0,,"Rohu (Labeo rohita), Catla (Catla catla)",,,,1200,,1200,,,,,,,,,,,,,,,,,,,Planned harvest,50000,,,,,,,Yes,05/28/2026 08:09
ara2_1d5dce9e,Eluru,05/06/2026,No,Treatment,Harvest,Chaitanya,Verbal communication,,,Breed-out,0,,"Rohu (Labeo rohita), Catla (Catla catla)",,,,350,,350,,,,,,,,,,,,,,,,,,,Planned harvest,,,,,1,Sun dry the pond bottom,33000 fishes were sold to grow out farmers. Farmer said approx 2000 fishes were lost to predation and mortalities,Yes,06/01/2026 06:00
ara2_d60f166f,Eluru,05/05/2026,Yes,,Stocking,Chaitanya,,,,Breed-out,15556,0,"Rohu (Labeo rohita), Catla (Catla catla)",9:1,150,20000,,,20,,,,,,,,,15556,,,,,,,,,,,,,,,,,,,06/23/2026 10:42
ara2_5a3d15dd,Nellore,05/05/2026,No,Treatment,Harvest,Chaitanya,Verbal communication,,,Grow-out,0,,"Rohu (Labeo rohita), Catla (Catla catla)",,,,960,,960,,,,,,,,,,,,,,,,,,,Planned harvest,1450,,,,1,"Sun dried the pond bottom, removed sludge and strengthened the dykes",,Yes,06/05/2026 05:24
ara2_b001208b,Eluru,05/04/2026,No,Treatment,Harvest,Chaitanya,Verbal communication,,,Breed-out,0,,"Rohu (Labeo rohita), Catla (Catla catla)",,,,300,,300,,,,,,,,,,,,,,,,,,,Planned harvest,,,,,,,50000 fishes were sold to grow out farmers,Yes,06/01/2026 05:39
ara2_31afc592,Eluru,05/04/2026,No,Treatment,Harvest,Chaitanya,Verbal communication,,,Grow-out,0,,"Rohu (Labeo rohita), Catla (Catla catla)",,,,1100,,1100,,,,,,,,,,,,,,,,,,,Planned harvest,46000,,,,,,,Yes,05/25/2026 04:22
ara2_9103673b,Eluru,05/02/2026,No,Treatment,Harvest,Chaitanya,Verbal communication,,,Breed-out,0,,"Rohu (Labeo rohita), Catla (Catla catla)",,,,400,,400,,,,,,,,,,,,,,,,,,,Planned harvest,,,0,,,,12000 fishes were transferred to their grow out ponds and 1000 fishes were lost to predation and counting errors,Yes,06/23/2026 11:50
ara2_d54330d5,Eluru,05/02/2026,No,Treatment,Harvest,Chaitanya,Verbal communication,,,Breed-out,0,,"Rohu (Labeo rohita), Catla (Catla catla)",,,,300,,300,,,,,,,,,,,,,,,,,,,Planned harvest,,,0,,,,67000 fishes were transferred to their grow out ponds. 3000 fishes were lost to predation and counting errors.,Yes,06/23/2026 11:44
ara2_b0010581,Nellore,05/02/2026,No,Treatment,Harvest,Chaitanya,Verbal communication,,,Rearing,0,,"Rohu (Labeo rohita), Catla (Catla catla)",,,,50,50,50,,,,,,,,,,,,,,,,,,,Planned harvest,,,0,,1,"Sun dried the pond bottom, removed sludge and strengthened the dykes","10500 fishes were lost to mortalities, predation and counting errors",Yes,06/05/2026 05:21
ara2_148f1633,Eluru,05/02/2026,No,Treatment,Partial harvest,Chaitanya,Verbal communication,,,Grow-out,1333,,"Rohu (Labeo rohita), Catla (Catla catla)",,,,400,,400,,,,,,,,,,,,,,,,,,,Planned harvest,,,14000,,,,30000 fishes were sold to grow out farmers,Yes,05/22/2026 05:26
ara2_163f5bc2,Eluru,05/02/2026,No,Treatment,Stocking,Chaitanya,Verbal communication,,,Grow-out,2273,,"Rohu (Labeo rohita), Catla (Catla catla)",9:1,1200,2500,300,,300,,,,,,,2273,50000,2273,50000,0,,,,,,,,,,,,,,,,Yes,05/06/2026 05:13
ara2_1fcb01f6,Eluru,05/01/2026,No,Treatment,Harvest,Chaitanya,Verbal communication,,,Breed-out,0,,"Rohu (Labeo rohita), Catla (Catla catla)",,,,250,,250,,,,,,,,,,,,,,,,,,,Planned harvest,,,0,,,,"58000 fishes were transferred to their own grow out ponds, 2000 fishes were lost due to predation",Yes,06/23/2026 11:38
ara2_ff85ba57,Eluru,05/01/2026,No,Treatment,Stocking,Chaitanya,Verbal communication,,,Grow-out,1705,,"Rohu (Labeo rohita), Catla (Catla catla)",9:1,1500,2000,500,,500,,,,,,,1705,50000,1705,50000,0,,,,,,,,,,,,,,,,Yes,05/12/2026 04:23
ara2_8232649d,Eluru,05/01/2026,No,Control,Stocking,Chaitanya,Verbal communication,,,Grow-out,1675,,"Rohu (Labeo rohita), Catla (Catla catla)",9:1,1500,2000,500,,500,,,,,,,1675,64500,1675,64500,0,,,,,,,,,,,,,,,,Yes,05/07/2026 05:09
ara2_c15dc3a2,Eluru,05/01/2026,No,Treatment,Stocking,Chaitanya,Verbal communication,,,Grow-out,2281,,"Rohu (Labeo rohita), Catla (Catla catla)",9:1,1200,2500,300,,300,,,,,,,2281,65000,2281,65000,0,,,,,,,,,,,,,,,,Yes,05/06/2026 05:09
ara2_f5c44392,Eluru,04/30/2026,No,Treatment,Stocking,Chaitanya,Verbal communication,,,Grow-out,2966,,"Rohu (Labeo rohita), Catla (Catla catla)",9:1,1000,3000,362,500,350,,,,,,,2966,35000,2966,35000,0,,,,,,,,,,,,,,,,Yes,05/12/2026 04:33
ara2_29660d32,Eluru,04/30/2026,No,Treatment,Stocking,Chaitanya,Verbal communication,,,Grow-out,2652,,"Rohu (Labeo rohita), Catla (Catla catla)",9:1,1000,3000,350,,350,,,,,,,2652,35000,2652,35000,0,,,,,,,,,,,,,,,,Yes,05/12/2026 04:18
ara2_cd288d30,Nellore,04/29/2026,No,Treatment,Harvest,Chaitanya,Verbal communication,,,Grow-out,0,,"Rohu (Labeo rohita), Catla (Catla catla)",,,,830,,830,,,,,,,,,,,,,,,,,,,Planned harvest,1660,,0,,1,Sun dried the pond bottom and added bleach,,Yes,06/05/2026 05:12
ara2_6ca69422,Eluru,04/29/2026,No,Control,Harvest,Chaitanya,Verbal communication,,,Grow-out,0,,"Rohu (Labeo rohita), Catla (Catla catla)",,,,600,,600,,,,,,,,,,,,,,,,,,,Planned harvest,,,0,,,,25000 fishes were transferred to their other grow out pond ara2_d52ddb31,Yes,06/01/2026 06:39
ara2_d52ddb31,Eluru,04/29/2026,No,Control,Stocking,Chaitanya,Verbal communication,,,Grow-out,2486,,"Rohu (Labeo rohita), Catla (Catla catla)",9:1,1200,2500,500,,500,,,,,,,2486,45000,2486,45000,0,,,,,,,,,,,,,,,,Yes,05/06/2026 05:00
ara2_4e7754a2,Eluru,04/28/2026,No,Treatment,Stocking,Chaitanya,Verbal communication,,,Grow-out,2071,,"Rohu (Labeo rohita), Catla (Catla catla)",9:1,1200,2500,300,,300,,,,,,,2071,95000,2071,95000,0,,,,,,,,,,,,,,,,Yes,05/06/2026 05:05
ara2_163f5bc2,Eluru,04/27/2026,No,Treatment,Harvest,Chaitanya,Verbal communication,,,Grow-out,0,,"Rohu (Labeo rohita), Catla (Catla catla)",,,,1050,,1050,,,,,,,,,,,,,,,,,,,Planned harvest,55000,,0,,,,,Yes,05/06/2026 05:10
ara2_ef01d63e,Eluru,04/25/2026,No,Treatment,Partial harvest,Chaitanya,Verbal communication,,,Grow-out,2192,,"Rohu (Labeo rohita), Catla (Catla catla)",,,,1000,,1000,,,,,,,,,,,,,,,,,,,Planned harvest,8000,,32000,,,,,Yes,05/07/2026 05:13
ara2_0772ec50,Eluru,04/23/2026,No,Control,Harvest,Chaitanya,Verbal communication,,,Grow-out,0,,"Rohu (Labeo rohita), Catla (Catla catla)",,,,1200,,1200,,,,,,,,,,,,,,,,,,,Planned harvest,130000,,,,,,,Yes,07/31/2026 05:06
ara2_31503b0c,Eluru,04/23/2026,Yes,,Stocking,Chaitanya,,,,Grow-out,2297,,"Rohu (Labeo rohita), Catla (Catla catla)",9:1,1200,2500,,,200,,,,,,,2297,,2297,,0,,,,,,,,,,,,,,,,,06/23/2026 10:32
ara2_dedca16a,Nellore,04/22/2026,No,Treatment,Stocking,Chaitanya,Verbal communication,,,Grow-out,2920,,Roopchand,10,1000,3000,100,,,,,,100,,,2920,12000,2920,12000,0,,,,,,1,Sun dried the pond bottom and removed sludge,,,,,,,,,Yes,06/05/2026 06:02
ara2_f4e367af,Nellore,04/20/2026,No,Treatment,Stocking,Chaitanya,Verbal communication,,,Grow-out,2869,,Roopchand,10,1000,3000,200,,,,,,200,,,2869,3500,2869,3500,0,,,,,,1,Sun dried the pond bottom and added bleach,,,,,,,,,Yes,06/05/2026 05:59
ara2_574a8c09,Eluru,04/20/2026,No,Treatment,Harvest,Chaitanya,Verbal communication,,,Grow-out,0,,"Rohu (Labeo rohita), Catla (Catla catla)",,,,1200,1200,1200,,,,,,,,,,,,,,,,,,,Planned harvest,97000,,,,,,,Yes,06/01/2026 07:10
ara2_f5c44392,Eluru,04/20/2026,No,Treatment,Harvest,Chaitanya,Verbal communication,,,Grow-out,0,,"Rohu (Labeo rohita), Catla (Catla catla)",,,,1000,,1000,,,,,,,,,,,,,,,,,,,Planned harvest,35000,,0,,,,,Yes,05/12/2026 04:29
ara2_c15dc3a2,Eluru,04/20/2026,No,Treatment,Harvest,Chaitanya,Verbal communication,,,Grow-out,0,,"Rohu (Labeo rohita), Catla (Catla catla)",,,,1100,,1100,,,,,,,,,,,,,,,,,,,Planned harvest,70000,,0,,,,,Yes,05/06/2026 05:07
ara2_d52ddb31,Eluru,04/20/2026,No,Control,Harvest,Chaitanya,Verbal communication,,,Grow-out,0,,"Rohu (Labeo rohita), Catla (Catla catla)",,,,1600,,1600,,,,,,,,,,,,,,,,,,,Planned harvest,72000,,0,,,,,Yes,05/06/2026 04:57
ara2_79cf3b3a,Nellore,04/19/2026,No,Treatment,Harvest,Chaitanya,Verbal communication,,,Grow-out,0,,"Rohu (Labeo rohita), Catla (Catla catla)",,,,940,,940,,,,,,,,,,,,,,,,,,,Planned harvest,7520,,0,,1,Sun dry the pond bottom,,Yes,06/05/2026 05:09
ara2_122dd1c9,Nellore,04/18/2026,No,Treatment,Stocking,Chaitanya,Verbal communication,,,Grow-out,2965,,"Rohu (Labeo rohita), Catla (Catla catla)",9:1,1000,3000,200,,200,,,,,,,2965,18500,2965,18500,0,,,,,,1,Sun dried the pond bottom and removed sludge,,,,,,,,,Yes,06/05/2026 05:53
ara2_626e23f2,Nellore,04/16/2026,No,Treatment,Stocking,Chaitanya,Verbal communication,,,Grow-out,2674,,"Rohu (Labeo rohita), Catla (Catla catla)",9:1,1000,3000,100,,100,,,,,,,2674,2300,2674,2300,0,,,,,,1,Sun dried the pond bottom and added bleach,,,,,,,,,Yes,06/05/2026 05:43
ara2_7e684a8f,Eluru,04/15/2026,Yes,,Stocking,Chaitanya,,,,Rearing,40541,0,"Rohu (Labeo rohita), Catla (Catla catla)",9:1,50,60000,,,20,,,,,,,,,40541,,,,,,,,,,,,,,,,,,,06/23/2026 10:49
ara2_8a37ac9f,Nellore,04/14/2026,No,Treatment,Stocking,Chaitanya,Verbal communication,,,Grow-out,2451,,Roopchand,10,1000,3000,200,,,,,,200,,,2451,10000,2451,10000,0,,,,,,1,Sun dried the pond bottom and added bleach,,,,,,,,,Yes,06/05/2026 05:56
ara2_bf22ac2f,Nellore,04/13/2026,No,Treatment,Stocking,Chaitanya,Verbal communication,,,Grow-out,2980,,"Rohu (Labeo rohita), Catla (Catla catla)",9:1,1000,3000,110,,110,,,,,,,2980,64000,2980,64000,0,,,,,,1,"Sun dried the pond bottom, removed sludge and strengthened the dykes",,,,,,,,,Yes,06/05/2026 05:39
ara2_8b32e1c5,Eluru,04/13/2026,No,Treatment,Stocking,Chaitanya,Verbal communication,,,Grow-out,2826,,"Rohu (Labeo rohita), Catla (Catla catla)",9:1,1000,3000,400,400,400,,,,,,,2826,32500,2826,32500,0,,,,,,,,,,,,,,,,Yes,04/16/2026 05:11
ara2_ff85ba57,Eluru,04/11/2026,No,Treatment,Harvest,Chaitanya,Verbal communication,,,Grow-out,0,,"Rohu (Labeo rohita), Catla (Catla catla)",,,,1300,,1300,,,,,,,,,,,,,,,,,,,Planned harvest,65000,,0,,,,,Yes,05/12/2026 04:20
ara2_8232649d,Eluru,04/11/2026,No,Control,Harvest,Chaitanya,Verbal communication,,,Grow-out,0,,"Rohu (Labeo rohita), Catla (Catla catla)",,,,1800,,1800,,,,,,,,,,,,,,,,,,,Planned harvest,150000,,0,,,,,Yes,04/16/2026 04:51
ara2_771be42c,Eluru,04/10/2026,No,Treatment,Stocking,Chaitanya,Verbal communication,,,Breed-out,5000,,"Rohu (Labeo rohita), Catla (Catla catla)",9:1,350,8500,50,,50,,,,,,,5000,40000,5000,40000,0,,,,,,,,,,,,,,,,Yes,05/07/2026 04:50
ara2_0ac139b5,Eluru,04/10/2026,No,Control,Stocking,Chaitanya,Verbal communication,,,Grow-out,2676,,"Rohu (Labeo rohita), Catla (Catla catla)",9:1,1000,3000,400,400,400,,,,,,,2676,99000,2676,99000,0,,,,,,,,,,,,,,,,Yes,04/16/2026 05:07
ara2_8b32e1c5,Eluru,04/09/2026,No,Treatment,Harvest,Chaitanya,Verbal communication,,,Grow-out,0,,"Rohu (Labeo rohita), Catla (Catla catla)",,,,1500,,1500,,,,,,,,,,,,,,,,,,,Planned harvest,50000,,0,,,,,Yes,04/16/2026 05:09
ara2_771be42c,Eluru,04/07/2026,No,Treatment,Harvest,Chaitanya,Verbal communication,,,Breed-out,0,,"Rohu (Labeo rohita), Catla (Catla catla)",,,,350,,350,,,,,,,,,,,,,,,,,,,Planned harvest,,,,,,,45000 fishes were sold to grow out farmers,Yes,05/07/2026 04:47
ara2_b18c32b8,Nellore,04/05/2026,No,Treatment,Harvest,Chaitanya,Verbal communication,,,Grow-out,0,,"Rohu (Labeo rohita), Catla (Catla catla)",,,,920,,920,,,,,,,,,,,,,,,,,,,Planned harvest,3910,,0,,,,,Yes,06/05/2026 05:06
ara2_27387783,Eluru,04/05/2026,No,Treatment,Harvest,Chaitanya,Verbal communication,,,Rearing,0,,"Rohu (Labeo rohita), Catla (Catla catla)",,,,20,,20,,,,,,,,,,,,,,,,,,,Planned harvest,,,0,,,,900000 fishes were transferred to their breed out ponds,Yes,05/07/2026 04:53
ara2_78cbfd0d,Nellore,04/04/2026,No,Treatment,Stocking,Chaitanya,Verbal communication,,,Grow-out,2165,,"Rohu (Labeo rohita), Catla (Catla catla)",9:1,1000,3000,100,,100,,,,,,,2165,5000,2165,5000,0,,,,,,1,Sun dried the pond bottom and removed sludge,,,,,,,,,Yes,06/05/2026 05:33
ara2_30c31874,Eluru,04/03/2026,No,Treatment,Stocking,Chaitanya,Verbal communication,,,Nursery,119048,,"Rohu (Labeo rohita), Catla (Catla catla)",9:1,50,,20,,20,,,,,,,119048,500000,119048,500000,0,,,,,,,,,,,,,,,,Yes,04/09/2026 04:30
ara2_4e7754a2,Eluru,04/02/2026,No,Treatment,Harvest,Chaitanya,Verbal communication,,,Grow-out,0,,"Rohu (Labeo rohita), Catla (Catla catla)",,,,1500,,1500,,,,,,,,,,,,,,,,,,,Planned harvest,168000,,0,,,,,Yes,05/06/2026 05:02
ara2_3c5dafd2,Eluru,04/01/2026,No,Treatment,Harvest,Chaitanya,Verbal communication,,,Breed-out,0,,"Rohu (Labeo rohita), Catla (Catla catla)",,,,200,,200,,,,,,,,,,,,,,,,,,,Planned sale,,,,,1,Sun dry the pond bottom and remove sludge,"65000 fishes were sold to other farmers, 5000 fishes were lost to mortalities and predation",Yes,06/01/2026 06:54
ara2_3eab831e,Eluru,03/31/2026,No,Treatment,Stocking,Chaitanya,Verbal communication,,,Breed-out,5050,,"Rohu (Labeo rohita), Catla (Catla catla)",9:1,200,15000,39,,40,,,,,,,5050,51000,5050,51000,0,,,,,,,,,,,,,,,,Yes,04/16/2026 05:02
ara2_0ac139b5,Eluru,03/30/2026,No,Control,Harvest,Chaitanya,Verbal communication,,,Grow-out,0,,"Rohu (Labeo rohita), Catla (Catla catla)",,,,1800,,1800,,,,,,,,,,,,,,,,,,,Planned harvest,170000,,0,,,,,Yes,04/16/2026 05:04
ara2_cb98926f,Eluru,03/28/2026,No,Treatment,Harvest,Chaitanya,Verbal communication,,,Rearing,0,,"Rohu (Labeo rohita), Catla (Catla catla)",,,,50,,50,,,,,,,,,,,,,,,,,,,Planned harvest,,,,,,,200000 fishes were sold to other farmers,Yes,04/16/2026 05:15
ara2_b8e096b3,Eluru,03/27/2026,Yes,,Stocking,Chaitanya,,,,Grow-out,2327,,"Rohu (Labeo rohita), Catla (Catla catla)",9:1,1200,2500,,,200,,,,,,,2327,,2327,,0,,,,,,,,,,,,,,,,,06/23/2026 10:28
ara2_e7d0223c,Nellore,03/27/2026,No,Treatment,Harvest,Chaitanya,Verbal communication,,,Rearing,0,,"Rohu (Labeo rohita), Catla (Catla catla)",,,,150,,150,,,,,,,,,,,,,,,,,,,Planned harvest,,,0,,,,30000 fishes were sold to other farmers and 10000 fishes are being to grow out stage. 10000 fishes were lost to mortalities and predation,Yes,06/05/2026 05:04
ara2_249e0180,Eluru,03/27/2026,No,Treatment,Partial harvest,Chaitanya,Verbal communication,,,Grow-out,1155,,Rohu (Labeo rohita),,,,950,,950,,,,,,,,,,,,,,,,,,,Planned harvest,80000,,47000,,,,,Yes,04/01/2026 05:36
ara2_e6fe1327,Eluru,03/21/2026,No,Treatment,Partial harvest,Chaitanya,Verbal communication,,,Grow-out,2089,,"Rohu (Labeo rohita), Catla (Catla catla)",,,,1200,,1200,,,,,,,,,,,,,,,,,,,Planned harvest,20000,,,,0,,,Yes,03/26/2026 05:17
ara2_807df397,Eluru,03/20/2026,No,Treatment,Partial harvest,Chaitanya,Verbal communication,,,Breed-out,7778,,"Rohu (Labeo rohita), Catla (Catla catla)",,,,50,,50,,,,,,,,,,,,,,,,,,,Planned harvest,,,140000,,,,60000 fishes were transferred to their own pond,Yes,04/10/2026 04:33
ara2_957cbe38,Eluru,03/20/2026,No,Control,Stocking,Chaitanya,Verbal communication,,,Grow-out,2787,,"Rohu (Labeo rohita), Catla (Catla catla)",9:1,1000,3000,300,,300,,,,,,,2787,25000,2787,25000,0,,,,,,0,,,,,,,,,,Yes,03/26/2026 04:45
ara2_e985ca4a,Eluru,03/19/2026,No,Treatment,Stocking,Chaitanya,Verbal communication,,,Breed-out,6793,,"Rohu (Labeo rohita), Catla (Catla catla)",9:1,250,12000,55,100,50,,,,,,,6793,50000,6793,50000,0,,,,,,,,,,,,,,,,Yes,04/01/2026 05:57
ara2_9d82e6a0,Eluru,03/19/2026,No,Treatment,Stocking,Chaitanya,Verbal communication,,,Grow-out,2544,,"Rohu (Labeo rohita), Catla (Catla catla)",9:1,1000,3000,350,,350,,,,,,,2544,80000,2544,80000,0,,,,,,,,,,,,,,,,Yes,03/30/2026 06:47
ara2_3eab831e,Eluru,03/17/2026,No,Treatment,Harvest,Chaitanya,Verbal communication,,,Breed-out,0,,"Rohu (Labeo rohita), Catla (Catla catla)",,,,200,,200,,,,,,,,,,,,,,,,,,,Planned harvest,,,0,,,,60000 fishes were transferred to their grow out pond,Yes,04/16/2026 04:59
ara2_957cbe38,Eluru,03/17/2026,No,Control,Harvest,Chaitanya,Verbal communication,,,Grow-out,0,,"Rohu (Labeo rohita), Catla (Catla catla)",,,,1000,,1000,,,,,,,,,,,,,,,,,,,Planned harvest,25000,,,,0,,,Yes,03/26/2026 04:44
ara2_f0f921b2,Eluru,03/15/2026,No,Treatment,Stocking,Chaitanya,Verbal communication,,,Breed-out,7143,,"Rohu (Labeo rohita), Catla (Catla catla)",9:1,200,15000,30,30,30,,,,,,,7143,40000,7143,40000,0,,,,,,,,,,,,,,,,Yes,04/02/2026 12:54
ara2_ff85ba57,Eluru,03/15/2026,No,Treatment,Partial harvest,Chaitanya,Verbal communication,,,Grow-out,1705,,Rohu (Labeo rohita),,,,1000,,1000,,,,,,,,,,,,,,,,,,,Planned harvest,30000,,50000,,,,,Yes,04/01/2026 05:40
ara2_733d0028,Eluru,03/14/2026,No,Treatment,Stocking,Chaitanya,Verbal communication,,,Breed-out,14815,,"Rohu (Labeo rohita), Catla (Catla catla)",9:1,200,15000,50,50,50,,,,,,,14815,100000,14815,100000,0,,,,,,1,Sun dried the pond bottom and added bleach,,,,,,,,,Yes,04/16/2026 04:49
ara2_2167f891,Eluru,03/14/2026,No,Treatment,Harvest,Chaitanya,Verbal communication,,,Rearing,0,,"Rohu (Labeo rohita), Catla (Catla catla)",,,,50,50,50,,,,,,,,,,,,,,,,,,,Planned harvest,,,0,,1,Sun dry the pond bottom,100000 fishes were transferred to their breed out pond.,Yes,04/16/2026 04:44
ara2_4f79fc8d,Eluru,03/13/2026,No,Treatment,Partial harvest,Chaitanya,Verbal communication,,,Breed-out,2000,,"Rohu (Labeo rohita), Catla (Catla catla)",,,,400,,400,,,,,,,,,,,,,,,,,,,Planned harvest,,,,,0,,70000 fishes were sold to grow out farmers,Yes,03/17/2026 08:23
ara2_3c745150,Eluru,03/12/2026,Yes,,Stocking,Chaitanya,,,,Breed-out,7579,0,"Rohu (Labeo rohita), Catla (Catla catla)",9:1,350,8500,,,50,,,,,,,,,7579,,,,,,,,,,,,,,,,,,,04/27/2026 06:23
ara2_573a2826,Eluru,03/10/2026,No,Treatment,Harvest,Chaitanya,Verbal communication,,,Breed-out,0,,"Rohu (Labeo rohita), Catla (Catla catla)",,,,250,251,250,,,,,,,,,,,,,,,,,,,Planned harvest,,,0,,,,35000 fishes were transferred to their grow out pond.,Yes,04/16/2026 04:54
ara2_e14730af,Eluru,03/10/2026,No,Control,Stocking,Chaitanya,Verbal communication,,,Grow-out,1759,,"Rohu (Labeo rohita), Catla (Catla catla)",9:1,1500,2000,257,350,250,,,,,,,1759,51000,1759,51000,0,,,,,,0,,,,,,,,,,Yes,03/26/2026 05:13
ara2_29660d32,Eluru,03/09/2026,No,Treatment,Harvest,Chaitanya,Verbal communication,,,Grow-out,0,,"Rohu (Labeo rohita), Catla (Catla catla)",,,,1450,,1450,,,,,,,,,,,,,,,,,,,Planned harvest,30000,,0,,,,,Yes,05/12/2026 04:14
ara2_e985ca4a,Eluru,03/07/2026,No,Treatment,Harvest,Chaitanya,Verbal communication,,,Breed-out,0,,Rohu (Labeo rohita),,,,300,,300,,,,,,,,,,,,,,,,,,,Planned harvest,,,,,,,Number of fishes during the harvest were greater than stocking numbers. When checked with the farmer he said few fishes from the previous cycle might have left and a few counting error.,Yes,04/01/2026 05:51
ara2_46286ebb,Eluru,03/07/2026,No,Control,Stocking,Chaitanya,Verbal communication,,,Grow-out,2667,,"Rohu (Labeo rohita), Catla (Catla catla)",9:1,1000,3000,300,,300,,,,,,,2667,60000,2667,60000,0,,,,,,0,,,,,,,,,,Yes,03/12/2026 05:42
ara2_7a7eace1,Eluru,03/06/2026,No,Treatment,Stocking,Chaitanya,Verbal communication,,,Breed-out,3432,,"Rohu (Labeo rohita), Catla (Catla catla)",9:1,500,6000,200,,200,,,,,,,3432,15000,3432,15000,0,,,,,,0,,,,,,,,,,Yes,03/17/2026 08:05
ara2_438777b9,Eluru,03/05/2026,Yes,,Stocking,Chaitanya,,,,Breed-out,21740,0,"Rohu (Labeo rohita), Catla (Catla catla)",9:1,150,20000,,50,50,,,,,,,,,21740,,,,,,,,,,,,,,,,,,,06/05/2026 04:36
ara2_f0f921b2,Eluru,03/05/2026,No,Treatment,Harvest,Chaitanya,Verbal communication,,,Breed-out,0,,Rohu (Labeo rohita),,,,200,,200,,,,,,,,,,,,,,,,,,,Planned harvest,,,0,,,,30000 fishes were sold to other grow out farmers,Yes,04/02/2026 12:50
ara2_ba07d622,Eluru,03/05/2026,No,Treatment,Stocking,Chaitanya,Verbal communication,,,Breed-out,4854,,"Rohu (Labeo rohita), Catla (Catla catla)",9:1,500,6000,100,,100,,,,,,,4854,50000,4854,50000,0,,,,,,0,,,,,,,,,,Yes,03/17/2026 08:16
ara2_7e358ea4,Nellore,03/04/2026,No,Treatment,Stocking,Chaitanya,Verbal communication,,,Grow-out,2894,,"Rohu (Labeo rohita), Catla (Catla catla)",9:1,1000,3000,300,,300,,,,,,,2894,12500,2894,12500,0,,,,,,1,"Sun dried the pond bottom and ploughed, added bleach",,,,,,,,,Yes,03/25/2026 05:52
ara2_ea9c93a5,Nellore,03/03/2026,No,Treatment,Stocking,Chaitanya,Verbal communication,,,Grow-out,2961,,"Rohu (Labeo rohita), Catla (Catla catla)",9:1,1000,3000,150,,150,,,,,,,2961,13500,2961,13500,0,,,,,,1,"Sun dried the pond bottom and ploughed, added bleach",,,,,,,,,Yes,03/25/2026 05:59
ara2_6f5cd71e,Nellore,03/03/2026,No,Treatment,Harvest,Chaitanya,Verbal communication,,,Grow-out,0,,"Rohu (Labeo rohita), Catla (Catla catla)",,,,500,,500,,,,,,,,,,,,,,,,,,,Planned harvest,1300,,0,,0,,,Yes,03/24/2026 12:37
ara2_25e534f2,Eluru,03/02/2026,Yes,,Stocking,Chaitanya,,,,Grow-out,2200,,"Rohu (Labeo rohita), Catla (Catla catla)",9:1,1200,2500,,,300,,,,,,,,,2200,,,,,,,,,,,,,,,,,,,06/05/2026 04:29
ara2_d8a0ad32,Eluru,03/02/2026,Yes,,Stocking,Chaitanya,,,,Grow-out,2250,,"Rohu (Labeo rohita), Catla (Catla catla)",9:1,1200,2500,,,150,,,,,,,,,2250,,,,,,,,,,,,,,,,,,,06/05/2026 04:25
ara2_dfe79bad,Nellore,03/02/2026,No,Treatment,Stocking,Chaitanya,Verbal communication,,,Grow-out,2871,,"Rohu (Labeo rohita), Catla (Catla catla)",9:1,1000,3000,300,,300,,,,,,,2871,6000,2871,6000,0,,,,,,1,"Sun dried the pond bottom and ploughed, added bleach",,,,,,,,,Yes,03/25/2026 05:56
ara2_30c31874,Eluru,03/02/2026,No,Treatment,Harvest,Chaitanya,Verbal communication,,,Nursery,0,,"Rohu (Labeo rohita), Catla (Catla catla)",,,,50,,50,,,,,,,,,,,,,,,,,,,Planned harvest,,,,,1,Sun dry the pond bottom and add bleach,,Yes,03/17/2026 08:11
ara2_ee15e2a0,Nellore,03/01/2026,No,Treatment,Stocking,Chaitanya,Verbal communication,,,Grow-out,2927,,"Rohu (Labeo rohita), Catla (Catla catla)",9:1,1000,3000,150,,150,,,,,,,2927,12500,2927,12500,0,,,,,,1,"Sun dried the pond bottom and ploughed, added bleach",,,,,,,,,Yes,03/25/2026 06:04
ara2_e14730af,Eluru,02/26/2026,No,Control,Harvest,Chaitanya,Verbal communication,,,Grow-out,0,,"Rohu (Labeo rohita), Catla (Catla catla)",,,,2000,,2000,,,,,,,,,,,,,,,,,,,Planned harvest,103000,,,,0,,,Yes,03/26/2026 05:11
ara2_0b0bdb08,Nellore,02/25/2026,No,Treatment,Harvest,Chaitanya,Verbal communication,,,Grow-out,0,,"Rohu (Labeo rohita), Catla (Catla catla)",,,,960,,960,,,,,,,,,,,,,,,,,,,Planned harvest,4800,,0,,1,Sun dry the pond bottom and add bleach,,Yes,03/24/2026 12:31
ara2_46286ebb,Eluru,02/23/2026,No,Control,Harvest,Chaitanya,Verbal communication,,,Grow-out,0,,"Rohu (Labeo rohita), Catla (Catla catla)",,,,1350,,1350,,,,,,,,,,,,,,,,,,,Planned harvest,75000,,0,,0,,,Yes,03/12/2026 05:30
ara2_50c225c4,Nellore,02/22/2026,No,Treatment,Harvest,Chaitanya,Verbal communication,,,Grow-out,0,,Roopchand,,,,300,,,,,,300,,,,,,,,,,,,,,,Planned harvest,,,0,,0,,5000 fishes were sold to other grow out farmers to participate in the feed fortification study,Yes,03/24/2026 12:10
ara2_84b6fb93,Eluru,02/22/2026,No,Treatment,Stocking,Chaitanya,Verbal communication,,,Grow-out,2547,,"Rohu (Labeo rohita), Catla (Catla catla)",9:1,1000,3000,350,,350,,,,,,,2547,50000,2547,50000,0,,,,,,0,,,,,,,,,,Yes,03/02/2026 05:21
ara2_9d82e6a0,Eluru,02/20/2026,No,Treatment,Harvest,Chaitanya,Verbal communication,,,Grow-out,0,,Rohu (Labeo rohita),,,,1300,,1300,,,,,,,,,,,,,,,,,,,Planned harvest,93000,,,,,,,Yes,03/30/2026 06:38
ara2_83b11f44,Nellore,02/20/2026,No,Treatment,Harvest,Chaitanya,Verbal communication,,,Grow-out,0,,"Rohu (Labeo rohita), Catla (Catla catla)",,,,250,,250,,,,,,,,,,,,,,,,,,,Planned harvest,,,0,,0,,7500 fishes were sold to other grow out farmers to participate in the feed fortification study,Yes,03/24/2026 12:24
ara2_c4b7f174,Eluru,02/20/2026,No,Control,Stocking,Chaitanya,Verbal communication,,,Grow-out,2571,,"Rohu (Labeo rohita), Catla (Catla catla)",9:1,1000,3000,200,,200,,,,,,,2571,90000,2571,90000,0,,,,,,0,,,,,,,,,,Yes,03/02/2026 05:27
ara2_778970d8,Eluru,02/17/2026,No,Treatment,Stocking,Chaitanya,Verbal communication,,,Grow-out,1296,,"Rohu (Labeo rohita), Catla (Catla catla)",9:1,1200,2500,250,,250,,,,,,,1296,70000,1296,70000,0,,,,,,0,,,,,,,,,,Yes,02/20/2026 05:49
ara2_1b6714d3,Nellore,02/16/2026,No,Treatment,Stocking,Chaitanya,Verbal communication,,,Grow-out,2857,,Roopchand,10,1000,3000,250,,,,,,250,,,2857,5000,2857,5000,0,,,,,,1,Sun dried the pond bottom and added bleach,,,,,,,,,Yes,03/25/2026 05:42
ara2_b245aae1,Eluru,02/15/2026,No,Treatment,Stocking,Chaitanya,Verbal communication,,,Grow-out,1941,,"Rohu (Labeo rohita), Catla (Catla catla)",9:1,1200,2500,209,300,200,,,,,,,1941,33000,1941,33000,0,,,,,,0,,,,,,,,,,Yes,02/19/2026 07:45
ara2_eb49c98d,Eluru,02/15/2026,No,Treatment,Stocking,Chaitanya,Verbal communication,,,Rearing,68966,,"Rohu (Labeo rohita), Catla (Catla catla)",9:1,50,60000,20,,20,,,,,,,68966,200000,68966,200000,0,,,,,,0,,,,,,,,,,Yes,02/19/2026 06:31
ara2_778970d8,Eluru,02/14/2026,No,Treatment,Harvest,Chaitanya,Verbal communication,,,Grow-out,0,,"Rohu (Labeo rohita), Catla (Catla catla)",,,,1000,,1000,,,,,,,,,,,,,,,,,,,Planned harvest,75000,,0,,0,,,Yes,02/20/2026 05:46
ara2_bdf1f578,Eluru,02/13/2026,No,Treatment,Stocking,Chaitanya,Verbal communication,,,Grow-out,2286,,"Rohu (Labeo rohita), Catla (Catla catla)",9:1,1000,3000,150,,150,,,,,,,2286,64000,2286,64000,0,,,,,,0,,,,,,,,,,Yes,02/19/2026 06:01
ara2_b245aae1,Eluru,02/12/2026,No,Treatment,Harvest,Chaitanya,Verbal communication,,,Grow-out,0,,"Rohu (Labeo rohita), Catla (Catla catla)",,,,1800,,1800,,,,,,,,,,,,,,,,,,,Planned harvest,50000,,0,,0,,,Yes,02/19/2026 07:42
ara2_05de0e1a,Eluru,02/12/2026,No,Treatment,Stocking,Chaitanya,Verbal communication,,,Rearing,55556,,"Rohu (Labeo rohita), Catla (Catla catla)",9:1,50,60000,5,,5,,,,,,,55556,200000,55556,200000,0,,,,,,0,,,,,,,,,,Yes,02/19/2026 06:10
ara2_27387783,Eluru,02/10/2026,No,Treatment,Stocking,Chaitanya,Verbal communication,,,Rearing,117647,,"Rohu (Labeo rohita), Catla (Catla catla)",9:1,50,60000,5,,5,,,,,,,117647,1000000,117647,1000000,0,,,,,,0,,,,,,,,,,Yes,02/20/2026 05:38
ara2_32bcd752,Eluru,02/10/2026,No,Treatment,Stocking,Chaitanya,Verbal communication,,,Rearing,71429,,"Rohu (Labeo rohita), Catla (Catla catla)",9:1,50,60000,20,,20,,,,,,,71429,200000,71429,200000,0,,,,,,0,,,,,,,,,,Yes,02/19/2026 06:16
ara2_8a429bf1,Nellore,02/09/2026,No,Treatment,Stocking,Chaitanya,Verbal communication,,,Grow-out,2982,,"Roopchand, Rohu (Labeo rohita), Catla (Catla catla)",9:0.75:0.25,1000,3000,200,,200,,,,200,,,2982,83000,2982,83000,0,,,,,,1,"Sun dried the pond bottom and ploughed, added bleach",,,,,,,,,Yes,03/25/2026 05:38
ara2_29c9448f,Eluru,02/09/2026,No,Treatment,Stocking,Chaitanya,Verbal communication,,,Breed-out,6250,,"Rohu (Labeo rohita), Catla (Catla catla)",9:1,400,7500,100,,100,,,,,,,6250,50000,6250,50000,0,,,,,,0,,,,,,,,,,Yes,03/17/2026 09:28
ara2_807df397,Eluru,02/09/2026,No,Treatment,Stocking,Chaitanya,Verbal communication,,,Breed-out,11111,,"Rohu (Labeo rohita), Catla (Catla catla)",9:1,100,30000,20,,20,,,,,,,11111,200000,11111,200000,0,,,,,,0,,,,,,,,,,Yes,02/19/2026 06:26
ara2_c4b7f174,Eluru,02/09/2026,No,Control,Harvest,Chaitanya,Verbal communication,,,Grow-out,0,,"Rohu (Labeo rohita), Catla (Catla catla)",,,,1200,,1200,,,,,,,,,,,,,,,,,,,Planned harvest,118000,,0,,0,,,Yes,02/19/2026 05:55
ara2_55de7689,Eluru,02/08/2026,No,Treatment,Stocking,Chaitanya,Verbal communication,,,Grow-out,2979,,"Rohu (Labeo rohita), Catla (Catla catla)",9:1,1000,3000,250,,250,,,,,,,2979,70000,2979,70000,0,,,,,,0,,,,,,,,,,Yes,02/19/2026 05:51
ara2_3f9ee6c3,Nellore,02/06/2026,No,Treatment,Stocking,Chaitanya,Verbal communication,,,Grow-out,2975,,"Roopchand, Rohu (Labeo rohita), Catla (Catla catla)",9:0.75:0.25,1000,3000,200,,200,,,,200,,,2975,10500,2975,10500,0,,,,,,1,Sun dried the pond bottom and added bleach,,,,,,,,,Yes,03/25/2026 05:23
ara2_733d0028,Eluru,02/06/2026,No,Treatment,Harvest,Chaitanya,Verbal communication,,,Breed-out,0,,"Rohu (Labeo rohita), Catla (Catla catla)",,,,200,,200,,,,,,,,,,,,,,,,,,,Planned harvest,,,0,,1,Sun dry the pond bottom and remove sludge,76000 fishes were transferred to grow out pond ara2_95c4b2c4,Yes,02/19/2026 07:48
ara2_95c4b2c4,Eluru,02/06/2026,No,Control,Stocking,Chaitanya,Verbal communication,,,Grow-out,2815,,"Rohu (Labeo rohita), Catla (Catla catla)",9:1,1000,3000,257,350,250,,,,,,,2815,76000,2815,76000,0,,,,,,0,,,,,,,,,,Yes,02/09/2026 06:47
ara2_b001208b,Eluru,02/05/2026,No,Treatment,Stocking,Chaitanya,Verbal communication,,,Breed-out,5000,,"Rohu (Labeo rohita), Catla (Catla catla)",9:1,250,12000,50,,50,,,,,,,5000,50000,5000,50000,0,,,,,,0,,,,,,,,,,Yes,02/19/2026 07:51
ara2_eb49c98d,Eluru,02/05/2026,No,Treatment,Harvest,Chaitanya,Verbal communication,,,Rearing,0,,"Rohu (Labeo rohita), Catla (Catla catla)",,,,100,,100,,,,,,,,,,,,,,,,,,,Planned harvest,,,0,,0,,Fishes were transferred to their own breed out ponds,Yes,02/19/2026 06:28
ara2_3a8fffae,Eluru,02/04/2026,No,Treatment,Stocking,Chaitanya,Verbal communication,,,Grow-out,2028,,"Rohu (Labeo rohita), Catla (Catla catla)",9:1,1200,2500,400,,400,,,,,,,2028,43000,2028,43000,0,,,,,,0,,,,,,,,,,Yes,03/11/2026 05:19
ara2_29c9448f,Eluru,02/04/2026,No,Treatment,Harvest,Chaitanya,Verbal communication,,,Breed-out,0,,"Rohu (Labeo rohita), Catla (Catla catla)",,,,400,,400,,,,,,,,,,,,,,,,,,,Planned harvest,,,,,1,Sun dry the pond bottom and remove sludge,,Yes,02/09/2026 07:19
ara2_2e53f20a,Eluru,02/04/2026,No,Treatment,Stocking,Chaitanya,Verbal communication,,,Grow-out,2192,,"Rohu (Labeo rohita), Catla (Catla catla)",9:1,1200,2500,405,500,400,,,,,,,2192,80000,2192,80000,0,,,,,,0,,,,,,,,,,Yes,02/09/2026 06:42
ara2_6ea8e528,Nellore,02/03/2026,No,Treatment,Stocking,Chaitanya,Verbal communication,,,Grow-out,2857,,"Rohu (Labeo rohita), Roopchand",9:1,1000,3000,100,,100,,,,100,,,2857,9000,2857,9000,0,,,,,,1,"Sun dried the pond bottom and ploughed, added bleach",,,,,,,,,Yes,03/25/2026 05:11
ara2_6bbd0878,Nellore,02/03/2026,No,Treatment,Harvest,Chaitanya,Verbal communication,,,Grow-out,0,,"Rohu (Labeo rohita), Catla (Catla catla)",,,,950,,950,,,,,,,,,,,,,,,,,,,Planned harvest,1320,,0,,0,,,Yes,03/24/2026 12:01
ara2_b0010581,Nellore,02/02/2026,No,Treatment,Stocking,Chaitanya,Verbal communication,,,Rearing,14327,,Rohu (Labeo rohita),10,50,,10,,10,,,,,,,14327,50000,14327,50000,0,,,,,,1,Sun dried the pond bottom and added bleach,,,,,,,,,Yes,03/25/2026 04:55
ara2_2538f5a6,Eluru,02/01/2026,No,Treatment,Stocking,Chaitanya,Verbal communication,,,Rearing,71875,,"Rohu (Labeo rohita), Catla (Catla catla)",9:1,50,,10,,10,,,,,,,71875,230000,71875,230000,0,,,,,,0,,,,,,,,,,Yes,03/17/2026 07:53
ara2_586ab2f7,Eluru,02/01/2026,No,Treatment,Stocking,Chaitanya,Verbal communication,,,Rearing,57143,,"Rohu (Labeo rohita), Catla (Catla catla)",9:1,50,60000,10,,10,,,,,,,57143,200000,57143,200000,0,,,,,,0,,,,,,,,,,Yes,02/20/2026 06:05
ara2_55de7689,Eluru,01/31/2026,No,Treatment,Harvest,Chaitanya,Verbal communication,,,Grow-out,0,,"Rohu (Labeo rohita), Catla (Catla catla)",,,,1300,,1300,,,,,,,,,,,,,,,,,,,Planned harvest,52000,,0,,0,,,Yes,02/19/2026 05:48
ara2_95c4b2c4,Eluru,01/30/2026,No,Control,Harvest,Chaitanya,Verbal communication,,,Grow-out,0,,"Rohu (Labeo rohita), Catla (Catla catla)",,,,1200,,1200,,,,,,,,,,,,,,,,,,,Planned harvest,100000,,0,,0,,,Yes,02/09/2026 06:44
ara2_88abf248,Nellore,01/29/2026,No,Treatment,Stocking,Chaitanya,Verbal communication,,,Grow-out,2973,,"Rohu (Labeo rohita), Catla (Catla catla)",9:1,1000,3000,300,,300,,,,,,,2973,16500,2973,16500,0,,,,,,1,Sun dried the pond bottom and ploughed,,,,,,,,,Yes,03/25/2026 05:06
ara2_0c7bd285,Nellore,01/28/2026,No,Treatment,Harvest,Chaitanya,Verbal communication,,,Grow-out,0,,"Rohu (Labeo rohita), Catla (Catla catla)",,,,980,,980,,,,,,,,,,,,,,,,,,,Planned harvest,3920,,0,,1,Sun dry the pond bottom and remove sludge,,Yes,03/24/2026 12:04
ara2_807df397,Eluru,01/28/2026,No,Treatment,Harvest,Chaitanya,Verbal communication,,,Breed-out,0,,"Rohu (Labeo rohita), Catla (Catla catla)",,,,125,,125,,,,,,,,,,,,,,,,,,,Planned harvest,,,0,,0,,,Yes,02/19/2026 06:18
ara2_05de0e1a,Eluru,01/28/2026,No,Treatment,Harvest,Chaitanya,Verbal communication,,,Rearing,0,,"Rohu (Labeo rohita), Catla (Catla catla)",,,,100,,100,,,,,,,,,,,,,,,,,,,Planned harvest,,,0,,0,,,Yes,02/19/2026 06:04
ara2_84b6fb93,Eluru,01/28/2026,No,Treatment,Harvest,Chaitanya,Verbal communication,,,Grow-out,0,,"Rohu (Labeo rohita), Catla (Catla catla)",,,,1400,,1400,,,,,,,,,,,,,,,,,,,Planned harvest,28000,,0,,0,,,Yes,02/19/2026 05:53
ara2_32bcd752,Eluru,01/27/2026,No,Treatment,Harvest,Chaitanya,Verbal communication,,,Rearing,0,,"Rohu (Labeo rohita), Catla (Catla catla)",,,,100,,100,,,,,,,,,,,,,,,,,,,Planned harvest,,,0,,0,,Fishes were transferred to their own breed out ponds,Yes,02/19/2026 06:13
ara2_6ca69422,Eluru,01/27/2026,No,Treatment,Stocking,Chaitanya,Verbal communication,,,Grow-out,2717,,"Rohu (Labeo rohita), Catla (Catla catla)",9:1,1000,3000,250,,250,,,,,,,2717,25000,2717,25000,0,,,,,,0,,,,,,,,,,Yes,02/05/2026 05:23
ara2_3dc6f12e,Eluru,01/26/2026,No,Treatment,Stocking,Chaitanya,Verbal communication,,,Grow-out,1843,,"Rohu (Labeo rohita), Catla (Catla catla)",9:1,1500,2000,250,,250,,,,,,,1843,94000,1843,94000,0,,,,,,0,,,,,,,,,,Yes,03/17/2026 06:52
ara2_bdf1f578,Eluru,01/25/2026,No,Treatment,Harvest,Chaitanya,Verbal communication,,,Grow-out,0,,"Rohu (Labeo rohita), Catla (Catla catla)",,,,1100,,1100,,,,,,,,,,,,,,,,,,,Planned harvest,70000,,0,,0,,,Yes,02/19/2026 05:58
ara2_368849b6,Eluru,01/25/2026,No,Control,Stocking,Chaitanya,Verbal communication,,,Grow-out,2209,,"Rohu (Labeo rohita), Catla (Catla catla)",9:1,1200,2500,300,,300,,,,,,,2209,110000,2209,110000,0,,,,,,0,,,,,,,,,,Yes,02/09/2026 06:36
ara2_2538f5a6,Eluru,01/24/2026,No,Treatment,Harvest,Chaitanya,Verbal communication,,,Rearing,0,,"Rohu (Labeo rohita), Catla (Catla catla)",,,,50,,50,,,,,,,,,,,,,,,,,,,Planned harvest,,,,,0,,200000 fishes were transferred to their breed out ponds,Yes,03/17/2026 07:49
ara2_2b34e28c,Eluru,01/24/2026,No,Control,Stocking,Chaitanya,Verbal communication,,,Breed-out,3111,,"Catla (Catla catla), Rohu (Labeo rohita)",9:1,250,12000,50,,50,,,,,,,3111,70000,3111,70000,0,,,,,,0,,,,,,,,,,Yes,02/09/2026 07:37
ara2_6ca69422,Eluru,01/23/2026,No,Treatment,Harvest,Chaitanya,Verbal communication,,,Grow-out,0,,"Rohu (Labeo rohita), Catla (Catla catla)",,,,1300,,1300,,,,,,,,,,,,,,,,,,,Planned harvest,32000,,0,,0,,,Yes,02/05/2026 05:21
ara2_2bd14b5a,Eluru,01/21/2026,Yes,,Stocking,Chaitanya,,,,Grow-out,1852,0,"Rohu (Labeo rohita), Catla (Catla catla)",9:1,1500,2000,,,350,,,,,,,,,,,,,,,,,,,,,,,,,,,,04/27/2026 06:18
ara2_94eeabd8,Eluru,01/20/2026,No,Control,Stocking,Chaitanya,Verbal communication,,,Grow-out,2130,,Rohu (Labeo rohita),9:1,1200,2500,350,,350,,,,,,,2130,95000,2130,95000,0,,,,,,,,,,,,,,,,Yes,04/01/2026 05:32
ara2_586ab2f7,Eluru,01/20/2026,No,Treatment,Harvest,Chaitanya,Verbal communication,,,Rearing,0,,"Rohu (Labeo rohita), Catla (Catla catla)",,,,80,,80,,,,,,,,,,,,,,,,,,,Planned harvest,,,,,0,,Fishes were transferred to their own breedout ponds,Yes,02/20/2026 05:55
ara2_c11a88c9,Eluru,01/20/2026,No,Control,Stocking,Chaitanya,Verbal communication,,,Grow-out,2230,,"Rohu (Labeo rohita), Catla (Catla catla)",9:1,1200,2500,206,300,200,,,,,,,2230,64000,2230,64000,0,,,,,,0,,,,,,,,,,Yes,02/09/2026 07:30
ara2_7dc637c3,Eluru,01/20/2026,No,Treatment,Stocking,Chaitanya,Verbal communication,,,Grow-out,2324,,"Rohu (Labeo rohita), Catla (Catla catla)",9:1,1200,2500,206,300,200,,,,,,,2324,43000,2324,43000,0,,,,,,0,,,,,,,,,,Yes,02/09/2026 07:23
ara2_ca187575,Eluru,01/16/2026,No,Treatment,Partial harvest,Chaitanya,Verbal communication,,,Breed-out,2907,,"Rohu (Labeo rohita), Catla (Catla catla)",,,,250,,250,,,,,,,,,,,,,,,,,,,Planned harvest,,,50000,,0,,50000 fishes were transferred to their own grow out pond.,Yes,03/17/2026 06:42
ara2_b0a5ed5f,Eluru,01/16/2026,No,Control,Stocking,Chaitanya,Verbal communication,,,Grow-out,2559,,"Rohu (Labeo rohita), Catla (Catla catla)",9:1,1000,3000,250,,250,,,,,,,2559,120000,2559,120000,0,,,,,,0,,,,,,,,,,Yes,03/17/2026 06:38
ara2_2e53f20a,Eluru,01/15/2026,No,Treatment,Harvest,Chaitanya,Verbal communication,,,Grow-out,0,,"Rohu (Labeo rohita), Catla (Catla catla)",,,,1200,,1200,,,,,,,,,,,,,,,,,,,Planned harvest,70000,,0,,0,,,Yes,02/09/2026 06:39
ara2_2b34e28c,Eluru,01/14/2026,No,Control,Harvest,Chaitanya,Verbal communication,,,Grow-out,0,,"Rohu (Labeo rohita), Catla (Catla catla)",,,,1000,,1000,,,,,,,,,,,,,,,,,,,Planned harvest,55000,,0,,0,,,Yes,02/09/2026 07:34
ara2_7129732d,Eluru,01/13/2026,No,Treatment,Stocking,Chaitanya,Verbal communication,,,Grow-out,1979,,"Rohu (Labeo rohita), Catla (Catla catla)",9:1,1500,2000,250,,250,,,,,,,1979,95000,1979,95000,0,,,,,,0,,,,,,,,,,Yes,03/17/2026 07:42
ara2_2e8fd6a2,Eluru,01/12/2026,No,Treatment,Harvest,Chaitanya,Verbal communication,,,Breed-out,0,,"Rohu (Labeo rohita), Catla (Catla catla)",,,,400,400,400,,,,,,,,,,,,,,,,,,,Planned harvest,,,0,,,,70000 fishes were sold to grow out farmers,Yes,04/25/2026 04:39
ara2_c3a6ea5e,Eluru,01/12/2026,No,Treatment,Stocking,Chaitanya,Verbal communication,,,Grow-out,1579,,"Rohu (Labeo rohita), Catla (Catla catla)",9:1,1200,2500,250,,250,,,,,,,1579,60000,1579,60000,0,,,,,,0,,,,,,,,,,Yes,02/20/2026 05:44
ara2_c11a88c9,Eluru,01/12/2026,No,Control,Harvest,Chaitanya,Verbal communication,,,Grow-out,0,,"Rohu (Labeo rohita), Catla (Catla catla)",,,,1700,,1700,,,,,,,,,,,,,,,,,,,Planned harvest,90000,,0,,0,,,Yes,02/09/2026 07:25
ara2_b0a5ed5f,Eluru,01/10/2026,No,Control,Harvest,Chaitanya,Verbal communication,,,Grow-out,0,,"Rohu (Labeo rohita), Catla (Catla catla)",,,,1600,,1600,,,,,,,,,,,,,,,,,,,Planned harvest,180000,,,,0,,,Yes,03/17/2026 06:34
ara2_f5c44392,Eluru,01/10/2026,No,Control,Stocking,Chaitanya,Verbal communication,,,Grow-out,2966,,"Rohu (Labeo rohita), Catla (Catla catla)",9:1,1000,3000,500,,500,,,,,,,2966,35000,2966,35000,0,,,,,,0,,,,,,,,,,Yes,02/05/2026 05:26
ara2_858b914c,Eluru,01/06/2026,No,Treatment,Partial harvest,Chaitanya,Verbal communication,,,Rearing,20000,,"Rohu (Labeo rohita), Catla (Catla catla)",,,,80,,80,,,,,,,,,,,,,,,,,,,Planned harvest,,,140000,,0,,175000 fishes were transferred to their own grow out ponds and 300000 fishes were sold to other farmers.,Yes,01/30/2026 06:25
ara2_3b2f3973,Eluru,01/06/2026,No,Treatment,Stocking,Chaitanya,Verbal communication,,,Breed-out,6667,,"Rohu (Labeo rohita), Catla (Catla catla)",9:1,250,12000,50,,50,,,,,,,6667,130000,6667,130000,0,,,,,,0,,,,,,,,,,Yes,01/30/2026 06:17
ara2_f7a5fc38,Eluru,01/05/2026,Yes,,Stocking,Chaitanya,,,,Breed-out,7865,,"Rohu (Labeo rohita), Catla (Catla catla)",9:1,300,10000,,150,150,,,,,,,,,7865,,,,,,,,,,,,,,,,,,,04/27/2026 06:30
ara2_94eeabd8,Eluru,01/05/2026,No,Control,Harvest,Chaitanya,Verbal communication,,,Grow-out,0,,Rohu (Labeo rohita),,,,1400,,1400,,,,,,,,,,,,,,,,,,,Planned harvest,130000,,,,,,,Yes,04/01/2026 05:25
ara2_b001208b,Eluru,01/05/2026,No,Treatment,Harvest,Chaitanya,Verbal communication,,,Breed-out,0,,"Rohu (Labeo rohita), Catla (Catla catla)",,,,300,,300,,,,,,,,,,,,,,,,,,,Planned harvest,,,0,,0,,,Yes,01/30/2026 06:29
ara2_dfe79bad,Nellore,01/05/2026,No,Treatment,Harvest,Chaitanya,Verbal communication,,,Grow-out,0,,"Rohu (Labeo rohita), Catla (Catla catla)",,,,550,,550,,,,,,,,,,,,,,,,,,,Planned harvest,3025,,0,,0,,,Yes,01/23/2026 07:35
ara2_cde272ed,Eluru,01/04/2026,Yes,,Stocking,Chaitanya,,,,Breed-out,7194,0,"Rohu (Labeo rohita), Catla (Catla catla)",9:1,300,10000,,20,20,,,,,,,,,7194,,,,,,,,,,,,,,,,,,,04/27/2026 06:33
ara2_122dd1c9,Nellore,01/04/2026,No,Treatment,Harvest,Chaitanya,Verbal communication,,,Grow-out,0,,"Rohu (Labeo rohita), Catla (Catla catla)",,,,1200,,1200,,,,,,,,,,,,,,,,,,,Planned harvest,22800,,0,,1,Sun dry the pond bottom and removed debris,,Yes,01/23/2026 07:30
ara2_c3a6ea5e,Eluru,01/03/2026,No,Treatment,Harvest,Chaitanya,Verbal communication,,,Grow-out,0,,"Rohu (Labeo rohita), Catla (Catla catla)",,,,1000,,1000,,,,,,,,,,,,,,,,,,,Planned harvest,65000,,0,,0,,Farmer said there few mortalities during the cycle.,Yes,02/20/2026 05:41
ara2_71e2b7b9,Eluru,01/02/2026,Yes,,Stocking,Chaitanya,,,,Grow-out,2174,0,"Rohu (Labeo rohita), Catla (Catla catla)",9:1,1200,2500,,300,300,,,,,,,,,2174,,,,,,,,,,,,,,,,,,,04/27/2026 06:27
ara2_148f1633,Eluru,01/02/2026,No,Treatment,Stocking,Chaitanya,Verbal communication,,,Breed-out,4190,,"Rohu (Labeo rohita), Catla (Catla catla)",9:1,300,10000,100,,100,,,,,,,4190,44000,4190,44000,0,,,,,,0,,,,,,,,,"Emptied the pond water, given tilapia poison and added fresh water.",Yes,01/30/2026 06:15
ara2_368849b6,Eluru,12/31/2025,No,Control,Harvest,Chaitanya,Verbal communication,,,Grow-out,0.0,,"Rohu (Labeo rohita), Catla (Catla catla)",,,,1600.0,,,,,,,,,,,,,,,,,,,,,Planned harvest,200000,,0,,0,,,Yes,01/06/2026 05:41
ara2_933dba73,Nellore,12/30/2025,No,Treatment,Stocking,Chaitanya,Verbal communication,,,Grow-out,2907.0,,"Rohu (Labeo rohita), Catla (Catla catla)",9:1,1000.0,3000.0,250.0,,,,,,,,,2907,10000.0,2907.0,10000.0,0.0,,,,,,1,Sun dry the pond bottom and removed debris,,,,,,,,,Yes,01/23/2026 07:38
ara2_3eab831e,Eluru,12/26/2025,No,Treatment,Partial stocking,Chaitanya,Verbal communication,,,Breed-out,5941.0,,"Rohu (Labeo rohita), Catla (Catla catla)",9:1,250.0,12000.0,50.0,,,,,,,,,5941,60000.0,5941.0,60000.0,0.0,,,,,,0,,,,,,,,,,Yes,01/06/2026 05:56
ara2_3b2f3973,Eluru,12/24/2025,No,Treatment,Harvest,Chaitanya,Verbal communication,,,Breed-out,0.0,,"Rohu (Labeo rohita), Catla (Catla catla)",,,,300.0,,,,,,,,,,,,,,,,,,,,,Planned sale,,,0,,0,,,Yes,01/06/2026 05:58
ara2_f5e499f4,Eluru,12/24/2025,No,Treatment,Stocking,Chaitanya,Verbal communication,,,Breed-out,16000.0,,"Rohu (Labeo rohita), Catla (Catla catla)",9:1,250.0,12000.0,4.0,,,,,,,,,16000,80000.0,16000.0,80000.0,0.0,,,,,,0,,,,,,,,,As the farmer stocked very small fishes @4 grams each he is expecting a lot of mortalities and considers the final numbers fall within our range.,Yes,01/06/2026 05:38
ara2_0b1b03bb,Eluru,12/20/2025,No,Treatment,Partial stocking,Chaitanya,Verbal communication,,,Breed-out,13931.0,,"Rohu (Labeo rohita), Catla (Catla catla)",9:1,150.0,20000.0,20.0,,,,,,,,,13931,241000.0,13931.0,241000.0,0.0,,,,,,0,,,,,,,,,Farmer has 20 grams fishes and plans to do partial harvests for his other grow out ponds,Yes,01/06/2026 06:34
ara2_646bdcdb,Eluru,12/20/2025,No,Treatment,Partial harvest,Chaitanya,Verbal communication,,,Rearing,31579.0,,"Rohu (Labeo rohita), Catla (Catla catla)",,,,20.0,,,,,,,,,,,,,,,,,,,,,Planned harvest,,,150000,,0,,150000 fishes were transferred to their own breed out ponds,Yes,01/06/2026 06:21
ara2_f5e499f4,Eluru,12/20/2025,No,Treatment,Harvest,Chaitanya,Verbal communication,,,Breed-out,0.0,,"Rohu (Labeo rohita), Catla (Catla catla)",,,,254.0,,,,,,,,,,,,,,,,,,,,,Planned harvest,,,60000,,0,,60000 fishes were transferred to their own grow out pond.,Yes,01/06/2026 05:32
ara2_970ce848,Eluru,12/20/2025,No,Control,Stocking,Chaitanya,Verbal communication,,,Grow-out,2773.0,,"Rohu (Labeo rohita), Catla (Catla catla)",9:1,1000.0,3000.0,254.0,,,,,,,,,2773,60000.0,2773.0,60000.0,0.0,,,,,,0,,,,,,,,,,Yes,01/06/2026 05:30
ara2_3f9ee6c3,Nellore,12/16/2025,No,Treatment,Harvest,Chaitanya,Verbal communication,,,Grow-out,0.0,,"Rohu (Labeo rohita), Catla (Catla catla)",,,,940.0,,,,,,,,,,,,,,,,,,,,,Planned harvest,9450,,0,,1,Sun dry the pond bottom and removed debris,,Yes,01/23/2026 07:27
ara2_27b80a16,Eluru,12/16/2025,No,Control,Stocking,Chaitanya,Verbal communication,,,Grow-out,2635.0,,"Rohu (Labeo rohita), Catla (Catla catla)",9:1,1000.0,3000.0,253.0,,,,,,,,,2635,39000.0,2635.0,39000.0,0.0,,,,,,0,,,,,,,,,,Yes,12/20/2025 07:08
ara2_0b1b03bb,Eluru,12/16/2025,No,Treatment,Partial harvest,Chaitanya,Verbal communication,,,Breed-out,5260.0,,"Rohu (Labeo rohita), Catla (Catla catla)",,,,250.0,,,,,,,,,,,,,,,,,,,,,Planned harvest,,,91000,,0,,39000 fishes were transferred to their own grow out pond,Yes,12/20/2025 06:40
ara2_1d54882b,Nellore,12/15/2025,No,Treatment,Harvest,Chaitanya,Verbal communication,,,Grow-out,0.0,,Roopchand,,,,820.0,,,,,,,,,,,,,,,,,,,,,Planned harvest,7000,,0,,0,,,Yes,01/23/2026 07:24
ara2_970ce848,Eluru,12/15/2025,No,Control,Harvest,Chaitanya,Verbal communication,,,Breed-out,0.0,,"Rohu (Labeo rohita), Catla (Catla catla)",,,,1000.0,,,,,,,,,,,,,,,,,,,,,Planned harvest,88000,,0,,0,,"During stocking farmer said he will do a partial harvest, so Praveen planned to consider this pond as a breed out till partial harvest and then convert it to a grow out. But the farmer hasn't done any partial harvest and continued as grow out till the end of the cycle.",Yes,01/06/2026 05:23
ara2_9103673b,Eluru,12/14/2025,No,Treatment,Stocking,Chaitanya,Verbal communication,,,Breed-out,11818.0,,"Rohu (Labeo rohita), Catla (Catla catla)",9:1,200.0,15000.0,40.0,,,,,,,,,11818,13000.0,11818.0,13000.0,0.0,,,,,,0,,,,,,,,,,Yes,12/20/2025 10:43
ara2_1fcb01f6,Eluru,12/14/2025,No,Treatment,Stocking,Chaitanya,Verbal communication,,,Breed-out,14286.0,,"Rohu (Labeo rohita), Catla (Catla catla)",9:1,200.0,15000.0,40.0,,,,,,,,,14286,60000.0,14286.0,60000.0,0.0,,,,,,0,,,,,,,,,,Yes,12/20/2025 10:39
ara2_cb98926f,Eluru,12/14/2025,No,Treatment,Stocking,Chaitanya,Verbal communication,,,Rearing,71429.0,,"Rohu (Labeo rohita), Catla (Catla catla)",9:1,50.0,100000.0,10.0,,,,,,,,,71429,200000.0,71429.0,200000.0,0.0,,,,,,1,"Sun dry the pond bottom, removed sludge and strengthened the dykes",,,,,,,,,Yes,12/20/2025 07:13
ara2_27f8f56a,Eluru,12/14/2025,No,Control,Stocking,Chaitanya,Verbal communication,,,Grow-out,2268.0,,"Rohu (Labeo rohita), Catla (Catla catla)",9:1,1200.0,2500.0,300.0,,,,,,,,,2268,100000.0,2268.0,100000.0,0.0,,,,,,0,,,,,,,,,,Yes,12/19/2025 08:48
ara2_6452000e,Eluru,12/13/2025,No,Treatment,Partial harvest,Chaitanya,Verbal communication,,,Nursery,19333.0,,"Rohu (Labeo rohita), Catla (Catla catla)",,,,40.0,,,,,,,,,,,,,,,,,,,,,Planned harvest,,,29000,,0,,121000 fishes were transferred to their breed out ponds,Yes,12/20/2025 07:27
ara2_32b91757,Eluru,12/13/2025,No,Treatment,Stocking,Chaitanya,Verbal communication,,,Breed-out,15068.0,,"Rohu (Labeo rohita), Catla (Catla catla)",9:1,200.0,15000.0,40.0,,,,,,,,,15068,55000.0,15068.0,55000.0,0.0,,,,,,0,,,,,,,,,,Yes,12/20/2025 07:21
ara2_3ed4df8e,Eluru,12/13/2025,No,Treatment,Stocking,Chaitanya,Verbal communication,,,Grow-out,2927.0,,"Rohu (Labeo rohita), Catla (Catla catla)",9:1,1000.0,3000.0,350.0,,,,,,,,,2927,44000.0,2927.0,44000.0,0.0,,,,,,0,,,,,,,,,,Yes,12/19/2025 09:21
ara2_237abe57,Nellore,12/12/2025,No,Treatment,Harvest,Chaitanya,Verbal communication,,,Grow-out,0.0,,"Rohu (Labeo rohita), Catla (Catla catla)",,,,700.0,,,,,,,,,,,,,,,,,,,,,Planned harvest,1695,,0,,0,,,Yes,01/23/2026 07:26
ara2_c2394795,Eluru,12/12/2025,No,Treatment,Stocking,Chaitanya,Verbal communication,,,Breed-out,10476.0,,"Rohu (Labeo rohita), Catla (Catla catla)",9:1,200.0,15000.0,50.0,,,,,,,,,10476,66000.0,10476.0,66000.0,0.0,,,,,,0,,,,,,,,,,Yes,12/20/2025 07:24
ara2_45e1cde5,Eluru,12/12/2025,No,Treatment,Stocking,Chaitanya,Verbal communication,,,Grow-out,2052.0,,"Rohu (Labeo rohita), Catla (Catla catla)",9:1,1200.0,2500.0,157.0,,,,,,,,,2052,59500.0,2052.0,59500.0,0.0,,,,,,0,,,,,,,,,,Yes,12/20/2025 06:53
ara2_8190e6ec,Eluru,12/12/2025,No,Treatment,Harvest,Chaitanya,Verbal communication,,,Rearing,0.0,,"Rohu (Labeo rohita), Catla (Catla catla)",,,,200.0,,,,,,,,,,,,,,,,,,,,,Planned harvest,,,0,,0,,180000 fishes were transferred to their own grow out pond,Yes,12/20/2025 06:37
ara2_d8f6a2aa,Eluru,12/12/2025,No,Treatment,Stocking,Chaitanya,Verbal communication,,,Grow-out,2963.0,,"Rohu (Labeo rohita), Catla (Catla catla)",9:1,1000.0,3000.0,206.0,,,,,,,,,2963,80000.0,2963.0,80000.0,0.0,,,,,,0,,,,,,,,,,Yes,12/20/2025 06:33
ara2_574a8c09,Eluru,12/12/2025,No,Control,Stocking,Chaitanya,Verbal communication,,,Grow-out,2516.0,,"Rohu (Labeo rohita), Catla (Catla catla)",9:1,1000.0,3000.0,259.0,,,,,,,,,2516,81000.0,2516.0,81000.0,0.0,,,,,,0,,,,,,,,,,Yes,12/19/2025 12:07
ara2_d54330d5,Eluru,12/11/2025,No,Treatment,Stocking,Chaitanya,Verbal communication,,,Breed-out,13208.0,,"Rohu (Labeo rohita), Catla (Catla catla)",9:1,200.0,15000.0,60.0,,,,,,,,,13208,70000.0,13208.0,70000.0,0.0,,,,,,0,,,,,,,,,,Yes,12/20/2025 10:47
ara2_ee15e2a0,Nellore,12/10/2025,No,Treatment,Harvest,Chaitanya,Verbal communication,,,Grow-out,0.0,,"Catla (Catla catla), Rohu (Labeo rohita)",,,,960.0,,,,,,,,,,,,,,,,,,,,,Planned harvest,12490,,0,,1,Sun dried the pond bottom and removed debris,,Yes,01/23/2026 07:17
ara2_71f6e8db,Eluru,12/10/2025,No,Treatment,Harvest,Chaitanya,Verbal communication,,,Breed-out,0.0,,"Rohu (Labeo rohita), Catla (Catla catla)",,,,200.0,,,,,,,,,,,,,,,,,,,,,Planned harvest,,,0,,0,,20000 fishes were sold to grow out farmers.,Yes,12/20/2025 06:43
ara2_7e358ea4,Nellore,12/06/2025,No,Treatment,Harvest,Chaitanya,Verbal communication,,,Grow-out,0.0,,"Rohu (Labeo rohita), Catla (Catla catla)",,,,980.0,,,,,,,,,,,,,,,,,,,,,Planned harvest,13720,,0,,1,Sun dried the pond bottom and added bleach,,Yes,12/13/2025 06:11
ara2_bddfa227,Nellore,12/05/2025,No,Treatment,Stocking,Chaitanya,Verbal communication,,,Grow-out,2386.0,,"Rohu (Labeo rohita), Catla (Catla catla)",9:1,1000.0,3000.0,100.0,,,,,,,,,2386,2100.0,2386.0,2100.0,0.0,,,,,,0,,,,,,,,,,Yes,12/13/2025 10:42
ara2_7a6ae57c,Eluru,12/04/2025,No,Treatment,Harvest,Chaitanya,Verbal communication,,,Grow-out,0.0,,"Rohu (Labeo rohita), Catla (Catla catla)",,,,1300.0,,,,,,,,,,,,,,,,,,,,,Planned harvest,105000,,0,,1,"Sun dry the pond bottom, remove sludge and strengthen the dykes",,Yes,12/20/2025 07:15
ara2_27b80a16,Eluru,12/03/2025,No,Control,Harvest,Chaitanya,Verbal communication,,,Grow-out,0.0,,"Rohu (Labeo rohita), Catla (Catla catla)",,,,1400.0,,,,,,,,,,,,,,,,,,,,,Planned harvest,55000,,0,,0,,,Yes,12/20/2025 06:55
ara2_d8f6a2aa,Eluru,12/03/2025,No,Treatment,Harvest,Chaitanya,Verbal communication,,,Grow-out,0.0,,"Rohu (Labeo rohita), Catla (Catla catla)",,,,1300.0,,,,,,,,,,,,,,,,,,,,,Planned harvest,90000,,0,,0,,,Yes,12/20/2025 06:29
ara2_3ed4df8e,Eluru,12/02/2025,No,Treatment,Harvest,Chaitanya,Verbal communication,,,Grow-out,0.0,,"Rohu (Labeo rohita), Catla (Catla catla)",,,,1300.0,,,,,,,,,,,,,,,,,,,,,Planned harvest,54000,,0,,0,,,Yes,12/19/2025 08:51
ara2_78cbfd0d,Nellore,12/02/2025,No,Treatment,Harvest,Chaitanya,Verbal communication,,,Grow-out,0.0,,"Rohu (Labeo rohita), Catla (Catla catla)",,,,960.0,,,,,,,,,,,,,,,,,,,,,Planned harvest,4800,,0,,1,Sun dried the pond bottom and added bleach,,Yes,12/13/2025 05:59
ara2_a0d5d74d,Eluru,12/01/2025,No,Treatment,Stocking,Chaitanya,Verbal communication,,,Breed-out,12791.0,,"Rohu (Labeo rohita), Catla (Catla catla)",9:1,300.0,10000.0,60.0,,,,,,,,,12791,55000.0,12791.0,55000.0,0.0,,,,,,0,,,,,,,,,,Yes,12/20/2025 11:20
ara2_148f1633,Eluru,12/01/2025,No,Treatment,Harvest,Chaitanya,Verbal communication,,,Breed-out,0.0,,"Rohu (Labeo rohita), Catla (Catla catla)",,,,250.0,,,,,,,,,,,,,,,,,,,,,Planned harvest,,,0,,1,"Emptied the pond, given tilapia killing medicine and added new water",75000 fishes were sold out to grow out farmers,Yes,12/20/2025 06:47
ara2_c3cfe293,Eluru,12/01/2025,No,Control,Harvest,Chaitanya,Verbal communication,,,Grow-out,0.0,,"Rohu (Labeo rohita), Catla (Catla catla)",,,,900.0,,,,,,,,,,,,,,,,,,,,,,50000,,0,,0,,,Yes,12/08/2025 05:56
ara2_45e1cde5,Eluru,11/30/2025,No,Treatment,Harvest,Chaitanya,Verbal communication,,,Grow-out,0.0,,"Rohu (Labeo rohita), Catla (Catla catla)",,,,1800.0,,,,,,,,,,,,,,,,,,,,,Planned harvest,104000,,0,,0,,,Yes,12/20/2025 06:49
ara2_6ec2f0e5,Eluru,11/30/2025,No,Treatment,Stocking,Chaitanya,Verbal communication,,,Nursery,121359.0,,"Rohu (Labeo rohita), Catla (Catla catla)",9:1,80.0,100000.0,5.0,,,,,,,,,121359,500000.0,121359.0,500000.0,0.0,,,,,,1,Sun dried the pond bottom and removed sludge,,,,,,,,,Yes,12/08/2025 05:40
ara2_27f8f56a,Eluru,11/29/2025,No,Control,Harvest,Chaitanya,Verbal communication,,,Grow-out,0.0,,"Rohu (Labeo rohita), Catla (Catla catla)",,,,1300.0,,,,,,,,,,,,,,,,,,,,,Planned harvest,130000,,0,,0,,,Yes,12/19/2025 08:45
ara2_51ee6ab1,Nellore,11/27/2025,No,Treatment,Stocking,Chaitanya,Verbal communication,,,Grow-out,848.0,,Rohu (Labeo rohita),9:1,1500.0,2000.0,200.0,,,,,,,,,848,1400.0,848.0,1400.0,0.0,,,,,,0,,,,,,,,,,Yes,12/13/2025 10:31
ara2_2a44ce37,Eluru,11/25/2025,No,Treatment,Harvest,Chaitanya,Verbal communication,,,Breed-out,0.0,,"Rohu (Labeo rohita), Catla (Catla catla)",,,,200.0,,,,,,,,,,,,,,,,,,,,,Planned harvest,,,0,,0,,83000 fishes were sold to other grow out farmers,Yes,01/06/2026 06:14
ara2_8a37ac9f,Nellore,11/22/2025,No,Treatment,Harvest,Chaitanya,Verbal communication,,,Grow-out,0.0,,Roopchand,,,,930.0,,,,,,,,,,,,,,,,,,,,,Planned harvest,9300,,0,,1,Sun dried the pond bottom and added bleach,,Yes,12/13/2025 05:49
ara2_d891f276,Eluru,11/22/2025,No,Treatment,Stocking,Chaitanya,Verbal communication,,,Grow-out,2304.0,,"Rohu (Labeo rohita), Catla (Catla catla)",9:1,1200.0,2500.0,263.0,,,,,,,,,2304,44000.0,2304.0,44000.0,0.0,,,,,,1,"Sun dry the pond bottom, removed sludge and strengthen the dykes",,,,,,,,,Yes,12/08/2025 06:04
ara2_0677080b,Eluru,11/22/2025,No,Treatment,Stocking,Chaitanya,Verbal communication,,,Breed-out,11538.0,,"Rohu (Labeo rohita), Catla (Catla catla)",9:1,250.0,12000.0,30.0,,,,,,,,,11538,150000.0,11538.0,150000.0,0.0,,,,,,0,,,,,,,,,,Yes,12/04/2025 04:21
ara2_1b6714d3,Nellore,11/21/2025,No,Treatment,Harvest,Chaitanya,Verbal communication,,,Grow-out,0.0,,"Rohu (Labeo rohita), Catla (Catla catla)",,,,760.0,,,,,,,,,,,,,,,,,,,,,Planned harvest,3800,,0,,1,Sun dried the pond bottom and added bleach,,Yes,12/13/2025 05:53
ara2_3eab831e,Eluru,11/21/2025,No,Treatment,Partial harvest,Chaitanya,Verbal communication,,,Breed-out,990.0,,"Rohu (Labeo rohita), Catla (Catla catla)",,,,200.0,,,,,,,,,,,,,,,,,,,,,Planned harvest,,,10000,,0,,50000 fishes were transferred to other grow-out pond.,Yes,11/26/2025 08:41
ara2_c9cdacda,Eluru,11/20/2025,No,Treatment,Stocking,Chaitanya,Verbal communication,,,Breed-out,6316.0,,"Rohu (Labeo rohita), Catla (Catla catla)",9:1,250.0,12000.0,50.0,,,,,,,,,6316,120000.0,6316.0,120000.0,0.0,,,,,,0,,,,,,,,,,Yes,12/02/2025 05:53
ara2_a0d5d74d,Eluru,11/19/2025,No,Treatment,Harvest,Chaitanya,Verbal communication,,,Breed-out,0.0,,"Rohu (Labeo rohita), Catla (Catla catla)",,,,1100.0,,,,,,,,,,,,,,,,,,,,,Planned harvest,18000,,0,,0,,"As per Sanjay, Praveen missed doing two partial harvests in between
1. 25,000 fishes were harvested @320 grams average weight 8000 kgs 
2. 10,000 fishes were harvested @700 grams average weight 7000 kgs",Yes,12/20/2025 11:17
ara2_cb98926f,Eluru,11/19/2025,No,Treatment,Harvest,Chaitanya,Verbal communication,,,Rearing,0.0,,"Rohu (Labeo rohita), Catla (Catla catla)",,,,150.0,,,,,,,,,,,,,,,,,,,,,Planned harvest,,,0,,1,"Sun dry the pond bottom, remove sludge and strengthen the dykes.","Sold 1,00,000 fishes to breed out farmers",Yes,11/26/2025 08:52
ara2_6ea8e528,Nellore,11/18/2025,No,Treatment,Harvest,Chaitanya,Verbal communication,,,Grow-out,0.0,,"Rohu (Labeo rohita), Catla (Catla catla)",,,,1200.0,,,,,,,,,,,,,,,,,,,,,Planned harvest,8400,,0,,1,Sun dried the pond bottom and added bleach,,Yes,12/13/2025 05:48
ara2_f0f921b2,Eluru,11/18/2025,No,Treatment,Stocking,Chaitanya,Verbal communication,,,Breed-out,5357.0,,"Rohu (Labeo rohita), Catla (Catla catla)",9:1,250.0,12000.0,50.0,,,,,,,,,5357,30000.0,5357.0,30000.0,0.0,,,,,,0,,,,,,,,,,Yes,11/26/2025 08:47
ara2_3a8fffae,Eluru,11/16/2025,No,Treatment,Harvest,Chaitanya,Verbal communication,,,Grow-out,0.0,,"Rohu (Labeo rohita), Catla (Catla catla)",,,,850.0,,,,,,,,,,,,,,,,,,,,,,43000,,0,,0,,,Yes,12/20/2025 11:03
ara2_e7d0223c,Nellore,11/16/2025,No,Treatment,Stocking,Chaitanya,Verbal communication,,,Rearing,23474.0,,"Rohu (Labeo rohita), Catla (Catla catla)",9:1,100.0,30000.0,20.0,,,,,,,,,23474,50000.0,23474.0,50000.0,0.0,,,,,,1,Sun dried the pond bottom and added bleach,,,,,,,,,Yes,12/13/2025 10:15
ara2_bf22ac2f,Nellore,11/16/2025,No,Treatment,Harvest,Chaitanya,Verbal communication,,,Grow-out,0.0,,"Rohu (Labeo rohita), Catla (Catla catla)",,,,1200.0,,,,,,,,,,,,,,,,,,,,,Planned harvest,78000,,0,,0,,,Yes,12/13/2025 05:45
ara2_f4e367af,Nellore,11/15/2025,No,Treatment,Harvest,Chaitanya,Verbal communication,,,Grow-out,0.0,,Roopchand,,,,650.0,,,,,,,,,,,,,,,,,,,,,Planned harvest,2390,,0,,0,,,Yes,12/13/2025 05:52
ara2_10a5f8e4,Eluru,11/14/2025,No,Treatment,Harvest,Chaitanya,Verbal communication,,,Breed-out,0.0,,"Rohu (Labeo rohita), Catla (Catla catla)",,,,300.0,,,,,,,,,,,,,,,,,,,,,,,,0,,0,,10000 fishes were sold to other farmers,Yes,12/20/2025 11:01
ara2_4ce1c3bb,Eluru,11/14/2025,No,Treatment,Harvest,Chaitanya,Verbal communication,,,Breed-out,0.0,,"Rohu (Labeo rohita), Catla (Catla catla)",,,,50.0,,,,,,,,,,,,,,,,,,,,,,,,0,,0,,10000 fishes were sold to other farmers,Yes,12/20/2025 10:59
ara2_933dba73,Nellore,11/13/2025,No,Treatment,Harvest,Chaitanya,Verbal communication,,,Grow-out,0.0,,"Rohu (Labeo rohita), Catla (Catla catla)",,,,970.0,,,,,,,,,,,,,,,,,,,,,Planned harvest,11670,,0,,1,Sun dried the pond bottom and added bleach,,Yes,12/13/2025 05:34
ara2_c2394795,Eluru,11/12/2025,No,Treatment,Harvest,Chaitanya,Verbal communication,,,Breed-out,0.0,,"Rohu (Labeo rohita), Catla (Catla catla)",,,,250.0,,,,,,,,,,,,,,,,,,,,,Planned harvest,,,0,,0,,60000 fishes were sold to grow out farmers,Yes,11/26/2025 09:01
ara2_32b91757,Eluru,11/12/2025,No,Treatment,Harvest,Chaitanya,Verbal communication,,,Breed-out,0.0,,"Rohu (Labeo rohita), Catla (Catla catla)",,,,250.0,,,,,,,,,,,,,,,,,,,,,Planned harvest,,,0,,0,,51000 fishes were sold to grow-out farmers,Yes,11/26/2025 08:59
ara2_163f5bc2,Eluru,11/12/2025,No,Control,Stocking,Chaitanya,Verbal communication,,,Grow-out,2500.0,,"Rohu (Labeo rohita), Catla (Catla catla)",9:1,1200.0,2500.0,260.0,,,,,,,,,2500,55000.0,2500.0,55000.0,0.0,,,,,,0,,,,,,,,,,Yes,11/20/2025 05:16
ara2_00793177,Eluru,11/12/2025,No,Treatment,Stocking,Chaitanya,Verbal communication,,,Grow-out,2398.0,,"Rohu (Labeo rohita), Catla (Catla catla)",9:1,1000.0,3000.0,259.0,,,,,,,,,2398,88000.0,2398.0,88000.0,0.0,,,,,,0,,,,,,,,,,Yes,11/19/2025 05:14
ara2_725e7f3b,Eluru,11/12/2025,No,Treatment,Stocking,Chaitanya,Verbal communication,,,Grow-out,2704.0,,"Rohu (Labeo rohita), Catla (Catla catla)",9:1,1000.0,3000.0,312.0,,,,,,,,,2704,64000.0,2704.0,64000.0,0.0,,,,,,0,,,,,,,,,,Yes,11/17/2025 05:28
ara2_574a8c09,Eluru,11/08/2025,No,Control,Harvest,Chaitanya,Verbal communication,,,Grow-out,0.0,,"Rohu (Labeo rohita), Catla (Catla catla)",,,,1500.0,,,,,,,,,,,,,,,,,,,,,Planned harvest,120000,,0,,0,,,Yes,12/08/2025 05:23
ara2_8ed50b25,Eluru,11/08/2025,No,Treatment,Stocking,Chaitanya,Verbal communication,,,Breed-out,35089.0,,"Rohu (Labeo rohita), Catla (Catla catla)",9:1,250.0,12000.0,50.0,,,,,,,,,35089,40000.0,35089.0,40000.0,0.0,,,,,,0,,,,,,,,,Farmer plans to do many harvests as needed,Yes,12/08/2025 05:13
ara2_fc999d29,Nellore,11/07/2025,No,Treatment,Stocking,Chaitanya,Verbal communication,,,Grow-out,3356.0,,Roopchand,10,800.0,3700.0,50.0,,,,,,,,,3356,5000.0,3356.0,5000.0,0.0,,,,,,1,Sun dried the pond bottom and added bleach,,,,,,,,,Yes,12/13/2025 11:02
ara2_50c225c4,Nellore,11/07/2025,No,Treatment,Stocking,Chaitanya,Verbal communication,,,Grow-out,3521.0,,Roopchand,10,800.0,3700.0,50.0,,,,,,,,,3521,5000.0,3521.0,5000.0,0.0,,,,,,1,Sun dried the pond bottom and added bleach,,,,,,,,,Yes,12/13/2025 10:58
ara2_0d53cd07,Nellore,11/07/2025,No,Treatment,Stocking,Chaitanya,Verbal communication,,,Grow-out,3378.0,,Roopchand,10,800.0,3700.0,100.0,,,,,,,,,3378,7500.0,3378.0,7500.0,0.0,,,,,,0,,,,,,,,,,Yes,12/13/2025 10:51
ara2_8a429bf1,Nellore,11/07/2025,No,Treatment,Harvest,Chaitanya,Verbal communication,,,Grow-out,0.0,,Roopchand,,,,1200.0,,,,,,,,,,,,,,,,,,,,,Planned harvest,58200,,0,,0,,,Yes,12/13/2025 05:38
ara2_f5c44392,Eluru,11/06/2025,No,Control,Harvest,Chaitanya,Verbal communication,,,Grow-out,0.0,,"Rohu (Labeo rohita), Catla (Catla catla)",,,,1200.0,,,,,,,,,,,,,,,,,,,,,Planned harvest,50000,,0,,1,Sun dry the pond bottom and remove sludge,,Yes,11/17/2025 05:59
ara2_ba07d622,Eluru,11/06/2025,No,Treatment,Harvest,Chaitanya,Verbal communication,,,Breed-out,0.0,,"Rohu (Labeo rohita), Catla (Catla catla)",,,,300.0,,,,,,,,,,,,,,,,,,,,,Planned harvest,,,0,,0,,45000 fishes were sold to grow-out farmers,Yes,11/17/2025 05:32
ara2_88abf248,Nellore,11/05/2025,No,Treatment,Harvest,Chaitanya,Verbal communication,,,Grow-out,0.0,,"Rohu (Labeo rohita), Catla (Catla catla)",,,,970.0,,,,,,,,,,,,,,,,,,,,,Planned harvest,17550,,0,,1,Sun dried the pond bottom and added bleach,,Yes,12/13/2025 05:29
ara2_f0f921b2,Eluru,11/05/2025,No,Treatment,Harvest,Chaitanya,Verbal communication,,,Breed-out,0.0,,"Rohu (Labeo rohita), Catla (Catla catla)",,,,200.0,,,,,,,,,,,,,,,,,,,,,Planned harvest,,,0,,0,,50000 fishes were sold to grow-out farmers,Yes,11/26/2025 08:44
ara2_00793177,Eluru,11/05/2025,No,Treatment,Harvest,Chaitanya,Verbal communication,,,Grow-out,0.0,,"Rohu (Labeo rohita), Catla (Catla catla)",,,,1000.0,,,,,,,,,,,,,,,,,,,,,Planned harvest,85000,,0,,0,,,Yes,11/19/2025 05:06
ara2_b0010581,Nellore,11/04/2025,No,Treatment,Harvest,Chaitanya,Verbal communication,,,Rearing,0.0,,"Rohu (Labeo rohita), Catla (Catla catla)",,,,60.0,,,,,,,,,,,,,,,,,,,,,Planned harvest,,,0,,1,Sun dried the pond bottom and added bleach,68000 fishes were sold to grow out farmers,Yes,12/13/2025 05:31
ara2_fea90a74,Eluru,11/04/2025,No,Control,Stocking,Chaitanya,Verbal communication,,,Grow-out,2358.0,,"Rohu (Labeo rohita), Catla (Catla catla)",9:1,1200.0,2500.0,105.0,,,,,,,,,2358,50000.0,2358.0,50000.0,0.0,,,,,,0,,,,,,,,,,Yes,11/07/2025 11:40
ara2_37556c00,Nellore,11/03/2025,No,Treatment,Stocking,Chaitanya,Verbal communication,,,Grow-out,2200.0,,"Rohu (Labeo rohita), Catla (Catla catla)",9:1,1000.0,3000.0,2200.0,,,,,,,,,2200,2200.0,2200.0,2200.0,0.0,,,,,,1,"Sun dried the pond bottom, removed sludge and strengthened the dykes",,,,,,,,,Yes,12/13/2025 10:40
ara2_bbfca80b,Nellore,11/03/2025,No,Treatment,Stocking,Chaitanya,Verbal communication,,,Grow-out,2200.0,,"Rohu (Labeo rohita), Catla (Catla catla)",9:1,1000.0,3000.0,250.0,,,,,,,,,2200,2200.0,2200.0,2200.0,0.0,,,,,,1,"Sun dried the pond bottom, removed sludge and strengthened the dykes",,,,,,,,,Yes,12/13/2025 10:39
ara2_33f93df9,Eluru,11/03/2025,No,Treatment,Harvest,Chaitanya,Verbal communication,,,Grow-out,0.0,,"Rohu (Labeo rohita), Catla (Catla catla)",,,,1100.0,,,,,,,,,,,,,,,,,,,,,Planned harvest,55000,,0,,1,Sun dry the pond bottom,,Yes,11/17/2025 05:44
ara2_83b11f44,Nellore,11/02/2025,No,Treatment,Stocking,Chaitanya,Verbal communication,,,Grow-out,3233.0,,"Rohu (Labeo rohita), Catla (Catla catla)",9:1,800.0,3700.0,150.0,,,,,,,,,3233,7500.0,3233.0,7500.0,0.0,,,,,,1,Sun dried the pond bottom and added bleach,,,,,,,,,Yes,12/13/2025 10:59
ara2_dedca16a,Nellore,11/02/2025,No,Treatment,Harvest,Chaitanya,Verbal communication,,,Grow-out,0.0,,Roopchand,,,,860.0,,,,,,,,,,,,,,,,,,,,,Planned harvest,10320,,0,,1,Sun dried the pond bottom and added bleach,,Yes,12/13/2025 10:02
ara2_725e7f3b,Eluru,11/02/2025,No,Treatment,Harvest,Chaitanya,Verbal communication,,,Grow-out,0.0,,"Rohu (Labeo rohita), Catla (Catla catla)",,,,1055.0,,,,,,,,,,,,,,,,,,,,,Planned harvest,60000,,0,,0,,,Yes,11/17/2025 05:24
ara2_c15dc3a2,Eluru,11/01/2025,No,Control,Stocking,Chaitanya,Verbal communication,,,Grow-out,2281.0,,"Rohu (Labeo rohita), Catla (Catla catla)",9:1,1200.0,2500.0,350.0,,,,,,,,,2281,65000.0,2281.0,65000.0,0.0,,,,,,0,,,,,,,,,,Yes,11/07/2025 11:47
ara2_176528d3,Eluru,10/30/2025,No,Treatment,Stocking,Chaitanya,Verbal communication,,,Grow-out,1733.0,,"Rohu (Labeo rohita), Catla (Catla catla)",9:1,1200.0,2500.0,207.0,,,,,,,,,1733,26000.0,1733.0,26000.0,0.0,,,,,,0,,,,,,,,,,Yes,11/08/2025 05:46
ara2_65a854d9,Nellore,10/29/2025,No,Treatment,Stocking,Chaitanya,Verbal communication,,,Grow-out,3529.0,,"Rohu (Labeo rohita), Catla (Catla catla)",9:1,750.0,4000.0,250.0,,,,,,,,,3529,18000.0,3529.0,18000.0,0.0,,,,,,1,"Sun dried the pond bottom, removed sludge and strengthened the dykes",,,,,,,,,Yes,12/13/2025 10:09
ara2_163f5bc2,Eluru,10/28/2025,No,Control,Harvest,Chaitanya,Verbal communication,,,Grow-out,0.0,,"Rohu (Labeo rohita), Catla (Catla catla)",,,,1200.0,,,,,,,,,,,,,,,,,,,,,Planned harvest,66000,,0,,0,,,Yes,11/20/2025 05:13
ara2_bf024850,Eluru,10/28/2025,No,Control,Harvest,Chaitanya,Verbal communication,,,Grow-out,0.0,,"Rohu (Labeo rohita), Catla (Catla catla)",,,,1100.0,,,,,,,,,,,,,,,,,,,,,Planned harvest,90000,,0,,0,,Pond lease period got end,Yes,11/08/2025 05:21
ara2_3587929e,Nellore,10/27/2025,No,Treatment,Harvest,Chaitanya,Verbal communication,,,Grow-out,0.0,,"Rohu (Labeo rohita), Catla (Catla catla)",,,,850.0,,,,,,,,,,,,,,,,,,,,,Planned harvest,1870,,0,,0,,,Yes,12/13/2025 05:23
ara2_bddfa227,Nellore,10/27/2025,No,Treatment,Harvest,Chaitanya,Verbal communication,,,Grow-out,0.0,,Roopchand,,,,900.0,,,,,,,,,,,,,,,,,,,,,Planned harvest,2250,,0,,0,,,Yes,12/13/2025 05:19
ara2_9d82e6a0,Eluru,10/24/2025,No,Treatment,Stocking,Chaitanya,Verbal communication,,,Grow-out,2226.0,,"Rohu (Labeo rohita), Catla (Catla catla)",9:1,1200.0,2500.0,350.0,,,,,,,,,2226,70000.0,2226.0,70000.0,0.0,,,,,,0,,,,,,,,,,Yes,11/05/2025 06:37
ara2_e985ca4a,Eluru,10/22/2025,No,Treatment,Stocking,Chaitanya,Verbal communication,,,Breed-out,5842.0,,"Rohu (Labeo rohita), Catla (Catla catla)",9:1,300.0,10000.0,40.0,,,,,,,,,5842,43000.0,5842.0,43000.0,0.0,,,,,,0,,,,,,,,,,Yes,11/14/2025 06:43
ara2_fea90a74,Eluru,10/22/2025,No,Control,Harvest,Chaitanya,Verbal communication,,,Grow-out,0.0,,"Rohu (Labeo rohita), Catla (Catla catla)",,,,1300.0,,,,,,,,,,,,,,,,,,,,,Planned harvest,52000,,0,,0,,Many fish mortalities were observed in this pond due to red disease.,Yes,11/07/2025 11:35
ara2_626e23f2,Nellore,10/20/2025,No,Treatment,Harvest,Chaitanya,Verbal communication,,,Rearing,0.0,,"Rohu (Labeo rohita), Catla (Catla catla)",,,,50.0,,,,,,,,,,,,,,,,,,,,,Planned harvest,,,0,,1,Sun dried the pond bottom and removed sludge,34000 fishes were sold to grow out farmers,Yes,12/13/2025 05:14
ara2_50841581,Eluru,10/20/2025,No,Treatment,Stocking,Chaitanya,Verbal communication,,,Breed-out,9000.0,,"Rohu (Labeo rohita), Catla (Catla catla)",9:1,250.0,12000.0,30.0,,,,,,,,,9000,180000.0,9000.0,180000.0,0.0,,,,,,0,,,,,,,,,,Yes,11/26/2025 09:13
ara2_cd998399,Eluru,10/20/2025,No,Treatment,Stocking,Chaitanya,Verbal communication,,,Grow-out,2426.0,,"Rohu (Labeo rohita), Catla (Catla catla)",9:1,1000.0,3000.0,300.0,,,,,,,,,2426,66000.0,2426.0,66000.0,0.0,,,,,,0,,,,,,,,,,Yes,11/14/2025 06:03
ara2_f17bbe2f,Eluru,10/20/2025,No,Treatment,Stocking,Chaitanya,Verbal communication,,,Grow-out,3000.0,,"Rohu (Labeo rohita), Catla (Catla catla)",9:1,1000.0,3000.0,107.0,,,,,,,,,3000,27000.0,3000.0,27000.0,0.0,,,,,,0,,,,,,,,,,Yes,11/08/2025 05:30
ara2_771be42c,Eluru,10/20/2025,No,Treatment,Stocking,Chaitanya,Verbal communication,,,Breed-out,5625.0,,"Rohu (Labeo rohita), Catla (Catla catla)",9:1,350.0,8000.0,50.0,,,,,,,,,5625,45000.0,5625.0,45000.0,0.0,,,,,,0,,,,,,,,,Farmer removed all the old water and added fresh water to the pond.,Yes,11/04/2025 05:50
ara2_e985ca4a,Eluru,10/18/2025,No,Treatment,Harvest,Chaitanya,Verbal communication,,,Breed-out,0.0,,"Rohu (Labeo rohita), Catla (Catla catla)",,,,300.0,,,,,,,,,,,,,,,,,,,,,Planned harvest,,,0,,0,,44000 (40000 Rohu and 4000 Catla) were transferred to their own grow-out pond ara2_31afc592,Yes,11/14/2025 06:39
ara2_31afc592,Eluru,10/18/2025,No,Control,Stocking,Chaitanya,Verbal communication,,,Grow-out,2721.0,,"Rohu (Labeo rohita), Catla (Catla catla)",9:1,1000.0,3000.0,313.0,,,,,,,,,2721,44000.0,2721.0,44000.0,0.0,,,,,,0,,,,,,,,,,Yes,11/14/2025 05:59
ara2_ca187575,Eluru,10/18/2025,No,Treatment,Stocking,Chaitanya,Verbal communication,,,Breed-out,5814.0,,"Rohu (Labeo rohita), Catla (Catla catla)",9:1,400.0,7500.0,150.0,,,,,,,,,5814,100000.0,5814.0,100000.0,0.0,,,,,,0,,,,,,,,,Completely removed the pond water and added fresh water,Yes,11/08/2025 06:39
ara2_7129732d,Eluru,10/17/2025,No,Treatment,Harvest,Chaitanya,Verbal communication,,,Grow-out,0.0,,"Rohu (Labeo rohita), Catla (Catla catla)",,,,1200.0,,,,,,,,,,,,,,,,,,,,,Planned harvest,96000,,0,,1,Sun dry the pond bottom and remove sludge,,Yes,11/17/2025 05:56
ara2_ea9c93a5,Nellore,10/15/2025,No,Treatment,Harvest,Chaitanya,Verbal communication,,,Grow-out,0.0,,"Rohu (Labeo rohita), Catla (Catla catla)",,,,950.0,,,,,,,,,,,,,,,,,,,,,Planned harvest,13400,,0,,1,Sun dried the pond bottom and removed sludge,,Yes,12/13/2025 05:11
ara2_176528d3,Eluru,10/15/2025,No,Treatment,Harvest,Chaitanya,Verbal communication,,,Grow-out,0.0,,"Rohu (Labeo rohita), Catla (Catla catla)",,,,1600.0,,,,,,,,,,,,,,,,,,,,,Planned harvest,45000`,,0,,0,,,Yes,11/08/2025 05:41
ara2_d54330d5,Eluru,10/12/2025,No,Treatment,Harvest,Chaitanya,Verbal communication,,,Breed-out,0.0,,"Rohu (Labeo rohita), Catla (Catla catla)",,,,250.0,,,,,,,,,,,,,,,,,,,,,Planned harvest,,,0,,0,,70000 fishes were transferred to grow out ponds,Yes,12/20/2025 10:45
ara2_84b6fb93,Eluru,10/11/2025,No,Treatment,Partial harvest,Chaitanya,Verbal communication,,,Grow-out,1019.0,,"Rohu (Labeo rohita), Catla (Catla catla)",,,,1000.0,,,,,,,,,,,,,,,,,,,,,Planned harvest,40000,,20000,,0,,,Yes,11/14/2025 06:10
ara2_31afc592,Eluru,10/11/2025,No,Control,Harvest,Chaitanya,Verbal communication,,,Grow-out,0.0,,"Rohu (Labeo rohita), Catla (Catla catla)",,,,1380.0,,,,,,,,,,,,,,,,,,,,,Planned harvest,64000,,0,,0,,,Yes,10/16/2025 05:21
ara2_9103673b,Eluru,10/10/2025,No,Treatment,Harvest,Chaitanya,Verbal communication,,,Breed-out,0.0,,"Rohu (Labeo rohita), Catla (Catla catla)",,,,200.0,,,,,,,,,,,,,,,,,,,,,Planned harvest,,,0,,0,,13000 fished were transferred to their grow out ponds,Yes,12/20/2025 10:41
ara2_1fcb01f6,Eluru,10/10/2025,No,Treatment,Harvest,Chaitanya,Verbal communication,,,Breed-out,0.0,,"Rohu (Labeo rohita), Catla (Catla catla)",,,,200.0,,,,,,,,,,,,,,,,,,,,,Planned harvest,,,0,,0,,60000 fishes were transferred to grow out ponds,Yes,12/20/2025 10:37
ara2_50841581,Eluru,10/10/2025,No,Treatment,Harvest,Chaitanya,Verbal communication,,,Breed-out,0.0,,"Rohu (Labeo rohita), Catla (Catla catla)",,,,400.0,,,,,,,,,,,,,,,,,,,,,Planned harvest,,,,,0,,90000 fishes were sold to grow out farmers,Yes,11/26/2025 09:04
ara2_7a7eace1,Eluru,10/08/2025,No,Treatment,Stocking,Chaitanya,Verbal communication,,,Breed-out,9153.0,,"Rohu (Labeo rohita), Catla (Catla catla)",9:1,250.0,12000.0,50.0,,,,,,,,,9153,40000.0,9153.0,40000.0,0.0,,,,,,0,,,,,,,,,,Yes,11/17/2025 05:54
ara2_c15dc3a2,Eluru,10/08/2025,No,Control,Harvest,Chaitanya,Verbal communication,,,Grow-out,0.0,,"Rohu (Labeo rohita), Catla (Catla catla)",,,,1300.0,,,,,,,,,,,,,,,,,,,,,Planned harvest,78000,,0,,0,,,Yes,11/07/2025 11:45
ara2_bdf1f578,Eluru,10/07/2025,No,Treatment,Stocking,Chaitanya,Verbal communication,,,Grow-out,2357.0,,"Rohu (Labeo rohita), Catla (Catla catla)",9:1,1000.0,3000.0,150.0,,,,,,,,,2357,66000.0,2357.0,66000.0,0.0,,,,,,0,,,,,,,,,,Yes,10/16/2025 05:09
ara2_cd998399,Eluru,10/06/2025,No,Treatment,Harvest,Chaitanya,Verbal communication,,,Grow-out,221.0,,"Rohu (Labeo rohita), Catla (Catla catla)",,,,1050.0,,,,,,,,,,,,,,,,,,,,,Planned harvest,70000,,6000,,0,,Farmer says approximately 6000 fishes might be left behind in the pond which were not caught while harvesting,Yes,10/16/2025 05:14
ara2_ca187575,Eluru,10/02/2025,No,Treatment,Harvest,Chaitanya,Verbal communication,,,Breed-out,0.0,,"Rohu (Labeo rohita), Catla (Catla catla)",,,,600.0,,,,,,,,,,,,,,,,,,,,,Planned harvest,,,0,,0,,Sold 100000 fishes to other grow out farmer,Yes,11/08/2025 06:35
ara2_646bdcdb,Eluru,10/01/2025,No,Treatment,Stocking,Chaitanya,Verbal communication,,,Rearing,63158.0,,"Rohu (Labeo rohita), Catla (Catla catla)",9:1,150.0,80000.0,10.0,,,,,,,,,63158,300000.0,63158.0,300000.0,0.0,,,,,,0,,,,,,,,,,Yes,11/08/2025 05:36
ara2_09faa72c,Eluru,10/01/2025,No,Treatment,Stocking,Chaitanya,Verbal communication,,,Grow-out,2546.0,,"Rohu (Labeo rohita), Catla (Catla catla)",9:1,1000.0,3000.0,150.0,,,,,,,,,2546,27500.0,2546.0,27500.0,0.0,,,,,,1,Sun dried the pond bottom and added burnt lime,,,,,,,,,Yes,10/10/2025 04:54
ara2_3c5dafd2,Eluru,09/28/2025,No,Treatment,Stocking,Chaitanya,Verbal communication,,,Breed-out,7368.0,,"Rohu (Labeo rohita), Catla (Catla catla)",9:1,300.0,10000.0,30.0,,,,,,,,,7368,70000.0,7368.0,70000.0,0.0,,,,,,0,,,,,,,,,,Yes,11/17/2025 05:49
ara2_0f143c64,Eluru,09/25/2025,No,Treatment,Stocking,Chaitanya,Verbal communication,,,Breed-out,7576.0,,"Rohu (Labeo rohita), Catla (Catla catla)",9:1,250.0,12000.0,50.0,,,,,,,,,7576,50000.0,7576.0,50000.0,0.0,,,,,,0,,,,,,,,,,Yes,10/16/2025 05:34
ara2_e7d0223c,Nellore,09/22/2025,No,Treatment,Harvest,Chaitanya,Verbal communication,,,Grow-out,0.0,,"Rohu (Labeo rohita), Catla (Catla catla)",,,,900.0,,,,,,,,,,,,,,,,,,,,,Planned harvest,3340,,0,,1,Sun dried the pond bottom and added bleach,,Yes,12/13/2025 05:08
ara2_9103673b,Eluru,09/22/2025,No,Treatment,Stocking,Chaitanya,Verbal communication,,,Breed-out,11818.0,,"Rohu (Labeo rohita), Catla (Catla catla)",9:1,200.0,12000.0,50.0,,,,,,,,,11818,13000.0,11818.0,13000.0,0.0,,,,,,0,,,,,,,,,,Yes,10/01/2025 03:55
ara2_0e392abc,Eluru,09/22/2025,No,Treatment,Harvest,Chaitanya,Verbal communication,,,Grow-out,0.0,,"Rohu (Labeo rohita), Catla (Catla catla)",,,,1200.0,,,,,,,,,,,,,,,,,,,,,Planned harvest,40000,,0,,0,,,Yes,09/24/2025 07:55
ara2_f17bbe2f,Eluru,09/22/2025,No,Treatment,Harvest,Chaitanya,Verbal communication,,,Grow-out,0.0,,"Rohu (Labeo rohita), Catla (Catla catla)",,,,1363.0,,,,,,,,,,,,,,,,,,,,,Planned harvest,30000,,0,,0,,,Yes,09/24/2025 07:53
ara2_7b2b4994,Eluru,09/20/2025,No,Treatment,Harvest,Chaitanya,Verbal communication,,,Grow-out,0.0,,"Rohu (Labeo rohita), Catla (Catla catla)",,,,1000.0,,,,,,,,,,,,,,,,,,,,,Planned harvest,66000,,0,,0,,,Yes,10/16/2025 05:57
ara2_844ff6fe,Eluru,09/20/2025,No,Treatment,Stocking,Chaitanya,Verbal communication,,,Grow-out,2240.0,,"Rohu (Labeo rohita), Catla (Catla catla)",9:1,1000.0,3000.0,200.0,,,,,,,,,2240,28000.0,2240.0,28000.0,0.0,,,,,,1,"Sun dried the pond bottom, removed sludge, strengthened the dykes",,,,,,,,,Yes,10/16/2025 05:45
ara2_ef01d63e,Eluru,09/20/2025,No,Treatment,Stocking,Chaitanya,Verbal communication,,,Grow-out,2740.0,,"Rohu (Labeo rohita), Catla (Catla catla)",9:1,1000.0,3000.0,106.0,,,,,,,,,2740,40000.0,2740.0,40000.0,0.0,,,,,,0,,,,,,,,,,Yes,09/24/2025 07:37
ara2_fdcc3d9a,Eluru,09/20/2025,No,Treatment,Stocking,Chaitanya,Verbal communication,,,Grow-out,2963.0,,"Rohu (Labeo rohita), Catla (Catla catla)",9:1,1000.0,3000.0,106.0,,,,,,,,,2963,40000.0,2963.0,40000.0,0.0,,,,,,0,,,,,,,,,,Yes,09/24/2025 06:46
ara2_29c9448f,Eluru,09/20/2025,No,Treatment,Partial harvest,Chaitanya,Verbal communication,,,Breed-out,3938.0,,"Rohu (Labeo rohita), Catla (Catla catla)",,,,269.0,,,,,,,,,,,,,,,,,,,,,Planned harvest,,,31500,,0,,32500 fishes were transferred to grow out pond ara2_f5dabd1c,Yes,09/23/2025 07:03
ara2_f5dabd1c,Eluru,09/20/2025,No,Treatment,Stocking,Chaitanya,Verbal communication,,,Grow-out,2407.0,,"Rohu (Labeo rohita), Catla (Catla catla)",9:1,1000.0,3000.0,269.0,,,,,,,,,2407,32500.0,2407.0,32500.0,0.0,,,,,,0,,,,,,,,,,Yes,09/23/2025 06:50
ara2_06ad2d07,Eluru,09/19/2025,No,Treatment,Harvest,Chaitanya,Verbal communication,,,Grow-out,0.0,,"Rohu (Labeo rohita), Catla (Catla catla)",,,,950.0,,,,,,,,,,,,,,,,,,,,,Planned harvest,41000,,0,,1,Sun dry the pond bottom,,Yes,11/17/2025 05:42
ara2_6af7067d,Eluru,09/19/2025,No,Treatment,Stocking,Chaitanya,Verbal communication,,,Grow-out,2129.0,,"Rohu (Labeo rohita), Catla (Catla catla)",9:1,1200.0,2500.0,209.0,,,,,,,,,2129,66000.0,2129.0,66000.0,0.0,,,,,,0,,,,,,,,,,Yes,09/24/2025 07:46
ara2_7bd7da7f,Eluru,09/18/2025,No,Treatment,Harvest,Chaitanya,Verbal communication,,,Nursery,0.0,,"Rohu (Labeo rohita), Catla (Catla catla)",,,,150.0,,,,,,,,,,,,,,,,,,,,,Planned harvest,,,0,,1,Sun dry the pond bottom,90000 fishes were sold to other farmers,Yes,12/20/2025 10:56
ara2_46acb0f4,Eluru,09/18/2025,No,Treatment,Stocking,Chaitanya,Verbal communication,,,Nursery,70175.0,,Rohu (Labeo rohita),9:1,50.0,60000.0,10.0,,,,,,,,,70175,400000.0,70175.0,400000.0,0.0,,,,,,0,,,,,,,,,,Yes,10/16/2025 05:42
ara2_084db03a,Eluru,09/17/2025,No,Treatment,Harvest,Chaitanya,Verbal communication,,,Rearing,0.0,,Catla (Catla catla),,,,200.0,,,,,,,,,,,,,,,,,,,,,Planned harvest,,,0,,1,Sun dry the pond bottom,85000 fishes were sold to breed out farmers,Yes,12/20/2025 10:53
ara2_771be42c,Eluru,09/15/2025,No,Treatment,Harvest,Chaitanya,Verbal communication,,,Breed-out,0.0,,"Rohu (Labeo rohita), Catla (Catla catla)",,,,400.0,,,,,,,,,,,,,,,,,,,,,Planned harvest,,,0,,0,,45000 fishes were sold to other grow out farmer,Yes,11/04/2025 05:47
ara2_4f79fc8d,Eluru,09/15/2025,No,Treatment,Stocking,Chaitanya,Verbal communication,,,Breed-out,6667.0,,"Rohu (Labeo rohita), Catla (Catla catla)",9:1,250.0,12000.0,30.0,,,,,,,,,6667,100000.0,6667.0,100000.0,0.0,,,,,,0,,,,,,,,,,Yes,10/16/2025 05:31
ara2_4ce1c3bb,Eluru,09/15/2025,No,Treatment,Stocking,Chaitanya,Verbal communication,,,Breed-out,7407.0,,"Rohu (Labeo rohita), Catla (Catla catla)",9:1,150.0,20000.0,30.0,,,,,,,,,7407,10000.0,7407.0,10000.0,0.0,,,,,,1,Sun dried the pond bottom and removed sludge,,,,,,,,,Yes,09/23/2025 06:00
ara2_6ec2f0e5,Eluru,09/10/2025,No,Treatment,Harvest,Chaitanya,Verbal communication,,,Breed-out,0.0,,"Rohu (Labeo rohita), Catla (Catla catla)",,,,700.0,,,,,,,,,,,,,,,,,,,,,,30000,,0,,0,,30 tons of fishes were sold to other grow out farmers,Yes,12/08/2025 05:32
ara2_a6551d54,Eluru,09/10/2025,No,Treatment,Harvest,Chaitanya,Verbal communication,,,Rearing,0.0,,"Rohu (Labeo rohita), Catla (Catla catla)",,,,300.0,,,,,,,,,,,,,,,,,,,,,Planned harvest,,,0,,1,Sun dry the pond bottom and remove sludge,50000 fishes were sold to grow out farmers,Yes,12/08/2025 05:28
ara2_0b1b03bb,Eluru,09/10/2025,No,Treatment,Stocking,Chaitanya,Verbal communication,,,Breed-out,7514.0,,"Rohu (Labeo rohita), Catla (Catla catla)",9:1,200.0,15000.0,50.0,,,,,,,,,7514,130000.0,7514.0,130000.0,0.0,,,,,,1,Sun dried pond bottom and treated with medicines to remove tilapia eggs,,,,,,,,,Yes,09/23/2025 07:21
ara2_0772ec50,Eluru,09/08/2025,No,Treatment,Stocking,Chaitanya,Verbal communication,,,Grow-out,2588.0,,"Rohu (Labeo rohita), Catla (Catla catla)",9:1,1000.0,3000.0,350.0,,,,,,,,,2588,110000.0,2588.0,110000.0,0.0,,,,,,0,,,,,,,,,,Yes,10/10/2025 04:47
ara2_ff85ba57,Eluru,09/08/2025,No,Treatment,Stocking,Chaitanya,Verbal communication,,,Grow-out,2729.0,,"Rohu (Labeo rohita), Catla (Catla catla)",9:1,1000.0,3000.0,300.0,,,,,,,,,2729,80000.0,2729.0,80000.0,0.0,,,,,,0,,,,,,,,,,Yes,09/17/2025 06:25
ara2_9d82e6a0,Eluru,09/06/2025,No,Treatment,Harvest,Chaitanya,Verbal communication,,,Grow-out,0.0,,"Rohu (Labeo rohita), Catla (Catla catla)",,,,1200.0,,,,,,,,,,,,,,,,,,,,,Planned harvest,84000,,0,,0,,,Yes,11/05/2025 06:33
ara2_ef01d63e,Eluru,09/05/2025,No,Treatment,Harvest,Chaitanya,Verbal communication,,,Grow-out,0.0,,"Rohu (Labeo rohita), Catla (Catla catla)",,,,1000.0,,,,,,,,,,,,,,,,,,,,,Planned harvest,36000,,0,,0,,,Yes,09/24/2025 06:51
ara2_646bdcdb,Eluru,09/05/2025,No,Treatment,Harvest,Chaitanya,Verbal communication,,,Rearing,0.0,,"Rohu (Labeo rohita), Catla (Catla catla)",,,,100.0,,,,,,,,,,,,,,,,,,,,,Planned harvest,,,0,,1,Sun dry the pond bottom,130000 fishes were transferred to ara2_0b1b03bb and 200000 fishes were sold to other farmers,Yes,09/23/2025 07:30
ara2_dfe79bad,Nellore,09/04/2025,No,Treatment,Stocking,Chaitanya,Verbal communication,,,Grow-out,2631.0,,"Rohu (Labeo rohita), Catla (Catla catla)",9:1,1000.0,3000.0,100.0,,,,,,,,,2631,5500.0,2631.0,5500.0,0.0,,,,,,1,"Sun dried the pond bottom, removed sludge and strengthened the dykes",,,,,,,,,Yes,12/13/2025 10:05
ara2_bdf1f578,Eluru,09/04/2025,No,Treatment,Harvest,Chaitanya,Verbal communication,,,Grow-out,0.0,,"Rohu (Labeo rohita), Catla (Catla catla)",,,,1000.0,,,,,,,,,,,,,,,,,,,,,Planned harvest,60000,,0,,0,,,Yes,10/16/2025 05:06
ara2_c57f3380,Eluru,08/31/2025,No,Treatment,Harvest,Chaitanya,Verbal communication,,,Grow-out,0.0,,"Rohu (Labeo rohita), Catla (Catla catla)",,,,1000.0,,,,,,,,,,,,,,,,,,,,,Planned harvest,50000,,0,,0,,,Yes,09/24/2025 07:49
ara2_ff85ba57,Eluru,08/29/2025,No,Treatment,Harvest,Chaitanya,Verbal communication,,,Grow-out,0.0,,"Catla (Catla catla), Rohu (Labeo rohita)",,,,1300.0,,,,,,,,,,,,,,,,,,,,,Planned harvest,100000,,0,,0,,,Yes,09/17/2025 06:22
ara2_5a3d15dd,Nellore,08/29/2025,No,Treatment,Stocking,Chaitanya,Verbal communication,,,Grow-out,1154.0,,Rohu (Labeo rohita),10,1000.0,3000.0,250.0,,,,,,,,,1154,1500.0,1154.0,1500.0,0.0,,,,,,1,Sun dried the pond bottom and removed the sludge,,,,,,,,,Yes,09/10/2025 07:53
ara2_98d96403,Nellore,08/29/2025,No,Treatment,Stocking,Chaitanya,Verbal communication,,,Grow-out,2941.0,,Roopchand,10,1000.0,3000.0,400.0,,,,,,,,,2941,2500.0,2941.0,2500.0,0.0,,,,,,1,Sun dry the pond bottom and removed debris,,,,,,,,,Yes,09/10/2025 07:11
ara2_f5dabd1c,Eluru,08/28/2025,No,Treatment,Harvest,Chaitanya,Verbal communication,,,Grow-out,0.0,,"Rohu (Labeo rohita), Catla (Catla catla)",,,,1371.0,,,,,,,,,,,,,,,,,,,,,Planned harvest,45000,,0,,0,,,Yes,09/23/2025 06:46
ara2_27387783,Eluru,08/28/2025,No,Treatment,Stocking,Chaitanya,Verbal communication,,,Breed-out,10588.0,,"Rohu (Labeo rohita), Catla (Catla catla)",9:1,150.0,20000.0,30.0,,,,,,,,,10588,90000.0,10588.0,90000.0,0.0,,,,,,0,,,,,,,,,,Yes,09/17/2025 06:32
ara2_573a2826,Eluru,08/27/2025,No,Treatment,Stocking,Chaitanya,Verbal communication,,,Breed-out,7000.0,,"Rohu (Labeo rohita), Catla (Catla catla)",9:1,250.0,12000.0,50.0,,,,,,,,,7000,35000.0,7000.0,35000.0,0.0,,,,,,0,,,,,,,,,,Yes,09/24/2025 06:35
ara2_586ab2f7,Eluru,08/27/2025,No,Treatment,Stocking,Chaitanya,Verbal communication,,,Rearing,38517.0,,"Rohu (Labeo rohita), Catla (Catla catla)",9:1,100.0,30000.0,10.0,,,,,,,,,38571,135000.0,38517.0,135000.0,189.0,,,,,,0,,,,,,,,,,Yes,09/17/2025 06:51
ara2_cd288d30,Nellore,08/27/2025,No,Treatment,Stocking,Chaitanya,Verbal communication,,,Grow-out,2857.0,,"Rohu (Labeo rohita), Catla (Catla catla)",9:1,1000.0,3000.0,150.0,,,,,,,,,4286,3000.0,2857.0,2000.0,1000.0,,,,,,1,Sun dry the pond bottom and removed debris,,,,,,,,,Yes,09/10/2025 07:04
ara2_3c5dafd2,Eluru,08/25/2025,No,Treatment,Harvest,Chaitanya,Verbal communication,,,Breed-out,0.0,,"Rohu (Labeo rohita), Catla (Catla catla)",,,,250.0,,,,,,,,,,,,,,,,,,,,,Planned harvest,,,0,,0,,70000 fishes were sold to grow-out farmers,Yes,11/17/2025 05:46
ara2_7dc637c3,Eluru,08/25/2025,No,Treatment,Harvest,Chaitanya,Verbal communication,,,Grow-out,0.0,,"Rohu (Labeo rohita), Catla (Catla catla)",,,,1400.0,,,,,,,,,,,,,,,,,,,,,Planned harvest,60000,,0,,0,,,Yes,09/23/2025 07:14
ara2_957cbe38,Eluru,08/25/2025,No,Treatment,Stocking,Chaitanya,Verbal communication,,,Grow-out,2787.0,,"Catla (Catla catla), Rohu (Labeo rohita)",9:1,1000.0,3000.0,350.0,,,,,,,,,2787,25000.0,2787.0,25000.0,0.0,,,,,,0,,,,,,,,,,Yes,08/29/2025 05:14
ara2_f5124b92,Eluru,08/25/2025,No,Treatment,Stocking,Chaitanya,Verbal communication,,,Grow-out,3201.0,,"Catla (Catla catla), Rohu (Labeo rohita)",9:1,1000.0,3000.0,350.0,,,,,,,,,3201,25000.0,3201.0,25000.0,0.0,,,,,,0,,,,,,,,,Farmer mentioned he would do a partial harvest of few fishes when they reach 800 grams.,Yes,08/29/2025 05:11
ara2_1d54882b,Nellore,08/24/2025,No,Treatment,Stocking,Chaitanya,Verbal communication,,,Grow-out,3036.0,,Roopchand,10,1000.0,3000.0,300.0,,,,,,,,,3036,8500.0,3036.0,8500.0,0.0,,,,,,1,Sun dry the pond bottom and removed debris,,,,,,,,,Yes,09/10/2025 06:27
ara2_249e0180,Eluru,08/24/2025,No,Treatment,Stocking,Chaitanya,Verbal communication,,,Grow-out,3243.0,,"Catla (Catla catla), Rohu (Labeo rohita)",9:1,1000.0,3000.0,150.0,,,,,,,,,3243,132000.0,3243.0,132000.0,0.0,,,,,,1,Sun dried the pond bottom and removed the sludge,,,,,,,,Farmer said will transfer some of these fishes to their other grow-out pond after they reach 500-600 grams and continue to grow the remaining fishes till 1 kg.,Yes,09/04/2025 05:06
ara2_6857ac3f,Eluru,08/23/2025,No,Treatment,Stocking,Chaitanya,Verbal communication,,,Breed-out,11029.0,,"Catla (Catla catla), Rohu (Labeo rohita)",9:1,250.0,12000.0,50.0,,,,,,,,,11029,30000.0,11029.0,30000.0,0.0,,,,,,1,"Sun dried the pond bottom, removed sludge and strengthened the dykes",,,,,,,,,Yes,08/29/2025 05:32
ara2_30c31874,Eluru,08/22/2025,No,Treatment,Stocking,Chaitanya,Verbal communication,,,Nursery,166667.0,,"Rohu (Labeo rohita), Catla (Catla catla)",9:1,30.0,100000.0,1.0,,,,,,,,,166667,700000.0,166667.0,700000.0,0.0,,,,,,0,,,,,,,,,,Yes,09/17/2025 07:00
ara2_778970d8,Eluru,08/22/2025,No,Treatment,Stocking,Chaitanya,Verbal communication,,,Grow-out,1383.0,,"Rohu (Labeo rohita), Catla (Catla catla)",9:1,1200.0,2500.0,250.0,,,,,,,,,1383,74700.0,1383.0,74700.0,0.0,,,,,,0,,,,,,,,,,Yes,09/17/2025 06:43
ara2_c3a6ea5e,Eluru,08/22/2025,No,Treatment,Stocking,Chaitanya,Verbal communication,,,Grow-out,1842.0,,"Rohu (Labeo rohita), Catla (Catla catla)",9:1,1200.0,2500.0,150.0,,,,,,,,,1842,70000.0,1842.0,70000.0,0.0,,,,,,0,,,,,,,,,,Yes,09/17/2025 06:37
ara2_d0d5f943,Nellore,08/21/2025,No,Treatment,Harvest,Chaitanya,Verbal communication,,,Grow-out,0.0,,"Rohu (Labeo rohita), Catla (Catla catla)",,,,916.0,,,,,,,,,,,,,,,,,,,,,Planned harvest,2290,,0,,1,Sun dry the pond bottom and remove debris,,Yes,09/10/2025 05:49
ara2_2ae80458,Eluru,08/20/2025,No,Treatment,Harvest,Chaitanya,Verbal communication,,,Breed-out,0.0,,"Rohu (Labeo rohita), Catla (Catla catla)",,,,350.0,,,,,,,,,,,,,,,,,,,,,Planned harvest,,,0,,0,,28571 fishes were sold to other grow out farmer,Yes,09/23/2025 06:13
ara2_0677080b,Eluru,08/18/2025,No,Treatment,Harvest,Chaitanya,Verbal communication,,,Grow-out,0.0,,"Rohu (Labeo rohita), Catla (Catla catla)",,,,970.0,,,,,,,,,,,,,,,,,,,,,Planned harvest,30000,,0,,0,,,Yes,10/01/2025 03:58
ara2_8cf52ce5,Eluru,08/15/2025,No,Treatment,Stocking,Chaitanya,Verbal communication,,,Nursery,200000.0,,"Catla (Catla catla), Rohu (Labeo rohita)",9:1,20.0,100000.0,2.0,,,,,,,,,200000,200000.0,200000.0,200000.0,0.0,,,,,,0,,,,,,,,,,Yes,08/24/2025 04:04
ara2_fe1074da,Nellore,08/14/2025,No,Treatment,Stocking,Chaitanya,Verbal communication,,,Grow-out,2973.0,,Roopchand,10,1000.0,3000.0,150.0,,,,,,,,,2973,11000.0,2973.0,11000.0,0.0,,,,,,0,,,,,,,,,,Yes,09/10/2025 07:39
ara2_ee15e2a0,Nellore,08/14/2025,No,Treatment,Stocking,Chaitanya,Verbal communication,,,Grow-out,3044.0,,"Rohu (Labeo rohita), Catla (Catla catla)",9:1,800.0,3750.0,300.0,,,,,,,,,3044,13000.0,3044.0,13000.0,0.0,,,,,,1,Sun dry the pond bottom and removed debris,,,,,,,,,Yes,09/10/2025 06:05
ara2_1d5dce9e,Eluru,08/13/2025,No,Treatment,Stocking,Chaitanya,Verbal communication,,,Breed-out,11667.0,,"Catla (Catla catla), Rohu (Labeo rohita)",9:1,250.0,12000.0,30.0,,,,,,,,,11667,35000.0,11667.0,35000.0,0.0,,,,,,0,,,,,,,,,,Yes,08/29/2025 05:42
ara2_6af7067d,Eluru,08/13/2025,No,Treatment,Harvest,Chaitanya,Verbal communication,,,Grow-out,0.0,,"Catla (Catla catla), Rohu (Labeo rohita)",,,,1400.0,,,,,,,,,,,,,,,,,,,,,Planned harvest,106000,,0,,0,,,Yes,08/22/2025 04:34
ara2_9ea43968,Eluru,08/12/2025,No,Treatment,Harvest,Chaitanya,Verbal communication,,,Grow-out,0.0,,"Rohu (Labeo rohita), Catla (Catla catla)",,,,1176.0,,,,,,,,,,,,,,,,,,,,,Planned harvest,40000,,0,,1,Sun drying the pond bottom and remove sludge,,Yes,09/23/2025 06:21
ara2_cb98926f,Eluru,08/11/2025,No,Treatment,Partial harvest,Chaitanya,Verbal communication,,,Rearing,35714.0,,"Rohu (Labeo rohita), Catla (Catla catla)",,,,200.0,,,,,,,,,,,,,,,,,,,,,Planned harvest,,,100000,,0,,75000 fishes were sold to other farmer,Yes,09/23/2025 07:11
ara2_09faa72c,Eluru,08/11/2025,No,Treatment,Harvest,Chaitanya,Verbal communication,,,Grow-out,0.0,,"Rohu (Labeo rohita), Catla (Catla catla)",,,,1300.0,,,,,,,,,,,,,,,,,,,,,Planned harvest,30000,,0,,1,Sun drying the pond bottom,,Yes,09/23/2025 06:25
ara2_626e23f2,Nellore,08/10/2025,No,Treatment,Stocking,Chaitanya,Verbal communication,,,Rearing,46512.0,,"Rohu (Labeo rohita), Catla (Catla catla)",9:1,100.0,30000.0,5.0,,,,,,,,,46512,40000.0,46512.0,40000.0,0.0,,,,,,1,Sun dry the pond bottom and removed debris,,,,,,,,,Yes,09/10/2025 06:22
ara2_807df397,Eluru,08/10/2025,No,Treatment,Stocking,Chaitanya,Verbal communication,,,Breed-out,9167.0,,"Catla (Catla catla), Rohu (Labeo rohita)",9:1,200.0,15000.0,30.0,,,,,,,,,9167,165000.0,9167.0,165000.0,0.0,,,,,,0,,,,,,,,,,Yes,08/29/2025 05:59
ara2_32bcd752,Eluru,08/10/2025,No,Treatment,Stocking,Chaitanya,Verbal communication,,,Rearing,35714.0,,"Catla (Catla catla), Rohu (Labeo rohita)",9:1,80.0,37500.0,30.0,,,,,,,,,35714,100000.0,35714.0,100000.0,0.0,,,,,,0,,,,,,,,,,Yes,08/29/2025 05:50
ara2_8cf52ce5,Eluru,08/10/2025,No,Treatment,Harvest,Chaitanya,Verbal communication,,,Breed-out,0.0,,"Catla (Catla catla), Rohu (Labeo rohita)",,,,250.0,,,,,,,,,,,,,,,,,,,,,Planned harvest,,,0,,0,,16000 number of fishes sold to grow out farmers,Yes,08/24/2025 03:59
ara2_71f6e8db,Eluru,08/10/2025,No,Treatment,Stocking,Chaitanya,Verbal communication,,,Breed-out,1905.0,,"Catla (Catla catla), Rohu (Labeo rohita)",9:1,300.0,8500.0,62.0,,,,,,,,,1905,20000.0,1905.0,20000.0,0.0,,,,,,0,,,,,,,,,,Yes,08/22/2025 04:48
ara2_1fd0d0ae,Eluru,08/10/2025,No,Treatment,Harvest,Chaitanya,Verbal communication,,,Breed-out,0.0,,"Catla (Catla catla), Rohu (Labeo rohita)",,,,250.0,,,,,,,,,,,,,,,,,,,,,Planned harvest,,,55000,,1,Sun drying the pond bottom,,Yes,08/22/2025 04:27
ara2_65a854d9,Nellore,08/09/2025,No,Treatment,Harvest,Chaitanya,Verbal communication,,,Grow-out,0.0,,"Catla (Catla catla), Rohu (Labeo rohita)",,,,1080.0,,,,,,,,,,,,,,,,,,,,,Planned harvest,15200,,0,,0,,,Yes,09/10/2025 05:42
ara2_6bbd0878,Nellore,08/06/2025,No,Treatment,Stocking,Chaitanya,Verbal communication,,,Grow-out,1286.0,,"Rohu (Labeo rohita), Catla (Catla catla)",9:1,1000.0,3000.0,400.0,,,,,,,,,1286,1350.0,1286.0,1350.0,0.0,,,,,,1,Sun dried the pond bottom and removed sludge,,,,,,,,,Yes,09/10/2025 07:49
ara2_573a2826,Eluru,08/06/2025,No,Treatment,Harvest,Chaitanya,Verbal communication,,,Breed-out,0.0,,"Catla (Catla catla), Rohu (Labeo rohita)",,,,300.0,,,,,,,,,,,,,,,,,,,,,Planned harvest,,,33000,,0,,,Yes,08/22/2025 04:42
ara2_b3d128ac,Eluru,08/06/2025,No,Treatment,Stocking,Chaitanya,Verbal communication,,,Grow-out,2227.0,,"Catla (Catla catla), Rohu (Labeo rohita)",9:1,1200.0,2500.0,316.0,,,,,,,,,2227,98000.0,2227.0,98000.0,0.0,,,,,,0,,,,,,,,,,Yes,08/19/2025 07:29
ara2_db4df335,Eluru,08/05/2025,No,Treatment,Harvest,Chaitanya,Verbal communication,,,Breed-out,0.0,,"Rohu (Labeo rohita), Catla (Catla catla)",,,,350.0,,,,,,,,,,,,,,,,,,,,,Planned harvest,,,0,,0,,28500 fishes were sold to other grow out farmer,Yes,09/23/2025 06:08
ara2_51ee6ab1,Nellore,08/03/2025,No,Treatment,Harvest,Chaitanya,Verbal communication,,,Grow-out,0.0,,"Catla (Catla catla), Rohu (Labeo rohita)",,,,913.0,,,,,,,,,,,,,,,,,,,,,Planned harvest,1370,,0,,0,,,Yes,09/10/2025 05:45
ara2_46acb0f4,Eluru,08/03/2025,No,Treatment,Harvest,Chaitanya,Verbal communication,,,Breed-out,0.0,,"Catla (Catla catla), Rohu (Labeo rohita)",,,,300.0,,,,,,,,,,,,,,,,,,,,,Planned harvest,,,0,,0,,Sold all 30000 fishes to a grow out farmer,Yes,08/29/2025 05:19
ara2_9103673b,Eluru,08/01/2025,No,Treatment,Harvest,Chaitanya,Verbal communication,,,Breed-out,0.0,,"Catla (Catla catla), Rohu (Labeo rohita)",,,,200.0,,,,,,,,,,,,,,,,,,,,,Planned harvest,,,0,,0,,13000 fishes were transferred to a grow out pond,Yes,10/01/2025 03:53
ara2_6452000e,Eluru,08/01/2025,No,Treatment,Stocking,Chaitanya,Verbal communication,,,Nursery,100000.0,,"Catla (Catla catla), Rohu (Labeo rohita)",9:1,100.0,30000.0,5.0,,,,,,,,,100000,150000.0,100000.0,150000.0,0.0,,,,,,1,"Sun dried the pond bottom, removed sludge and added lime",,,,,,,,,Yes,08/22/2025 05:07
ara2_2167f891,Eluru,08/01/2025,No,Treatment,Stocking,Chaitanya,Verbal communication,,,Rearing,66667.0,,"Catla (Catla catla), Rohu (Labeo rohita)",9:1,100.0,30000.0,10.0,,,,,,,,,66667,100000.0,66667.0,100000.0,0.0,,,,,,0,,,,,,,,,,Yes,08/22/2025 05:01
ara2_3eab831e,Eluru,08/01/2025,No,Treatment,Stocking,Chaitanya,Verbal communication,,,Breed-out,5941.0,,"Catla (Catla catla), Rohu (Labeo rohita)",9:1,300.0,8500.0,50.0,,,,,,,,,5941,60000.0,5941.0,60000.0,0.0,,,,,,1,,,,,,,,,,Yes,08/22/2025 04:40
ara2_b001208b,Eluru,08/01/2025,No,Treatment,Stocking,Chaitanya,Verbal communication,,,Breed-out,5000.0,,"Catla (Catla catla), Rohu (Labeo rohita)",9:1,300.0,8500.0,50.0,,,,,,,,,5000,50000.0,5000.0,50000.0,0.0,,,,,,0,,,,,,,,,,Yes,08/22/2025 04:32
ara2_957cbe38,Eluru,08/01/2025,No,Treatment,Harvest,Chaitanya,Verbal communication,,,Grow-out,0.0,,"Catla (Catla catla), Rohu (Labeo rohita)",,,,1200.0,,,,,,,,,,,,,,,,,,,,,Planned harvest,12000,,0,,0,,,Yes,08/07/2025 06:25
ara2_e6fe1327,Eluru,08/01/2025,No,Treatment,Stocking,Chaitanya,Verbal communication,,,Grow-out,2844.0,,"Catla (Catla catla), Rohu (Labeo rohita)",9:1,1000.0,3000.0,359.0,,,,,,,,,2844,64000.0,2844.0,64000.0,0.0,,,,,,0,,,,,,,,,,,08/04/2025 07:00
ara2_4e7754a2,Eluru,07/31/2025,No,Treatment,Stocking,Chaitanya,Verbal communication,,,Grow-out,2398.0,,"Catla (Catla catla), Rohu (Labeo rohita)",9:1,1200.0,2500.0,350.0,,,,,,,,,2398,110000.0,2398.0,110000.0,0.0,,,,,,0,,,,,,,,,,Yes,08/07/2025 06:08
ara2_858b914c,Eluru,07/31/2025,No,Treatment,Partial stocking,Chaitanya,Verbal communication,,,Rearing,87857.0,,"Catla (Catla catla), Rohu (Labeo rohita)",9:1,100.0,0.0,10.0,,,,,,,,,87857,615000.0,87857.0,615000.0,0.0,,,,,,0,,,,,,,,,,,08/04/2025 07:18
ara2_586ab2f7,Eluru,07/29/2025,No,Treatment,Harvest,Chaitanya,Verbal communication,,,Rearing,0.0,,"Rohu (Labeo rohita), Catla (Catla catla)",,,,80.0,,,,,,,,,,,,,,,,,,,,,Planned harvest,,,,,0,,150000 fishes transferred to another breed out pond,Yes,09/17/2025 06:46
ara2_0c7bd285,Nellore,07/29/2025,No,Treatment,Stocking,Chaitanya,Verbal communication,,,Grow-out,1970.0,,"Catla (Catla catla), Rohu (Labeo rohita)",9:1,1200.0,2500.0,400.0,,,,,,,,,3750,7613.0,1970.0,4000.0,3613.0,,,,,,0,,,,,,,,,,Yes,09/10/2025 06:16
ara2_71f6e8db,Eluru,07/29/2025,No,Treatment,Harvest,Chaitanya,Verbal communication,,,Breed-out,0.0,,"Catla (Catla catla), Rohu (Labeo rohita)",,,,350.0,,,,,,,,,,,,,,,,,,,,,Planned harvest,,,0,,0,,,,08/04/2025 07:03
ara2_d54330d5,Eluru,07/29/2025,No,Treatment,Stocking,Chaitanya,Verbal communication,,,Breed-out,13208.0,,"Catla (Catla catla), Rohu (Labeo rohita)",9:1,200.0,15000.0,40.0,,,,,,,,,13208,70000.0,13208.0,70000.0,0.0,,,,,,0,,,,,,,,,,,07/30/2025 05:36
ara2_1fcb01f6,Eluru,07/29/2025,No,Treatment,Stocking,Chaitanya,Verbal communication,,,Breed-out,14286.0,,"Catla (Catla catla), Rohu (Labeo rohita)",9:1,200.0,15000.0,40.0,,,,,,,,,14286,60000.0,14286.0,60000.0,0.0,,,,,,0,,,,,,,,,,,07/30/2025 05:32
ara2_3f9ee6c3,Nellore,07/28/2025,No,Treatment,Stocking,Chaitanya,Verbal communication,,,Grow-out,2833.0,,"Catla (Catla catla), Rohu (Labeo rohita)",9:1,1000.0,3000.0,250.0,,,,,,,,,2833,10000.0,2833.0,10000.0,0.0,,,,,,1,"Sun dry the pond bottom and remove debris, removed sludge",,,,,,,,,Yes,09/10/2025 06:11
ara2_858b914c,Eluru,07/28/2025,No,Treatment,Partial harvest,Chaitanya,Verbal communication,,,Rearing,17143.0,,"Catla (Catla catla), Rohu (Labeo rohita)",,,,80.0,,,,,,,,,,,,,,,,,,,,,Planned harvest,,,120000,,0,,,,08/04/2025 07:07
ara2_3b2f3973,Eluru,07/28/2025,No,Treatment,Stocking,Chaitanya,Verbal communication,,,Breed-out,6667.0,,"Catla (Catla catla), Rohu (Labeo rohita)",9:1,200.0,15000.0,40.0,,,,,,,,,6667,130000.0,6667.0,130000.0,0.0,,,,,,0,,,,,,,,,,,08/01/2025 08:56
ara2_844ff6fe,Eluru,07/26/2025,No,,Harvest,Chaitanya,Verbal communication,,,Breed-out,0.0,,"Catla (Catla catla), Rohu (Labeo rohita)",,,,350.0,,,,,,,,,,,,,,,,,,,,,Planned harvest,,,0,,1,Sun drying the pond bottom,,Yes,08/29/2025 05:25
ara2_8232649d,Eluru,07/26/2025,No,Treatment,Stocking,Chaitanya,Verbal communication,,,Grow-out,2078.0,,"Catla (Catla catla), Rohu (Labeo rohita)",9:1,1200.0,2500.0,330.0,,,,,,,,,2078,80000.0,2078.0,80000.0,0.0,,,,,,0,,,,,,,,,,,08/04/2025 06:45
ara2_30c31874,Eluru,07/25/2025,No,Treatment,Harvest,Chaitanya,Verbal communication,,,Rearing,0.0,,"Rohu (Labeo rohita), Catla (Catla catla)",,,,80.0,,,,,,,,,,,,,,,,,,,,,Planned harvest,,,,,0,,280000 fishes are transferred to other breed out ponds,Yes,09/17/2025 06:56
ara2_1d5dce9e,Eluru,07/25/2025,No,Treatment,Harvest,Chaitanya,Verbal communication,,,Breed-out,0.0,,"Catla (Catla catla), Rohu (Labeo rohita)",,,,350.0,,,,,,,,,,,,,,,,,,,,,Planned harvest,,,,,0,,Sold 31000 fishes to a grow out farmer. 2000 fishes were lost to predation.,Yes,08/29/2025 05:37
ara2_f5124b92,Eluru,07/25/2025,No,Treatment,Harvest,Chaitanya,Verbal communication,,,Grow-out,0.0,,"Catla (Catla catla), Rohu (Labeo rohita)",,,,1200.0,,,,,,,,,,,,,,,,,,,,,Planned harvest,8000,,0,,0,,,Yes,08/07/2025 06:22
ara2_32bcd752,Eluru,07/24/2025,No,,Harvest,Chaitanya,Verbal communication,,,Rearing,0.0,,"Catla (Catla catla), Rohu (Labeo rohita)",,,,100.0,,,,,,,,,,,,,,,,,,,,,Planned harvest,,,,,0,,Transferred 60000 fishes to their own non ARA ponds,Yes,08/29/2025 05:46
ara2_865d5a84,Eluru,07/24/2025,No,Treatment,Harvest,Chaitanya,Verbal communication,,,Grow-out,0.0,,"Catla (Catla catla), Rohu (Labeo rohita)",,,,1500.0,,,,,,,,,,,,,,,,,,,,,Planned harvest,60000,,0,,0,,,Yes,08/07/2025 06:13
ara2_4e7754a2,Eluru,07/24/2025,No,Treatment,Harvest,Chaitanya,Verbal communication,,,Grow-out,0.0,,"Catla (Catla catla), Rohu (Labeo rohita)",,,,1600.0,,,,,,,,,,,,,,,,,,,,,Planned harvest,140000,,0,,0,,,Yes,08/07/2025 06:03
ara2_227eb8cd,Eluru,07/24/2025,No,Treatment,Harvest,Chaitanya,Verbal communication,,,Breed-out,0.0,,"Catla (Catla catla), Rohu (Labeo rohita)",,,,250.0,,,,,,,,,,,,,,,,,,,,,Planned harvest,,,0,,0,,,,08/04/2025 07:25
ara2_d54330d5,Eluru,07/24/2025,No,Treatment,Harvest,Chaitanya,Verbal communication,,,Breed-out,0.0,,"Catla (Catla catla), Rohu (Labeo rohita)",,,,200.0,,,,,,,,,,,,,,,,,,,,,Planned harvest,,,0,,0,,,,07/30/2025 05:34
ara2_1fcb01f6,Eluru,07/24/2025,No,Treatment,Harvest,Chaitanya,Verbal communication,,,Breed-out,0.0,,"Catla (Catla catla), Rohu (Labeo rohita)",,,,250.0,,,,,,,,,,,,,,,,,,,,,Planned harvest,,,,,0,,,,07/30/2025 05:26
ara2_c4b7f174,Eluru,07/24/2025,No,Treatment,Stocking,Chaitanya,Verbal communication,,,Grow-out,2857.0,,"Catla (Catla catla), Rohu (Labeo rohita)",9:1,1000.0,3000.0,200.0,,,,,,,,,2857,100000.0,2857.0,100000.0,0.0,,,,,,0,,,,,,,,,,,07/30/2025 05:20
ara2_c3cfe293,Eluru,07/24/2025,No,Treatment,Stocking,Chaitanya,Verbal communication,,,Grow-out,2791.0,,"Catla (Catla catla), Rohu (Labeo rohita)",9:1,1000.0,3000.0,250.0,,,,,,,,,2791,60000.0,2791.0,60000.0,0.0,,,,,,0,,,,,,,,,,,07/30/2025 05:10
ara2_778970d8,Eluru,07/23/2025,No,Treatment,Harvest,Chaitanya,Verbal communication,,,Grow-out,0.0,,"Rohu (Labeo rohita), Catla (Catla catla)",,,,1000.0,,,,,,,,,,,,,,,,,,,,,Planned harvest,70000,,0,,0,,,Yes,09/17/2025 06:41
ara2_807df397,Eluru,07/23/2025,No,,Harvest,Chaitanya,Verbal communication,,,Breed-out,0.0,,"Catla (Catla catla), Rohu (Labeo rohita)",,,,150.0,,,,,,,,,,,,,,,,,,,,,Planned harvest,,,,,0,,Transferred all 130000 fishes to their non ARA ponds,Yes,08/29/2025 05:55
ara2_b3d128ac,Eluru,07/22/2025,No,Treatment,Harvest,Chaitanya,Verbal communication,,,Grow-out,0.0,,"Catla (Catla catla), Rohu (Labeo rohita)",,,,1800.0,,,,,,,,,,,,,,,,,,,,,Planned harvest,175000,,0,,0,,,,08/04/2025 07:21
ara2_8232649d,Eluru,07/22/2025,No,Treatment,Harvest,Chaitanya,Verbal communication,,,Grow-out,0.0,,"Catla (Catla catla), Rohu (Labeo rohita)",,,,1700.0,,,,,,,,,,,,,,,,,,,,,Planned harvest,110000,,0,,0,,,,08/04/2025 06:41
ara2_6857ac3f,Eluru,07/21/2025,No,Treatment,Harvest,Chaitanya,Verbal communication,,,Breed-out,0.0,,"Catla (Catla catla), Rohu (Labeo rohita)",,,,350.0,,,,,,,,,,,,,,,,,,,,,Planned harvest,,,0,,1,"Sun dry the pond bottom, remove sludge, strengthen the dykes",Sold 25000 fishes to a grow out farmer,Yes,08/29/2025 05:28
ara2_0772ec50,Eluru,07/20/2025,No,Treatment,Harvest,Chaitanya,Verbal communication,,,Grow-out,0.0,,"Rohu (Labeo rohita), Catla (Catla catla)",,,,1300.0,,,,,,,,,,,,,,,,,,,,,Planned harvest,156000,,0,,0,,,Yes,10/10/2025 04:43
ara2_b001208b,Eluru,07/20/2025,No,Treatment,Harvest,Chaitanya,Verbal communication,,,Breed-out,0.0,,"Catla (Catla catla), Rohu (Labeo rohita)",,,,300.0,,,,,,,,,,,,,,,,,,,,,Planned harvest,,,50000,,0,,,Yes,08/22/2025 04:29
ara2_1e1aa1ce,Eluru,07/20/2025,No,Treatment,Harvest,Chaitanya,Verbal communication,,,Breed-out,0.0,,"Catla (Catla catla), Rohu (Labeo rohita)",,,,200.0,,,,,,,,,,,,,,,,,,,,,Planned harvest,,,0,,1,"Sun drying the pond bottom, removing sludge and strengthening the dykes",,,08/04/2025 06:55
ara2_3b2f3973,Eluru,07/20/2025,No,Treatment,Harvest,Chaitanya,Verbal communication,,,Breed-out,0.0,,"Catla (Catla catla), Rohu (Labeo rohita)",,,,300.0,,,,,,,,,,,,,,,,,,,,,Planned harvest,45000,,0,,0,,,,07/23/2025 06:29
ara2_27387783,Eluru,07/18/2025,No,Treatment,Harvest,Chaitanya,Verbal communication,,,Breed-out,0.0,,"Catla (Catla catla), Rohu (Labeo rohita)",,,,150.0,,,,,,,,,,,,,,,,,,,,,Planned harvest,,,,,0,,80000 fishes were transferred to their own grow out pond.,Yes,09/17/2025 06:28
ara2_4441fb4f,Eluru,07/16/2025,No,Treatment,Harvest,Chaitanya,Verbal communication,,,Rearing,0.0,,"Rohu (Labeo rohita), Catla (Catla catla)",,,,30.0,,,,,,,,,,,,,,,,,,,,,Planned harvest,,,0,,0,,Farmer sold all the fishes and gave away the lease agreement of this pond to another farmer and moved to another village,Yes,10/16/2025 05:54
ara2_c3a6ea5e,Eluru,07/16/2025,No,Treatment,Harvest,Chaitanya,Verbal communication,,,Grow-out,0.0,,"Rohu (Labeo rohita), Catla (Catla catla)",,,,1200.0,,,,,,,,,,,,,,,,,,,,,Planned harvest,78000,,0,,0,,,Yes,09/17/2025 06:34
ara2_32b91757,Eluru,07/13/2025,No,Treatment,Stocking,Chaitanya,Verbal communication,,,Breed-out,13699.0,,"Catla (Catla catla), Rohu (Labeo rohita)",9:1,200.0,15000.0,50.0,,,,,,,,,13699,50000.0,13699.0,50000.0,0.0,,,,,,0,,,,,,,,,,,07/23/2025 06:53
ara2_2b34e28c,Eluru,07/13/2025,No,Treatment,Stocking,Chaitanya,Verbal communication,,,Grow-out,2222.0,,"Catla (Catla catla), Rohu (Labeo rohita)",9:1,1200.0,2500.0,150.0,,,,,,,,,2222,50000.0,2222.0,50000.0,0.0,,,,,,0,,,,,,,,,,,07/23/2025 06:27
ara2_fc999d29,Nellore,07/10/2025,No,Treatment,Harvest,Chaitanya,Verbal communication,,,Grow-out,0.0,,"Rohu (Labeo rohita), Catla (Catla catla)",,,,700.0,,,,,,,,,,,,,,,,,,,,,Planned harvest,3500,,0,,1,Sun dry the pond bottom and remove debris,,Yes,09/10/2025 05:58
ara2_d9e114a2,Eluru,07/10/2025,No,Treatment,Harvest,Chaitanya,Verbal communication,,,Breed-out,0.0,,"Catla (Catla catla), Rohu (Labeo rohita)",,,,250.0,,,,,,,,,,,,,,,,,,,,,Planned harvest,,,0,,0,,,,07/30/2025 05:40
ara2_79cf3b3a,Nellore,07/10/2025,No,Treatment,Stocking,Chaitanya,Verbal communication,,,Grow-out,2817.0,,"Roopchand, Catla (Catla catla)",9.5:0.5,1000.0,3000.0,50.0,,,,,,,,,3594,10207.0,2817.0,8000.0,2206.0,,,,,,1,Sun dried the pond bottom and added bleach,,,,,,,,,Yes,07/28/2025 10:17
ara2_c4b7f174,Eluru,07/08/2025,No,Treatment,Harvest,Chaitanya,Verbal communication,,,Grow-out,0.0,,"Catla (Catla catla), Rohu (Labeo rohita)",,,,950.0,,,,,,,,,,,,,,,,,,,,,Disease outbreak,89000,,0,,0,,"There were mortalities observed, so they have given medicines and harvested within a week.",,07/30/2025 05:18
ara2_c3cfe293,Eluru,07/08/2025,No,Treatment,Harvest,Chaitanya,Verbal communication,,,Grow-out,0.0,,"Catla (Catla catla), Rohu (Labeo rohita)",,,,1100.0,,,,,,,,,,,,,,,,,,,,,Planned harvest,66000,,0,,0,,,,07/30/2025 05:06
ara2_2b34e28c,Eluru,07/08/2025,No,Treatment,Harvest,Chaitanya,Verbal communication,,,Grow-out,0.0,,"Catla (Catla catla), Rohu (Labeo rohita)",,,,1272.0,,,,,,,,,,,,,,,,,,,,,Planned harvest,70000,,0,,0,,,,07/23/2025 06:24
ara2_b0a5ed5f,Eluru,07/07/2025,No,Treatment,Stocking,Chaitanya,Verbal communication,,,Grow-out,2239.0,,"Catla (Catla catla), Rohu (Labeo rohita)",9:1,1200.0,2500.0,360.0,,,,,,,,,2239,105000.0,2239.0,105000.0,0.0,,,,,,0,,,,,,,,,,,07/22/2025 07:21
ara2_d891f276,Eluru,07/06/2025,No,Treatment,Harvest,Chaitanya,Verbal communication,,,Grow-out,0.0,,"Rohu (Labeo rohita), Catla (Catla catla)",,,,1200.0,,,,,,,,,,,,,,,,,,,,,Planned harvest,52000,,0,,1,"Sun dried the pond bottom, removed sludge and strengthened the dykes",,Yes,12/08/2025 06:01
ara2_4e2f7bb0,Eluru,07/06/2025,No,Treatment,Stocking,Chaitanya,Verbal communication,,,Grow-out,1846.0,,"Catla (Catla catla), Rohu (Labeo rohita)",9:1,1200.0,2500.0,350.0,,,,,,,,,1846,60000.0,1846.0,60000.0,0.0,,,,,,0,,,,,,,,,,,07/23/2025 06:42
ara2_3eab831e,Eluru,07/06/2025,No,Treatment,Harvest,Chaitanya,Verbal communication,,,Breed-out,0.0,,"Catla (Catla catla), Rohu (Labeo rohita)",,,,300.0,,,,,,,,,,,,,,,,,,,,,Planned harvest,10200,,0,,1,"Remove the water, sun dry pond bottom and add medicines to eradicate tilapia eggs and bottom cleansing additives.",,,07/23/2025 06:33
ara2_0d53cd07,Nellore,07/06/2025,No,Treatment,Harvest,Chaitanya,Verbal communication,,,Grow-out,0.0,,Roopchand,,,,700.0,,,,,,,,,,,,,,,,,,,,,Planned harvest,5250,,0,,1,"Sun dry the pond bottom, remove sludge and strengthen the dykes.",,,07/08/2025 04:06
ara2_237abe57,Nellore,07/05/2025,No,Treatment,Stocking,Chaitanya,Verbal communication,,,Grow-out,2667.0,,"Catla (Catla catla), Rohu (Labeo rohita)",9:1,1000.0,3000.0,150.0,,,,,,,,,2667,2400.0,2667.0,2400.0,0.0,,,,,,1,Sun dried the pond bottom and ploughed,,,,,,,,,,07/06/2025 06:45
ara2_8a429bf1,Nellore,07/03/2025,No,Treatment,Partial harvest,Chaitanya,Verbal communication,,,Grow-out,1743.0,,"Catla (Catla catla), Rohu (Labeo rohita)",,,,1000.0,,,,,,,,,,,,,,,,,,,,,Planned harvest,35000,,48500,,0,,,,07/28/2025 10:12
ara2_f4e367af,Nellore,07/03/2025,No,Treatment,Stocking,Chaitanya,Verbal communication,,,Grow-out,2992.0,,"Roopchand, Rohu (Labeo rohita)",9:1,1000.0,3000.0,100.0,,,,,,,,,2992,3650.0,2992.0,3650.0,0.0,,,,,,1,Sun dried the pond bottom,,,,,,,,,,07/06/2025 06:30
ara2_fdcc3d9a,Eluru,07/02/2025,No,Treatment,Harvest,Chaitanya,Verbal communication,,,Grow-out,0.0,,"Catla (Catla catla), Rohu (Labeo rohita)",,,,1000.0,,,,,,,,,,,,,,,,,,,,,Planned harvest,35000,,0,,0,,,,08/04/2025 06:53
ara2_78cbfd0d,Nellore,07/02/2025,No,Treatment,Stocking,Chaitanya,Verbal communication,,,Grow-out,2165.0,,"Catla (Catla catla), Rohu (Labeo rohita)",9:1,1000.0,3000.0,100.0,,,,,,,,,3043,7030.0,2165.0,5000.0,2028.0,,,,,,1,"Sun dried the pond bottom, removed sludge and strengthened the dykes ",,,,,,,,,Yes,07/06/2025 06:24
ara2_0b1b03bb,Eluru,06/30/2025,No,Treatment,Harvest,Chaitanya,Verbal communication,,,Breed-out,0.0,,"Catla (Catla catla), Rohu (Labeo rohita)",,,,200.0,,,,,,,,,,,,,,,,,,,,,Planned harvest,24000,,0,,1,"Remove the water, sun dry pond bottom and add medicines to eradicate tilapia eggs and add bottom cleansing additives.",,,07/23/2025 06:38
ara2_aa21af30,Eluru,06/30/2025,No,Treatment,Stocking,Praveen,Verbal communication,,,Grow-out,2424.0,,"Catla (Catla catla), Rohu (Labeo rohita)",9:1,1200.0,3000.0,150.0,,,,,,,,,2424,40000.0,2424.0,40000.0,0.0,,,,,,0,,,,,,,,,,,07/03/2025 04:01
ara2_bddfa227,Nellore,06/29/2025,No,Treatment,Stocking,Chaitanya,Verbal communication,,,Grow-out,2841.0,,Roopchand,10,1000.0,3000.0,200.0,,,,,,,,,2841,2500.0,2841.0,2500.0,0.0,,,,,,1,"Sun dried the pond bottom, ploughed",,,,,,,,,,07/06/2025 06:14
ara2_bd12b267,Nellore,06/28/2025,No,Treatment,Harvest,Chaitanya,Verbal communication,,,Grow-out,0.0,,"Catla (Catla catla), Rohu (Labeo rohita)",,,,650.0,,,,,,,,,,,,,,,,,,,,,Planned harvest,4550,,0,,0,,"Pond lease time has ended, still not sure whether he will continue culture in this pond or not.",,07/08/2025 04:11
ara2_1b6714d3,Nellore,06/28/2025,No,Treatment,Stocking,Chaitanya,Verbal communication,,,Grow-out,2857.0,,"Catla (Catla catla), Rohu (Labeo rohita), Roopchand",8.5:1:0.5,1000.0,3000.0,150.0,,,,,,,,,2857,5000.0,2857.0,5000.0,0.0,,,,,,1,Sun dried the pond bottom,,,,,,,,,,07/06/2025 06:36
ara2_09faa72c,Eluru,06/28/2025,No,Treatment,Partial harvest,Praveen,Verbal communication,,,Grow-out,2130.0,,"Catla (Catla catla), Rohu (Labeo rohita)",,,,1000.0,,,,,,,,,,,,,,,,,,,,,Planned harvest,12000,,23000,,0,,,,07/03/2025 04:48
ara2_e6fe1327,Eluru,06/28/2025,No,Treatment,Harvest,Praveen,Verbal communication,,,Breed-out,0.0,,"Catla (Catla catla), Rohu (Labeo rohita), Roopchand",,,,500.0,,,,,,,,,,,,,,,,,,,,,Planned harvest,,,0,,0,,The farmer did not get the expected growth and hence had to keep them for a long time. The farmer has harvested the entire pond and sold them to another grow-out farmer.,,06/30/2025 07:00
ara2_858b914c,Eluru,06/27/2025,No,Treatment,Partial stocking,Praveen,Verbal communication,,,Rearing,35714.0,,"Catla (Catla catla), Rohu (Labeo rohita)",9:1,80.0,80000.0,30.0,,,,,,,,,35714,250000.0,35714.0,250000.0,0.0,,,,,,0,,,,,,,,,,,07/03/2025 04:04
ara2_0ac139b5,Eluru,06/27/2025,No,Treatment,Stocking,Praveen,Verbal communication,,,Grow-out,2432.0,,"Catla (Catla catla), Rohu (Labeo rohita)",9:1,1200.0,3000.0,200.0,,,,,,,,,2432,90000.0,2432.0,90000.0,0.0,,,,,,0,,,,,,,,,,,07/03/2025 03:57
ara2_33f93df9,Eluru,06/26/2025,No,Treatment,Stocking,Chaitanya,Verbal communication,,,Grow-out,1667.0,,"Catla (Catla catla), Rohu (Labeo rohita)",9:1,1200.0,2500.0,350.0,,,,,,,,,1667,50000.0,1667.0,50000.0,0.0,,,,,,0,,,,,,,,,,,07/30/2025 07:47
ara2_aa21af30,Eluru,06/24/2025,No,Treatment,Harvest,Praveen,Verbal communication,,,Grow-out,0.0,,"Catla (Catla catla), Rohu (Labeo rohita)",,,,1400.0,,,,,,,,,,,,,,,,,,,,,Planned harvest,55000,,0,,0,,,,07/03/2025 03:59
ara2_ba07d622,Eluru,06/22/2025,No,Treatment,Stocking,Chaitanya,Verbal communication,,,Breed-out,4854.0,,"Catla (Catla catla), Rohu (Labeo rohita)",9:1,300.0,10000.0,50.0,,,,,,,,,4854,50000.0,4854.0,50000.0,0.0,,,,,,0,,,,,,,,,,,07/30/2025 07:41
ara2_000384fb,Eluru,06/22/2025,No,Treatment,Harvest,Praveen,Verbal communication,,,Grow-out,0.0,,"Catla (Catla catla), Rohu (Labeo rohita)",,,,1500.0,,,,,,,,,,,,,,,,,,,,,Planned harvest,25000,,0,,1,The farmer is planning to sun-dry the pond and do the pond preparation before stocking again.,,,06/26/2025 08:02
ara2_4e2f7bb0,Eluru,06/21/2025,No,Treatment,Harvest,Praveen,Verbal communication,,,Grow-out,0.0,,"Catla (Catla catla), Rohu (Labeo rohita)",,,,2000.0,,,,,,,,,,,,,,,,,,,,,Planned harvest,100000,,0,,0,,,,06/30/2025 07:03
ara2_f0f921b2,Eluru,06/20/2025,No,Treatment,Stocking,Chaitanya,Verbal communication,,,Breed-out,8928.0,,"Catla (Catla catla), Rohu (Labeo rohita)",9:1,250.0,12000.0,50.0,,,,,,,,,8928,50000.0,8928.0,50000.0,0.0,,,,,,0,,,,,,,,,,,07/15/2025 06:51
ara2_858b914c,Eluru,06/20/2025,No,Treatment,Partial harvest,Praveen,Verbal communication,,,Rearing,14286.0,,"Catla (Catla catla), Rohu (Labeo rohita)",,,,80.0,,,,,,,,,,,,,,,,,,,,,Planned harvest,20000,,100000,,0,,,,06/23/2025 08:23
ara2_148f1633,Eluru,06/20/2025,No,Treatment,Stocking,Praveen,Verbal communication,,,Breed-out,7381.0,,"Catla (Catla catla), Rohu (Labeo rohita)",9:1,250.0,12000.0,80.0,,,,,,,,,7381,77500.0,7381.0,77500.0,0.0,,,,,,0,,,,,,,,,,,06/23/2025 08:21
ara2_148f1633,Eluru,06/19/2025,No,Treatment,Harvest,Praveen,Verbal communication,,,Breed-out,0.0,,"Catla (Catla catla), Rohu (Labeo rohita)",,,,600.0,,,,,,,,,,,,,,,,,,,,,Planned harvest,46800,,0,,0,,,,06/23/2025 08:19
ara2_7bd7da7f,Eluru,06/17/2025,No,Treatment,Partial harvest,Praveen,Verbal communication,,,Nursery,117647.0,,Catla (Catla catla),,,,50.0,,,,,,,,,,,,,,,,,,,,,Planned harvest,,,100000,,0,,This is a Nursery pond so the farmer did not tell us the harvest in Kgs.,,06/26/2025 05:18
ara2_084db03a,Eluru,06/17/2025,No,Treatment,Stocking,Praveen,Verbal communication,,,Rearing,60000.0,,Catla (Catla catla),0:10,100.0,80000.0,50.0,,,,,,,,,60000,90000.0,60000.0,90000.0,0.0,,,,,,0,,,,,,,,,,,06/26/2025 05:15
ara2_0ac139b5,Eluru,06/13/2025,No,Treatment,Harvest,Praveen,Verbal communication,,,Grow-out,0.0,,"Catla (Catla catla), Rohu (Labeo rohita)",,,,1500.0,,,,,,,,,,,,,,,,,,,,,Planned harvest,145000,,0,,0,,,,06/23/2025 08:28
ara2_0f0eef00,Eluru,06/12/2025,No,Treatment,Stocking,Praveen,Verbal communication,,,Grow-out,3155.0,,"Catla (Catla catla), Rohu (Labeo rohita)",9:1,1000.0,3000.0,300.0,,,,,,,,,3155,30000.0,3155.0,30000.0,0.0,,,,,,0,,,,,,,,,,,06/17/2025 06:29
ara2_f0f921b2,Eluru,06/10/2025,No,Treatment,Harvest,Chaitanya,Verbal communication,,,Grow-out,0.0,,"Catla (Catla catla), Rohu (Labeo rohita)",,,,800.0,,,,,,,,,,,,,,,,,,,,,,,,0,,0,,Sold all the fishes present in the pond to another farmer as he decided to shift to breed-out as grow out culture is taking very long.,,07/15/2025 06:48
ara2_3c5dafd2,Eluru,06/10/2025,No,Treatment,Stocking,Praveen,Verbal communication,,,Breed-out,7368.0,,"Catla (Catla catla), Rohu (Labeo rohita)",9:1,300.0,8500.0,10.0,,,,,,,,,7368,70000.0,7368.0,70000.0,0.0,,,,,,0,,,,,,,,,,,06/17/2025 06:33
ara2_2ae80458,Eluru,06/08/2025,No,Treatment,Stocking,Praveen,Verbal communication,,,Breed-out,6452.0,,"Catla (Catla catla), Rohu (Labeo rohita)",9:1,500.0,6000.0,150.0,,,,,,,,,6452,30000.0,6452.0,30000.0,0.0,,,,,,0,,,,,,,,,,,06/10/2025 08:14
ara2_368849b6,Eluru,06/07/2025,No,Treatment,Stocking,Praveen,Verbal communication,,,Grow-out,2108.0,,"Catla (Catla catla), Rohu (Labeo rohita)",9:1,1200.0,3000.0,700.0,,,,,,,,,2108,105000.0,2108.0,105000.0,0.0,,,,,,0,,,,,,,,,,,06/09/2025 08:45
ara2_3ed4df8e,Eluru,06/06/2025,No,Treatment,Stocking,Praveen,Verbal communication,,,Grow-out,2661.0,,"Catla (Catla catla), Rohu (Labeo rohita)",9:1,1000.0,3000.0,200.0,,,,,,,,,2661,40000.0,2661.0,40000.0,0.0,,,,,,0,,,,,,,,,,,06/13/2025 03:07
ara2_084db03a,Eluru,06/05/2025,No,Treatment,Harvest,Praveen,Verbal communication,,,Breed-out,0.0,,Catla (Catla catla),,,,300.0,,,,,,,,,,,,,,,,,,,,,Planned harvest,6000,,0,,0,,,,06/26/2025 05:04
ara2_55de7689,Eluru,06/04/2025,No,Treatment,Stocking,Praveen,Verbal communication,,,Grow-out,1702.0,,"Catla (Catla catla), Rohu (Labeo rohita)",9:1,1000.0,3000.0,500.0,,,,,,,,,1702,40000.0,1702.0,40000.0,0.0,,,,,,0,,,,,,,,,,,06/05/2025 07:54
ara2_4441fb4f,Eluru,06/02/2025,No,Treatment,Stocking,Praveen,Verbal communication,,,Rearing,35088.0,,"Catla (Catla catla), Rohu (Labeo rohita)",9:1,100.0,80000.0,20.0,,,,,,,,,35088,100000.0,35088.0,100000.0,0.0,,,,,,0,,,,,,,,,,,06/04/2025 05:08
ara2_2a44ce37,Eluru,06/01/2025,Yes,,Stocking,Praveen,,,,Breed-out,7411.0,0.0,"Catla (Catla catla), Rohu (Labeo rohita)",9:1,250.0,12000.0,50.0,,,,,,,,,7411,,7411.0,,0.0,,,,,,0,,,,,,,,,,,07/03/2025 04:29
ara2_e985ca4a,Eluru,06/01/2025,No,Treatment,Stocking,Praveen,Verbal communication,,,Breed-out,5842.0,,"Catla (Catla catla), Rohu (Labeo rohita)",9:1,250.0,12000.0,100.0,,,,,,,,,5842,43000.0,5842.0,43000.0,0.0,,,,,,0,,,,,,,,,,,06/05/2025 08:02
ara2_4441fb4f,Eluru,05/31/2025,No,Treatment,Harvest,Praveen,Verbal communication,,,Nursery,0.0,,"Catla (Catla catla), Rohu (Labeo rohita)",,,,60.0,,,,,,,,,,,,,,,,,,,,,Planned harvest,,,0,,0,,This was a Nursery pond and hence the harvest is not entered in Kgs.,,06/04/2025 05:05
ara2_6ca69422,Eluru,05/30/2025,No,Treatment,Partial harvest,Praveen,Verbal communication,,,Grow-out,2717.0,,"Catla (Catla catla), Rohu (Labeo rohita)",,,,300.0,,,,,,,,,,,,,,,,,,,,,Planned harvest,7500,,25000,,0,,,,06/17/2025 06:40
ara2_d52ddb31,Eluru,05/30/2025,No,Treatment,Stocking,Praveen,Verbal communication,,,Grow-out,2486.0,,"Catla (Catla catla), Rohu (Labeo rohita)",9:1,1000.0,3000.0,300.0,,,,,,,,,2486,45000.0,2486.0,45000.0,0.0,,,,,,0,,,,,,,,,,,06/05/2025 08:06
ara2_0f143c64,Eluru,05/30/2025,No,Treatment,Harvest,Praveen,Verbal communication,,,Breed-out,0.0,,"Catla (Catla catla), Rohu (Labeo rohita)",,,,250.0,,,,,,,,,,,,,,,,,,,,,Planned harvest,,,0,,0,,This is a breed-out pond. The farmer has harvested in number of fishes and hence did not inform us in Kgs.,,06/05/2025 07:57
ara2_f5e499f4,Eluru,05/29/2025,No,Treatment,Stocking,Praveen,Verbal communication,,,Breed-out,15000.0,,"Catla (Catla catla), Rohu (Labeo rohita)",9:1,150.0,20000.0,20.0,,,,,,,,,15000,75000.0,15000.0,75000.0,0.0,,,,,,1,The farmer has sun-dried the pond before stocking.,,,,,,,,,,06/05/2025 08:20
ara2_55de7689,Eluru,05/28/2025,No,Treatment,Harvest,Praveen,Verbal communication,,,Grow-out,0.0,,"Catla (Catla catla), Rohu (Labeo rohita)",,,,1200.0,,,,,,,,,,,,,,,,,,,,,Planned harvest,60000,,0,,0,,,,06/05/2025 07:53
ara2_970ce848,Eluru,05/28/2025,No,Treatment,Stocking,Praveen,Verbal communication,,,Breed-out,3466.0,,"Catla (Catla catla), Rohu (Labeo rohita)",9:1,500.0,6000.0,250.0,,,,,,,,,3466,75000.0,3466.0,75000.0,0.0,,,,,,0,,,,,,,,,,,06/05/2025 08:23
ara2_7c20400e,Eluru,05/27/2025,No,Treatment,Harvest,Praveen,Verbal communication,,,Breed-out,0.0,,"Catla (Catla catla), Rohu (Labeo rohita)",,,,300.0,,,,,,,,,,,,,,,,,,,,,Planned harvest,,,0,,1,The farmer is planning to repair the dikes before stocking again.,This is a breed-out pond. The farmer has harvested in number of fishes and hence did not inform us in Kgs.,,05/30/2025 05:48
ara2_163f5bc2,Eluru,05/26/2025,No,Treatment,Stocking,Praveen,Verbal communication,,,Grow-out,2500.0,,"Catla (Catla catla), Rohu (Labeo rohita)",9:1,1200.0,3000.0,400.0,,,,,,,,,2500,55000.0,2500.0,55000.0,0.0,,,,,,0,,,,,,,,,,,06/05/2025 08:14
ara2_e47a8d26,Eluru,05/24/2025,No,Treatment,Stocking,Praveen,Verbal communication,,,Grow-out,1556.0,,"Catla (Catla catla), Rohu (Labeo rohita)",9:1,1200.0,3000.0,450.0,,,,,,,,,1556,35000.0,1556.0,35000.0,0.0,,,,,,0,,,,,,,,,,,06/10/2025 08:27
ara2_46286ebb,Eluru,05/24/2025,No,Treatment,Stocking,Praveen,Verbal communication,,,Grow-out,2556.0,,"Catla (Catla catla), Rohu (Labeo rohita)",9:1,1200.0,3000.0,350.0,,,,,,,,,2556,57500.0,2556.0,57500.0,0.0,,,,,,0,,,,,,,,,,,05/28/2025 05:08
ara2_cd288d30,Nellore,05/23/2025,No,Treatment,Harvest,Chaitanya,Verbal communication,,,Grow-out,0.0,,"Catla (Catla catla), Rohu (Labeo rohita)",,,,876.0,,,,,,,,,,,,,,,,,,,,,Planned harvest,1600,,0,,1,Sun dried the pond bottom.,,,07/06/2025 05:46
ara2_7ac87fad,Eluru,05/23/2025,No,Treatment,Stocking,Praveen,Verbal communication,,,Grow-out,2182.0,,"Catla (Catla catla), Rohu (Labeo rohita)",9:1,1200.0,3000.0,400.0,,,,,,,,,2182,60000.0,2182.0,60000.0,0.0,,,,,,0,,,,,,,,,,,06/10/2025 08:23
ara2_3c5dafd2,Eluru,05/23/2025,No,Treatment,Harvest,Praveen,Verbal communication,,,Breed-out,0.0,,"Catla (Catla catla), Rohu (Labeo rohita)",,,,350.0,,,,,,,,,,,,,,,,,,,,,Planned harvest,,,0,,0,,This is a breed-out pond. The farmer has harvested in number of fishes and hence did not inform us in Kgs.,,05/26/2025 05:26
ara2_cb372445,Eluru,05/20/2025,No,Treatment,Partial stocking,Praveen,Verbal communication,,,Breed-out,8046.0,,"Catla (Catla catla), Rohu (Labeo rohita)",9:1,350.0,8500.0,180.0,,,,,,,,,8046,70000.0,8046.0,70000.0,0.0,,,,,,0,,,,,,,,,,,06/10/2025 08:19
ara2_7bd7da7f,Eluru,05/20/2025,No,Treatment,Stocking,Praveen,Verbal communication,,,Nursery,235294.0,,"Catla (Catla catla), Rohu (Labeo rohita)",9:1,50.0,100000.0,10.0,,,,,,,,,235294,200000.0,235294.0,200000.0,0.0,,,,,,0,,,,,,,,,,,05/28/2025 05:22
ara2_50841581,Eluru,05/20/2025,No,Treatment,Partial harvest,Praveen,Verbal communication,,,Breed-out,4500.0,,"Catla (Catla catla), Rohu (Labeo rohita)",,,,500.0,,,,,,,,,,,,,,,,,,,,,Planned harvest,,,90000,,0,,,,05/27/2025 05:24
ara2_b0a5ed5f,Eluru,05/19/2025,No,Treatment,Harvest,Praveen,Verbal communication,,,Grow-out,0.0,,"Catla (Catla catla), Rohu (Labeo rohita)",,,,1800.0,,,,,,,,,,,,,,,,,,,,,Planned harvest,111000,,0,,0,,,,06/05/2025 08:29
ara2_83b11f44,Nellore,05/17/2025,No,Treatment,Harvest,Chaitanya,Verbal communication,,,Grow-out,0.0,,"Catla (Catla catla), Rohu (Labeo rohita)",,,,900.0,,,,,,,,,,,,,,,,,,,,,Planned harvest,6300,,0,,1,Sun dried the pond bottom,,,07/06/2025 05:33
ara2_06ad2d07,Eluru,05/17/2025,No,Treatment,Stocking,Praveen,Verbal communication,,,Grow-out,2560.0,,"Catla (Catla catla), Rohu (Labeo rohita)",9:1,1000.0,3000.0,250.0,,,,,,,,,2560,43000.0,2560.0,43000.0,0.0,,,,,,0,,,,,,,,,,,05/20/2025 06:41
ara2_50c225c4,Nellore,05/16/2025,No,Treatment,Harvest,Chaitanya,Verbal communication,,,Grow-out,0.0,,"Catla (Catla catla), Rohu (Labeo rohita)",,,,840.0,,,,,,,,,,,,,,,,,,,,,Planned harvest,4200,,0,,1,Sun dried the pond bottom,,,07/06/2025 05:29
ara2_7ac87fad,Eluru,05/16/2025,No,Treatment,Harvest,Praveen,Verbal communication,,,Grow-out,0.0,,"Catla (Catla catla), Rohu (Labeo rohita)",,,,1200.0,,,,,,,,,,,,,,,,,,,,,Planned harvest,72000,,0,,0,,,,06/10/2025 08:22
ara2_227eb8cd,Eluru,05/15/2025,No,Treatment,Partial harvest,Praveen,Verbal communication,,,Breed-out,2000.0,,"Catla (Catla catla), Rohu (Labeo rohita)",,,,300.0,,,,,,,,,,,,,,,,,,,,,Planned harvest,,,60000,,0,,"The farmer has stocked 200000 fish. He has harvested 100000 fish on May 15, 2025. There were about 40000 mortalities because of disease and predation. 60000 fish are left in the pond now.",,05/27/2025 05:28
ara2_33f93df9,Eluru,05/15/2025,No,Treatment,Harvest,Praveen,Verbal communication,,,Breed-out,0.0,,"Catla (Catla catla), Rohu (Labeo rohita)",,,,250.0,,,,,,,,,,,,,,,,,,,,,Planned harvest,,,0,,0,,This is a breed-out pond. The farmer has harvested in number of fishes and hence did not inform us in Kgs.,,05/26/2025 05:24
ara2_0f0eef00,Eluru,05/15/2025,No,Treatment,Harvest,Praveen,Verbal communication,,,Grow-out,0.0,,"Catla (Catla catla), Rohu (Labeo rohita)",,,,1300.0,,,,,,,,,,,,,,,,,,,,,Planned harvest,40000,,0,,0,,,,05/26/2025 05:23
ara2_27f8f56a,Eluru,05/15/2025,No,Treatment,Stocking,Praveen,Verbal communication,,,Grow-out,2268.0,,"Catla (Catla catla), Rohu (Labeo rohita)",9:1,1200.0,3000.0,300.0,,,,,,,,,2268,100000.0,2268.0,100000.0,0.0,,,,,,0,,,,,,,,,,,05/20/2025 06:38
ara2_0c7bd285,Nellore,05/14/2025,No,Treatment,Harvest,Chaitanya,Verbal communication,,,Grow-out,0.0,,"Catla (Catla catla), Rohu (Labeo rohita)",,,,830.0,,,,,,,,,,,,,,,,,,,,,Planned harvest,5810,,0,,1,"Sun dried the pond bottom, removed sludge and strengthened the dykes.",,,07/06/2025 05:18
ara2_e47a8d26,Eluru,05/12/2025,No,Treatment,Harvest,Praveen,Verbal communication,,,Grow-out,0.0,,"Catla (Catla catla), Rohu (Labeo rohita)",,,,1100.0,,,,,,,,,,,,,,,,,,,,,Planned harvest,39000,,0,,0,,,,06/10/2025 08:26
ara2_249e0180,Eluru,05/12/2025,No,Treatment,Harvest,Praveen,Verbal communication,,,Grow-out,0.0,,"Catla (Catla catla), Rohu (Labeo rohita)",,,,1200.0,,,,,,,,,,,,,,,,,,,,,Planned harvest,130000,,0,,1,The farmer is planning to drain the pond and do bottom treatment before stocking again.,,,06/09/2025 08:48
ara2_163f5bc2,Eluru,05/12/2025,No,Treatment,Harvest,Praveen,Verbal communication,,,Grow-out,0.0,,"Catla (Catla catla), Rohu (Labeo rohita)",,,,1100.0,,,,,,,,,,,,,,,,,,,,,Planned harvest,58000,,0,,0,,,,06/05/2025 08:12
ara2_0b0bdb08,Nellore,05/10/2025,No,Treatment,Stocking,Chaitanya,Verbal communication,,,Grow-out,2762.0,,"Catla (Catla catla), Rohu (Labeo rohita)",9:1,1000.0,3000.0,200.0,,,,,,,,,2762,5000.0,2762.0,5000.0,0.0,,,,,,1,Sun dried the pond bottom,,,,,,,,,,07/06/2025 06:03
ara2_cb372445,Eluru,05/07/2025,No,Treatment,Partial harvest,Praveen,Verbal communication,,,Breed-out,2299.0,,"Catla (Catla catla), Rohu (Labeo rohita)",,,,400.0,,,,,,,,,,,,,,,,,,,,,Planned harvest,24000,,20000,,0,,,,06/10/2025 08:16
ara2_d52ddb31,Eluru,05/07/2025,No,Treatment,Harvest,Praveen,Verbal communication,,,Grow-out,0.0,,"Catla (Catla catla), Rohu (Labeo rohita)",,,,2400.0,,,,,,,,,,,,,,,,,,,,,Planned harvest,48000,,0,,0,,,,05/20/2025 07:03
ara2_b0010581,Nellore,05/06/2025,No,Treatment,Stocking,Chaitanya,Verbal communication,,,Rearing,22923.0,,"Catla (Catla catla), Rohu (Labeo rohita)",9:1,100.0,30000.0,5.0,,,,,,,,,22923,80000.0,22923.0,80000.0,0.0,,,,,,1,Sun dried the pond bottom and ploughed,,,,,,,,,,07/06/2025 05:55
ara2_ba07d622,Eluru,05/06/2025,No,Treatment,Harvest,Praveen,Verbal communication,,,Breed-out,0.0,,"Catla (Catla catla), Rohu (Labeo rohita)",,,,250.0,,,,,,,,,,,,,,,,,,,,,Planned harvest,,,0,,0,,This is a breed-out pond. The farmer has harvested the entire pond and did not inform us in Kgs.,,05/26/2025 05:21
ara2_6452000e,Eluru,05/06/2025,No,Treatment,Harvest,Praveen,Verbal communication,,,Nursery,0.0,,"Catla (Catla catla), Rohu (Labeo rohita)",,,,50.0,,,,,,,,,,,,,,,,,,,,,Planned harvest,,,0,,1,The farmer is sun-drying the pond.,This is a Nursery pond and hence the farmer did not inform us in Kgs.,,05/16/2025 07:13
ara2_dedca16a,Nellore,05/04/2025,No,Treatment,Stocking,Chaitanya,Verbal communication,,,Grow-out,2920.0,,Roopchand,10,1000.0,3000.0,150.0,,,,,,,,,3659,15037.0,2920.0,12000.0,3037.0,,,,,,1,Sun dried the pond bottom,,,,,,,,,Yes,07/06/2025 06:09
ara2_4441fb4f,Eluru,05/02/2025,No,Treatment,Partial harvest,Praveen,Verbal communication,,,Nursery,140351.0,,"Catla (Catla catla), Rohu (Labeo rohita)",,,,80.0,,,,,,,,,,,,,,,,,,,,,Planned harvest,,,400000,,0,,,,05/20/2025 07:20
ara2_957cbe38,Eluru,05/02/2025,No,Treatment,Partial harvest,Praveen,Verbal communication,,,Grow-out,1115.0,,"Catla (Catla catla), Rohu (Labeo rohita)",,,,1000.0,,,,,,,,,,,,,,,,,,,,,Planned harvest,15000,,10000,,0,,,,05/20/2025 07:10
ara2_03d81c1d,Eluru,05/02/2025,No,Treatment,Partial harvest,Praveen,Verbal communication,,,Breed-out,7481.0,,"Catla (Catla catla), Rohu (Labeo rohita)",,,,200.0,,,,,,,,,,,,,,,,,,,,,Planned harvest,,,60000,,0,,,,05/20/2025 06:57
ara2_3ed4df8e,Eluru,05/01/2025,No,Treatment,Harvest,Praveen,Verbal communication,,,Grow-out,0.0,,"Catla (Catla catla), Rohu (Labeo rohita)",,,,1000.0,,,,,,,,,,,,,,,,,,,,,Planned harvest,50000,,0,,0,,,,05/20/2025 06:52
ara2_f5124b92,Eluru,04/30/2025,No,Treatment,Partial harvest,Praveen,Verbal communication,,,Grow-out,896.0,,"Catla (Catla catla), Rohu (Labeo rohita)",,,,1000.0,,,,,,,,,,,,,,,,,,,,,Planned harvest,13000,,7000,,0,,,,05/20/2025 07:13
ara2_3eab831e,Eluru,04/30/2025,No,Treatment,Partial harvest,Praveen,Verbal communication,,,Breed-out,3366.0,,"Catla (Catla catla), Rohu (Labeo rohita)",,,,250.0,,,,,,,,,,,,,,,,,,,,,Planned harvest,,,34000,,0,,,,05/19/2025 05:09
ara2_c2394795,Eluru,04/30/2025,No,Treatment,Stocking,Praveen,Verbal communication,,,Breed-out,9524.0,,"Catla (Catla catla), Rohu (Labeo rohita)",9:1,250.0,12000.0,40.0,,,,,,,,,9524,60000.0,9524.0,60000.0,0.0,,,,,,0,,,,,,,,,,,05/09/2025 06:21
ara2_6452000e,Eluru,04/30/2025,No,Treatment,Partial harvest,Praveen,Verbal communication,,,Nursery,140000.0,,"Catla (Catla catla), Rohu (Labeo rohita)",,,,40.0,,,,,,,,,,,,,,,,,,,,,Planned harvest,,,210000,,0,,,,05/09/2025 06:13
ara2_b32cef11,Eluru,04/30/2025,No,Treatment,Stocking,Praveen,Verbal communication,,,Grow-out,2227.0,,"Catla (Catla catla), Rohu (Labeo rohita)",9:1,1200.0,3000.0,300.0,,,,,,,,,2227,55000.0,2227.0,55000.0,0.0,,,,,,0,,,,,,,,,,,05/01/2025 04:52
ara2_b245aae1,Eluru,04/27/2025,No,Treatment,Stocking,Praveen,Verbal communication,,,Grow-out,1529.0,,"Catla (Catla catla), Rohu (Labeo rohita)",9:1,1500.0,3000.0,200.0,,,,,,,,,1529,26000.0,1529.0,26000.0,0.0,,,,,,0,,,,,,,,,,,04/29/2025 07:44
ara2_cf6f1332,Eluru,04/26/2025,No,Treatment,Harvest,Praveen,Verbal communication,,,Grow-out,0.0,,"Catla (Catla catla), Rohu (Labeo rohita)",,,,1000.0,,,,,,,,,,,,,,,,,,,,,Planned harvest,65000,,0,,0,,The harvest numbers are less than the stocking numbers as there were some mortalities in the pond during this cycle.,,05/30/2025 05:43
ara2_29c9448f,Eluru,04/26/2025,No,Treatment,Partial harvest,Praveen,Verbal communication,,,Breed-out,8000.0,,"Catla (Catla catla), Rohu (Labeo rohita)",,,,300.0,,,,,,,,,,,,,,,,,,,,,Planned harvest,,,64000,,0,,The farmer has shifted the fish harvested from this pond into his another pond (ara2_29c9448f).,,05/09/2025 06:09
ara2_2e53f20a,Eluru,04/26/2025,No,Treatment,Stocking,Praveen,Verbal communication,,,Grow-out,1534.0,,"Catla (Catla catla), Rohu (Labeo rohita)",9:1,1500.0,3000.0,300.0,,,,,,,,,1534,56000.0,1534.0,56000.0,0.0,,,,,,0,,,,,,,,,,,05/09/2025 06:04
ara2_725e7f3b,Eluru,04/25/2025,No,Treatment,Stocking,Praveen,Verbal communication,,,Grow-out,2957.0,,"Catla (Catla catla), Rohu (Labeo rohita)",9:1,1000.0,3000.0,250.0,,,,,,,,,2957,70000.0,2957.0,70000.0,0.0,,,,,,0,,,,,,,,,,,05/20/2025 06:45
ara2_2ae80458,Eluru,04/25/2025,No,Treatment,Harvest,Praveen,Verbal communication,,,Breed-out,0.0,,"Catla (Catla catla), Rohu (Labeo rohita)",,,,310.0,,,,,,,,,,,,,,,,,,,,,Planned harvest,9500,,0,,0,,,,05/09/2025 09:16
ara2_f5e499f4,Eluru,04/25/2025,No,Treatment,Harvest,Praveen,Verbal communication,,,Breed-out,0.0,,"Catla (Catla catla), Rohu (Labeo rohita)",,,,320.0,,,,,,,,,,,,,,,,,,,,,Planned harvest,24000,,0,,1,The farmer is planning to sun-dry the pond before stocking again.,,,05/09/2025 09:12
ara2_46286ebb,Eluru,04/25/2025,No,Treatment,Harvest,Praveen,Verbal communication,,,Grow-out,0.0,,"Catla (Catla catla), Rohu (Labeo rohita)",,,,1400.0,,,,,,,,,,,,,,,,,,,,,Planned harvest,84000,,0,,0,,,,05/09/2025 09:03
ara2_b32cef11,Eluru,04/25/2025,No,Treatment,Harvest,Praveen,Verbal communication,,,Grow-out,0.0,,"Catla (Catla catla), Rohu (Labeo rohita)",,,,1500.0,,,,,,,,,,,,,,,,,,,,,Planned harvest,94000,,0,,0,,,,05/01/2025 04:50
ara2_b18c32b8,Nellore,04/24/2025,No,Treatment,Stocking,Chaitanya,Verbal communication,,,Grow-out,2833.0,,Rohu (Labeo rohita),10,1000.0,3000.0,100.0,,100.0,,,,,,,2833,4250.0,2833.0,4250.0,0.0,,,,,,1,Sun dried the pond bottom,,,,,,,,,,04/25/2025 12:05
ara2_b245aae1,Eluru,04/23/2025,No,Treatment,Harvest,Praveen,Verbal communication,,,Grow-out,0.0,,"Catla (Catla catla), Rohu (Labeo rohita)",,,,1500.0,,,,,,,,,,,,,,,,,,,,,Planned harvest,45000,,0,,0,,,,04/29/2025 07:42
ara2_b0a9aa2d,Eluru,04/22/2025,No,Treatment,Harvest,Praveen,Verbal communication,,,Grow-out,0.0,,"Catla (Catla catla), Rohu (Labeo rohita)",,,,1200.0,,,,,,,,,,,,,,,,,,,,,Planned harvest,96000,,0,,0,,,,05/20/2025 07:07
ara2_970ce848,Eluru,04/21/2025,No,Treatment,Harvest,Praveen,Verbal communication,,,Grow-out,0.0,,"Catla (Catla catla), Rohu (Labeo rohita)",,,,1000.0,,,,,,,,,,,,,,,,,,,,,Planned harvest,55000,,0,,0,,,,05/09/2025 09:08
ara2_98d96403,Nellore,04/20/2025,No,Treatment,Harvest,Chaitanya,Verbal communication,,,Grow-out,0.0,,Roopchand,,,,960.0,,,,,,,,,,,,,,,,,,,,,Planned harvest,2400,,0,,1,"Sun dried the pond bottom, ploughed and strengthened the dykes.",,,07/06/2025 05:05
ara2_733d0028,Eluru,04/20/2025,No,Treatment,Stocking,Praveen,Verbal communication,,,Breed-out,11852.0,,"Catla (Catla catla), Rohu (Labeo rohita)",9:1,250.0,12000.0,50.0,,,,,,,,,11852,80000.0,11852.0,80000.0,0.0,,,,,,0,,,,,,,,,,,05/01/2025 04:55
ara2_4ce1c3bb,Eluru,04/20/2025,No,Treatment,Harvest,Praveen,Verbal communication,,,Breed-out,0.0,,"Catla (Catla catla), Rohu (Labeo rohita)",,,,200.0,,,,,,,,,,,,,,,,,,,,,Planned harvest,,,0,,0,,,,04/29/2025 09:30
ara2_2167f891,Eluru,04/20/2025,No,Treatment,Harvest,Praveen,Verbal communication,,,Rearing,0.0,,"Catla (Catla catla), Rohu (Labeo rohita)",,,,50.0,,,,,,,,,,,,,,,,,,,,,Planned harvest,,,0,,0,,,,04/29/2025 07:29
ara2_4b73da19,Eluru,04/18/2025,No,Treatment,Harvest,Praveen,Verbal communication,,,Grow-out,0.0,,"Catla (Catla catla), Rohu (Labeo rohita)",,,,1200.0,,,,,,,,,,,,,,,,,,,,,Planned harvest,81000,,0,,1,The farmer is planning to treat the bottom before stocking again.,,,04/29/2025 09:32
ara2_00793177,Eluru,04/17/2025,No,Treatment,Stocking,Praveen,Verbal communication,,,Grow-out,2180.0,,"Catla (Catla catla), Rohu (Labeo rohita)",9:1,1200.0,3000.0,250.0,,,,,,,,,2180,80000.0,2180.0,80000.0,0.0,,,,,,0,,,,,,,,,,,04/29/2025 07:39
ara2_ee15e2a0,Nellore,04/17/2025,No,Treatment,Harvest,Chaitanya,Verbal communication,,,Grow-out,0.0,,"Catla (Catla catla), Rohu (Labeo rohita)",,,,870.0,,870.0,,,,,,,,,,,,,,,,,,,Planned harvest,11300,,0,,0,,,,04/25/2025 10:22
ara2_237abe57,Nellore,04/16/2025,No,Treatment,Harvest,Chaitanya,Verbal communication,,,Grow-out,0.0,,"Catla (Catla catla), Rohu (Labeo rohita)",,,,753.0,,,,,,,,,,,,,,,,,,,,,Planned harvest,1883,,0,,1,Sun dried the pond bottom and ploughed,,,07/06/2025 05:00
ara2_2e53f20a,Eluru,04/16/2025,No,,Harvest,Praveen,Verbal communication,,,Grow-out,0.0,,"Catla (Catla catla), Rohu (Labeo rohita)",,,,2000.0,,,,,,,,,,,,,,,,,,,,,Planned harvest,105000,,0,,0,,,,05/09/2025 06:01
ara2_e7d0223c,Nellore,04/16/2025,No,Treatment,Stocking,Chaitanya,Verbal communication,,,Grow-out,1737.0,,"Catla (Catla catla), Rohu (Labeo rohita)",9:1,1000.0,3000.0,350.0,,350.0,,,,,,,1737,3700.0,1737.0,3700.0,0.0,,,,,,1,"Sun dried pond bottom, ploughed and cleared debris, strengthened the dykes",,,,,,,,,,04/25/2025 11:46
ara2_27f8f56a,Eluru,04/15/2025,No,Treatment,Harvest,Praveen,Verbal communication,,,Grow-out,0.0,,"Catla (Catla catla), Rohu (Labeo rohita)",,,,1000.0,,,,,,,,,,,,,,,,,,,,,Planned harvest,84000,,0,,0,,The farmer said there might be around 3000-4000 fish left in the pond as they could not catch them in the nets.,,04/29/2025 08:31
ara2_06ad2d07,Eluru,04/15/2025,No,Treatment,Harvest,Praveen,Verbal communication,,,Grow-out,0.0,,"Catla (Catla catla), Rohu (Labeo rohita)",,,,1100.0,,,,,,,,,,,,,,,,,,,,,Planned harvest,45000,,0,,0,,,,04/29/2025 08:26
ara2_95c4b2c4,Eluru,04/15/2025,No,Treatment,Stocking,Praveen,Verbal communication,,,Grow-out,2963.0,,"Catla (Catla catla), Rohu (Labeo rohita)",9:1,1000.0,3000.0,200.0,,,,,,,,,2963,80000.0,2963.0,80000.0,0.0,,,,,,0,,,,,,,,,,,04/29/2025 07:32
ara2_733d0028,Eluru,04/15/2025,No,Treatment,Harvest,Praveen,Verbal communication,,,Breed-out,0.0,,"Catla (Catla catla), Rohu (Labeo rohita)",,,,200.0,,,,,,,,,,,,,,,,,,,,,Planned harvest,,,0,,0,,,,04/29/2025 07:28
ara2_eb49c98d,Eluru,04/13/2025,Yes,,Stocking,Praveen,,,,Rearing,34483.0,0.0,"Rohu (Labeo rohita), Catla (Catla catla)",9:1,100.0,80000.0,10.0,,,,,,,,,34483,,34483.0,,0.0,,,,,,0,,,,,,,,,,,06/11/2025 08:33
ara2_807df397,Eluru,04/13/2025,Yes,,Stocking,Praveen,,,,Breed-out,7222.0,0.0,"Catla (Catla catla), Rohu (Labeo rohita)",9:1,250.0,12000.0,30.0,,,,,,,,,7222,,7222.0,,0.0,,,,,,0,,,,,,,,,,,06/11/2025 08:31
ara2_844ff6fe,Eluru,04/13/2025,Yes,,Stocking,Praveen,,,,Breed-out,6000.0,0.0,"Catla (Catla catla), Rohu (Labeo rohita)",9:1,250.0,12000.0,40.0,,,,,,,,,6000,,6000.0,,0.0,,,,,,0,,,,,,,,,,,06/11/2025 08:23
ara2_bf22ac2f,Nellore,04/13/2025,No,Treatment,Stocking,Chaitanya,Verbal communication,,,Grow-out,3026.0,,"Catla (Catla catla), Rohu (Labeo rohita)",9:1,1000.0,3000.0,350.0,,350.0,,,,,,,3026,65000.0,3026.0,65000.0,0.0,,,,,,1,"Sun dried the pond bottom, ploughed and removed debris",,,,,,,,,,04/25/2025 11:40
ara2_46acb0f4,Eluru,04/11/2025,Yes,,Stocking,Praveen,,,,Breed-out,5263.0,0.0,"Catla (Catla catla), Rohu (Labeo rohita)",9:1,250.0,12000.0,40.0,,,,,,,,,5263,,5263.0,,0.0,,,,,,0,,,,,,,,,,,06/11/2025 08:21
ara2_f4e367af,Nellore,04/11/2025,No,Treatment,Harvest,Chaitanya,Verbal communication,,,Nursery,0.0,,"Catla (Catla catla), Rohu (Labeo rohita)",,,,50.0,,,,,,,,,,,,,,,,,,,,,Planned harvest,1900,,0,,1,"Sun dried the pond bottom, ploughed and cleared the debris",,,04/25/2025 10:12
ara2_3f9ee6c3,Nellore,04/11/2025,No,Treatment,Harvest,Chaitanya,Verbal communication,,,Grow-out,0.0,,"Catla (Catla catla), Rohu (Labeo rohita)",,,,666.0,,666.0,,,,,,,,,,,,,,,,,,,Planned harvest,8000,,0,,1,"Sun dried the pond bottom, ploughed and cleared the debris",,,04/25/2025 10:04
ara2_96339578,Eluru,04/10/2025,No,Treatment,Harvest,Praveen,Verbal communication,,,Nursery,0.0,,Roopchand,,,,100.0,,,,,,,,,,,,,,,,,,,,,Planned harvest,,,0,,1,The farmer is planning to drain the water and do the bottom treatment before stocking again.,,,04/29/2025 08:35
ara2_c9cdacda,Eluru,04/10/2025,No,Treatment,Harvest,Praveen,Verbal communication,,,Breed-out,0.0,,"Catla (Catla catla), Rohu (Labeo rohita)",,,,350.0,,,,,,,,,,,,,,,,,,,,,Planned harvest,,,0,,0,,,,04/29/2025 07:46
ara2_95c4b2c4,Eluru,04/10/2025,No,Treatment,Harvest,Praveen,Verbal communication,,,Grow-out,0.0,,"Catla (Catla catla), Rohu (Labeo rohita)",,,,600.0,,,,,,,,,,,,,,,,,,,,,Planned harvest,,,0,,0,,,,04/29/2025 07:27
ara2_27387783,Eluru,04/09/2025,Yes,,Stocking,Praveen,,,,Breed-out,10588.0,0.0,"Catla (Catla catla), Rohu (Labeo rohita)",9:1,150.0,20000.0,10.0,,,,,,,,,10588,,10588.0,,0.0,,,,,,0,,,,,,,,,,,05/12/2025 06:49
ara2_8a37ac9f,Nellore,04/09/2025,No,Treatment,Stocking,Chaitanya,Verbal communication,,,Grow-out,2451.0,,Roopchand,10,1000.0,3000.0,150.0,,,,,,150.0,,,2941,12000.0,2451.0,10000.0,1999.0,,,,,,1,Sun dried pond bottom,,,,,,,,,,04/25/2025 11:51
ara2_1b6714d3,Nellore,04/09/2025,No,Treatment,Harvest,Chaitanya,Verbal communication,,,Grow-out,0.0,,"Catla (Catla catla), Rohu (Labeo rohita)",,,,900.0,,900.0,,,,,,,,,,,,,,,,,,,Planned harvest,2700,,0,,1,Sun dried the pond bottom.,,,04/25/2025 10:17
ara2_725e7f3b,Eluru,04/08/2025,No,Treatment,Harvest,Praveen,Verbal communication,,,Grow-out,0.0,,"Catla (Catla catla), Rohu (Labeo rohita)",,,,1200.0,,,,,,,,,,,,,,,,,,,,,Planned harvest,76000,,0,,0,,,,05/20/2025 06:44
ara2_6ea8e528,Nellore,04/07/2025,No,Treatment,Stocking,Chaitanya,Verbal communication,,,Grow-out,2222.0,,Roopchand,10,1000.0,3000.0,250.0,,,,,,250.0,,,2875,9000.0,2222.0,7000.0,2056.0,,,,,,1,"Sun dried the pond bottom, ploughed and removed debris",,,,,,,,,,04/25/2025 11:32
ara2_dfe79bad,Nellore,04/07/2025,No,Treatment,Harvest,Chaitanya,Verbal communication,,,Grow-out,0.0,,"Catla (Catla catla), Rohu (Labeo rohita)",,,,890.0,,890.0,,,,,,,,,,,,,,,,,,,Planned harvest,4900,,0,,1,"Sun dried the pond bottom, ploughed and cleared the debris",,,04/25/2025 10:00
ara2_8232649d,Eluru,04/07/2025,No,Treatment,Partial harvest,Praveen,Verbal communication,,,Grow-out,1662.0,,"Catla (Catla catla), Rohu (Labeo rohita)",,,,1200.0,,,,,,,,,,,,,,,,,,,,,Planned harvest,39000,,64000,,0,,,,04/14/2025 06:51
ara2_368849b6,Eluru,04/05/2025,No,Treatment,Harvest,Praveen,Verbal communication,,,Grow-out,0.0,,"Catla (Catla catla), Rohu (Labeo rohita)",,,,1100.0,,,,,,,,,,,,,,,,,,,,,Planned harvest,120000,,0,,0,,,,05/09/2025 08:45
ara2_626e23f2,Nellore,04/03/2025,No,Treatment,Harvest,Chaitanya,Verbal communication,,,Grow-out,0.0,,"Catla (Catla catla), Rohu (Labeo rohita)",,,,852.0,,852.0,,,,,,,,,,,,,,,,,,,Planned harvest,2130,,0,,1,"Sun dried the pond bottom, added bleach.",,,04/25/2025 09:58
ara2_bddfa227,Nellore,04/03/2025,No,Treatment,Harvest,Chaitanya,Verbal communication,,,Grow-out,0.0,,"Catla (Catla catla), Rohu (Labeo rohita)",,,,760.0,,760.0,,,,,,,,,,,,,,,,,,,Planned harvest,1558,,0,,1,Sun dried the pond bottom.,,,04/25/2025 09:54
ara2_8b32e1c5,Eluru,04/03/2025,No,Treatment,Stocking,Praveen,Verbal communication,,,Grow-out,2609.0,,"Catla (Catla catla), Rohu (Labeo rohita)",9:1,1500.0,3000.0,250.0,,,,,,,,,2609,30000.0,2609.0,30000.0,0.0,,,,,,0,,,,,,,,,,,04/08/2025 08:36
ara2_65a854d9,Nellore,04/02/2025,No,Treatment,Stocking,Chaitanya,Verbal communication,,,Grow-out,2745.0,,"Catla (Catla catla), Rohu (Labeo rohita)",9:1,1000.0,3000.0,300.0,,300.0,,,,,,,2745,14000.0,2745.0,14000.0,0.0,,,,,,1,Sun dried pond bottom,,,,,,,,,,04/25/2025 11:26
ara2_88abf248,Nellore,04/02/2025,No,Treatment,Stocking,Chaitanya,Verbal communication,,,Grow-out,3243.0,,"Catla (Catla catla), Rohu (Labeo rohita)",9:1,1000.0,3000.0,250.0,,250.0,,,,,,,3243,18000.0,3243.0,18000.0,0.0,,,,,,1,"Sun dried the pond bottom, ploughed and removed debris",,,,,,,,,,04/25/2025 11:11
ara2_c2394795,Eluru,03/31/2025,No,Treatment,Harvest,Praveen,Verbal communication,,,Breed-out,0.0,,"Catla (Catla catla), Rohu (Labeo rohita)",,,,300.0,,,,,,,,,,,,,,,,,,,,,Planned harvest,,,0,,0,,This is a breed-out pond. The farmer has transferred the fish from this pond to one of his grow-out ponds.,,05/09/2025 06:16
ara2_1fd0d0ae,Eluru,03/31/2025,No,Treatment,Stocking,Praveen,Verbal communication,,,Breed-out,6111.0,,"Catla (Catla catla), Rohu (Labeo rohita)",9:1,300.0,8500.0,50.0,,,,,,,,,6111,55000.0,6111.0,55000.0,0.0,,,,,,0,,,,,,,,,,,04/08/2025 08:41
ara2_7f72325e,Eluru,03/30/2025,No,Treatment,Harvest,Praveen,Verbal communication,,,Breed-out,0.0,,"Catla (Catla catla), Rohu (Labeo rohita)",,,,300.0,,,,,,,,,,,,,,,,,,,,,Planned harvest,,,0,,0,,,,04/08/2025 07:14
ara2_ea9c93a5,Nellore,03/29/2025,No,Treatment,Stocking,Chaitanya,Verbal communication,,,Grow-out,3070.0,,"Catla (Catla catla), Rohu (Labeo rohita)",9:1,1000.0,3000.0,100.0,,100.0,,,,,,,3070,14000.0,3070.0,14000.0,0.0,,,,,,1,Sun dried the pond bottom.,,,,,,,,,,04/25/2025 11:19
ara2_1fd0d0ae,Eluru,03/29/2025,No,Treatment,Harvest,Praveen,Verbal communication,,,Breed-out,0.0,,"Catla (Catla catla), Rohu (Labeo rohita)",,,,250.0,,,,,,,,,,,,,,,,,,,,,Planned harvest,,,0,,0,,,,04/08/2025 08:38
ara2_79cf3b3a,Nellore,03/28/2025,No,Treatment,Harvest,Chaitanya,Verbal communication,,,Grow-out,0.0,,Roopchand,,,,975.0,,,,,,975.0,,,,,,,,,,,,,,,Planned harvest,7800,,0,,1,"Sun dried the pond bottom, ploughed and cleared the debris",,,04/25/2025 09:25
ara2_122dd1c9,Nellore,03/27/2025,No,Treatment,Stocking,Chaitanya,Verbal communication,,,Grow-out,3045.0,,"Catla (Catla catla), Rohu (Labeo rohita)",9:1,1000.0,3000.0,150.0,,150.0,,,,,,,3045,19000.0,3045.0,19000.0,0.0,,,,,,1,"Sun dried the pond bottom, ploughed and removed debris",,,,,,,,,,04/25/2025 11:07
ara2_7e358ea4,Nellore,03/27/2025,No,Treatment,Stocking,Chaitanya,Verbal communication,,,Grow-out,3241.0,,"Catla (Catla catla), Rohu (Labeo rohita)",9:1,1000.0,3000.0,150.0,,150.0,,,,,,,3241,14000.0,3241.0,14000.0,0.0,,,,,,1,"Sun dried the pond bottom, ploughed and removed debris",,,,,,,,,,04/25/2025 11:03
ara2_09faa72c,Eluru,03/26/2025,No,Treatment,Partial stocking,Praveen,Verbal communication,,,Grow-out,3240.0,,"Catla (Catla catla), Rohu (Labeo rohita)",9:1,1000.0,3000.0,550.0,,,,,,,,,3240,35000.0,3240.0,35000.0,0.0,,,,,,0,,,,,,,,,"The farmer has acknowledged the high stocking density and he said he will partially harvest by the end of May, 2025.",,05/09/2025 08:56
ara2_2538f5a6,Eluru,03/21/2025,Yes,,Stocking,Praveen,,,,Rearing,62500.0,0.0,"Catla (Catla catla), Rohu (Labeo rohita)",9:1,50.0,80000.0,10.0,,,,,,,,,62500,,62500.0,,0.0,,,,,,0,,,,,,,,,,,06/17/2025 07:10
ara2_32bcd752,Eluru,03/20/2025,Yes,,Stocking,Praveen,,,,Rearing,21429.0,0.0,"Catla (Catla catla), Rohu (Labeo rohita)",9:1,100.0,80000.0,20.0,,,,,,,,,21429,,21429.0,,0.0,,,,,,0,,,,,,,,,,,06/11/2025 08:29
ara2_dedca16a,Nellore,03/20/2025,No,Treatment,Harvest,Chaitanya,Verbal communication,,,Grow-out,0.0,,"Rohu (Labeo rohita), Catla (Catla catla)",,,,900.0,,900.0,,,,,,,,,,,,,,,,,,,Planned harvest,9900,,0,,0,,,,04/25/2025 09:28
ara2_05de0e1a,Eluru,03/18/2025,Yes,,Stocking,Praveen,,,,Rearing,27778.0,0.0,"Catla (Catla catla), Rohu (Labeo rohita)",9:1,80.0,80000.0,10.0,,,,,,,,,27778,,27778.0,,0.0,,,,,,0,,,,,,,,,,,06/11/2025 08:27
ara2_00793177,Eluru,03/17/2025,No,Treatment,Harvest,Praveen,Verbal communication,,,Grow-out,0.0,,"Catla (Catla catla), Rohu (Labeo rohita)",,,,1100.0,,,,,,,,,,,,,,,,,,,,,Planned harvest,100000,,0,,0,,,,03/20/2025 08:06
ara2_31afc592,Eluru,03/16/2025,No,Treatment,Stocking,Praveen,Verbal communication,,,Grow-out,2536.0,,"Catla (Catla catla), Rohu (Labeo rohita)",9:1,1000.0,3000.0,250.0,,,,,,,,,2536,41000.0,2536.0,41000.0,0.0,,,,,,0,,,,,,,,,,,03/20/2025 05:36
ara2_e985ca4a,Eluru,03/16/2025,No,Treatment,Harvest,Praveen,Verbal communication,,,Breed-out,0.0,,"Catla (Catla catla), Rohu (Labeo rohita)",,,,250.0,,,,,,,,,,,,,,,,,,,,,Planned harvest,,,0,,0,,The farmer has harvested the entire pond and put all the fish into his grow-out pond.,,03/20/2025 05:30
ara2_0b0bdb08,Nellore,03/15/2025,No,Treatment,Harvest,Chaitanya,Verbal communication,,,Grow-out,0.0,,"Catla (Catla catla), Rohu (Labeo rohita)",,,,640.0,,640.0,,,,,,,,,,,,,,,,,,,,3200,,0,,1,Sun dried the pond bottom.,,,04/25/2025 09:35
ara2_cd998399,Eluru,03/15/2025,No,Treatment,Stocking,Praveen,Verbal communication,,,Grow-out,2684.0,,"Catla (Catla catla), Rohu (Labeo rohita)",9:1,1000.0,3000.0,200.0,,,,,,,,,2684,73000.0,2684.0,73000.0,0.0,,,,,,0,,,,,,,,,,,03/17/2025 12:24
ara2_2e8fd6a2,Eluru,03/14/2025,No,Treatment,Stocking,Praveen,Verbal communication,,,Breed-out,10000.0,,"Catla (Catla catla), Rohu (Labeo rohita)",9:1,350.0,8500.0,100.0,,,,,,,,,10000,70000.0,10000.0,70000.0,0.0,,,,,,1,The farmer has sun-dried the pond and repaired the dikes before stocking.,,,,,,,,,,04/29/2025 09:15
ara2_c3a6ea5e,Eluru,03/13/2025,Yes,,Stocking,Praveen,,,,Grow-out,1710.0,0.0,"Catla (Catla catla), Rohu (Labeo rohita)",9:1,1000.0,3000.0,250.0,,,,,,,,,1710,,1710.0,,0.0,,,,,,0,,,,,,,,,,,05/12/2025 06:51
ara2_7a7eace1,Eluru,03/13/2025,No,Treatment,Harvest,Praveen,Verbal communication,,,Breed-out,0.0,,"Catla (Catla catla), Rohu (Labeo rohita)",,,,230.0,,,,,,,,,,,,,,,,,,,,,Planned harvest,7000,,0,,1,"The farmer is planning to dry the pond, repair the dike, and do the pond preparation before stocking again.",,,03/17/2025 12:16
ara2_8b32e1c5,Eluru,03/12/2025,No,Treatment,Harvest,Praveen,Verbal communication,,,Grow-out,0.0,,"Catla (Catla catla), Rohu (Labeo rohita)",,,,1200.0,,,,,,,,,,,,,,,,,,,,,Planned harvest,46000,,0,,0,,,,03/20/2025 07:59
ara2_30440f64,Eluru,03/11/2025,No,Treatment,Harvest,Praveen,Verbal communication,,,Breed-out,0.0,,"Catla (Catla catla), Rohu (Labeo rohita)",,,,100.0,,,,,,,,,,,,,,,,,,,,,Planned harvest,,,0,,0,,The farmer has moved all the fish from this pond to his another pond which is a grow-out pond.,,03/13/2025 05:37
ara2_86d250a3,Eluru,03/11/2025,No,Treatment,Partial stocking,Praveen,Verbal communication,,,Grow-out,2222.0,,"Catla (Catla catla), Rohu (Labeo rohita)",9:1,1000.0,3000.0,100.0,,,,,,,,,2222,100000.0,2222.0,100000.0,0.0,,,,,,0,,,,,,,,,There were 20000 fish at 500 grams from the previous cycle. The farmer has now stocked 80000 fish at 100 grams weight to the pond. There is 100000 total fish in the pond now.,,03/13/2025 05:33
ara2_cb98926f,Eluru,03/10/2025,Yes,,Stocking,Praveen,,,,Rearing,62500.0,0.0,"Catla (Catla catla), Rohu (Labeo rohita)",9:1,50.0,80000.0,10.0,,,,,,,,,62500,,62500.0,,0.0,,,,,,0,,,,,,,,,,,05/27/2025 05:46
ara2_3b2f3973,Eluru,03/10/2025,No,Treatment,Stocking,Praveen,Verbal communication,,,Breed-out,7692.0,,"Catla (Catla catla), Rohu (Labeo rohita)",9:1,350.0,8500.0,50.0,,,,,,,,,7692,150000.0,7692.0,150000.0,0.0,,,,,,0,,,,,,,,,,,04/11/2025 04:38
ara2_f5c44392,Eluru,03/10/2025,No,Treatment,Stocking,Praveen,Verbal communication,,,Grow-out,2966.0,,"Catla (Catla catla), Rohu (Labeo rohita)",9:1,1000.0,3000.0,200.0,,,,,,,,,2966,35000.0,2966.0,35000.0,0.0,,,,,,0,,,,,,,,,,,03/13/2025 08:27
ara2_1d54882b,Nellore,03/08/2025,No,Treatment,Harvest,Chaitanya,Verbal communication,,,Grow-out,0.0,,Roopchand,,,,984.0,,,,,,,,,,,,,,,,,,,,,Planned harvest,6400,,0,,1,Sun dried the pond bottom and added bleach.,,,04/25/2025 09:43
ara2_3b2f3973,Eluru,03/08/2025,No,Treatment,Harvest,Praveen,Verbal communication,,,Breed-out,0.0,,"Catla (Catla catla), Rohu (Labeo rohita)",,,,500.0,,,,,,,,,,,,,,,,,,,,,Planned harvest,,,0,,0,,,,04/11/2025 04:35
ara2_cd998399,Eluru,03/07/2025,No,Treatment,Harvest,Praveen,Verbal communication,,,Grow-out,0.0,,"Catla (Catla catla), Rohu (Labeo rohita)",,,,1250.0,,,,,,,,,,,,,,,,,,,,,Planned harvest,102000,,0,,0,,,,03/17/2025 12:21
ara2_31afc592,Eluru,03/07/2025,No,Treatment,Harvest,Praveen,Verbal communication,,,Grow-out,0.0,,"Catla (Catla catla), Rohu (Labeo rohita)",,,,1400.0,,,,,,,,,,,,,,,,,,,,,Planned harvest,62000,,0,,0,,,,03/10/2025 07:00
ara2_7a6ae57c,Eluru,03/04/2025,No,Treatment,Stocking,Praveen,Verbal communication,,,Grow-out,1791.0,,"Catla (Catla catla), Rohu (Labeo rohita)",9:1,1200.0,2500.0,300.0,,,,,,,,,1791,77000.0,1791.0,77000.0,0.0,,,,,,0,,,,,,,,,,,03/11/2025 06:57
ara2_540dc41d,Eluru,03/03/2025,No,Treatment,Harvest,Praveen,Verbal communication,,,Grow-out,0.0,,"Catla (Catla catla), Rohu (Labeo rohita)",,,,1000.0,,,,,,,,,,,,,,,,,,,,,Planned harvest,45000,,0,,1,The farmer is planning to treat the bottom before stocking again.,,,04/29/2025 09:34
ara2_e14730af,Eluru,03/03/2025,No,Treatment,Stocking,Praveen,Verbal communication,,,Grow-out,1655.0,,"Catla (Catla catla), Rohu (Labeo rohita)",9:1,1500.0,2000.0,300.0,,,,,,,,,1655,48000.0,1655.0,48000.0,0.0,,,,,,0,,,,,,,,,,,03/05/2025 07:07
ara2_6f5cd71e,Nellore,03/02/2025,No,Treatment,Stocking,Chaitanya,Verbal communication,,,Grow-out,3472.0,,"Catla (Catla catla), Rohu (Labeo rohita)",9:1,800.0,3000.0,40.0,40.0,40.0,,,,,,,3472,2500.0,3472.0,2500.0,0.0,,,,,,1,"Sun dry the pond bottom, ploughed the pond bottom",,,,,,,,,,03/06/2025 07:38
ara2_3587929e,Nellore,03/01/2025,No,Treatment,Stocking,Chaitanya,Verbal communication,,,Grow-out,3333.0,,"Catla (Catla catla), Rohu (Labeo rohita)",9:1,800.0,3000.0,50.0,150.0,50.0,,,,,,,3333,2200.0,3333.0,2200.0,0.0,,,,,,1,Sun dry the pond bottom,,,,,,,,,,03/06/2025 07:27
ara2_6ec2f0e5,Eluru,03/01/2025,No,Treatment,Partial harvest,Praveen,Verbal communication,,,Breed-out,10194.0,,"Catla (Catla catla), Rohu (Labeo rohita)",,,,410.0,,,,,,,,,,,,,,,,,,,,,Planned harvest,2500,,42000,,0,,,,03/05/2025 06:56
ara2_7a6ae57c,Eluru,02/28/2025,No,Treatment,Harvest,Praveen,Verbal communication,,,Grow-out,0.0,,"Rohu (Labeo rohita), Catla (Catla catla)",,,,1400.0,,,,,,,,,,,,,,,,,,,,,Planned harvest,99500,,0,,0,,,,03/11/2025 06:55
ara2_f5c44392,Eluru,02/28/2025,No,Treatment,Harvest,Praveen,Verbal communication,,,Grow-out,0.0,,"Catla (Catla catla), Rohu (Labeo rohita)",,,,1200.0,,,,,,,,,,,,,,,,,,,,,Planned harvest,51000,,0,,0,,,,03/10/2025 06:57
ara2_8cf52ce5,Eluru,02/27/2025,No,Treatment,Stocking,Praveen,Verbal communication,,,Breed-out,16500.0,,"Catla (Catla catla), Rohu (Labeo rohita)",9:1,200.0,15000.0,40.0,,,,,,,,,16500,16500.0,16500.0,16500.0,0.0,,,,,,1,The farmer has repaired the dikes and prepared the bottom before stocking.,,,,,,,,,,02/28/2025 05:14
ara2_30c31874,Eluru,02/25/2025,Yes,,Stocking,Praveen,,,,Rearing,71429.0,0.0,"Catla (Catla catla), Rohu (Labeo rohita)",9:1,50.0,100000.0,5.0,,,,,,,,,71429,,71429.0,,0.0,,,,,,0,,,,,,,,,,,05/12/2025 07:05
ara2_29660d32,Eluru,02/25/2025,No,Treatment,Stocking,Praveen,Verbal communication,,,Grow-out,1515.0,,"Catla (Catla catla), Rohu (Labeo rohita)",9:1,1000.0,3000.0,350.0,,,,,,,,,1515,20000.0,1515.0,20000.0,0.0,,,,,,1,The farmer has sun-dried the pond and did the pond preparation before stocking.,,,,,,,,,,03/13/2025 06:22
ara2_e14730af,Eluru,02/25/2025,No,Treatment,Harvest,Praveen,Verbal communication,,,Grow-out,0.0,,"Catla (Catla catla), Rohu (Labeo rohita)",,,,1500.0,,,,,,,,,,,,,,,,,,,,,Planned harvest,88000,,0,,0,,,,02/28/2025 06:13
ara2_0b1b03bb,Eluru,02/24/2025,No,Treatment,Stocking,Praveen,Verbal communication,,,Breed-out,6936.0,,"Catla (Catla catla), Rohu (Labeo rohita)",9:1,350.0,8500.0,30.0,,,,,,,,,6936,120000.0,6936.0,120000.0,0.0,,,,,,0,,,,,,,,,,,02/25/2025 05:21
ara2_10a5f8e4,Eluru,02/22/2025,No,Treatment,Stocking,Praveen,Verbal communication,,,Breed-out,8130.0,,"Catla (Catla catla), Rohu (Labeo rohita)",9:1,250.0,12000.0,50.0,,,,,,,,,8130,10000.0,8130.0,10000.0,0.0,,,,,,0,,,,,,,,,,,02/25/2025 03:19
ara2_771be42c,Eluru,02/22/2025,No,Treatment,Stocking,Praveen,Verbal communication,,,Breed-out,5625.0,,"Catla (Catla catla), Rohu (Labeo rohita)",9:1,500.0,6000.0,150.0,,,,,,,,,5625,45000.0,5625.0,45000.0,0.0,,,,,,0,,,,,,,,,,,02/25/2025 03:18
ara2_b001208b,Eluru,02/21/2025,Yes,,Stocking,Praveen,,,,Breed-out,5000.0,0.0,"Catla (Catla catla), Rohu (Labeo rohita)",9:1,350.0,8500.0,50.0,,,,,,,,,5000,,5000.0,,0.0,,,,,,0,,,,,,,,,,,02/28/2025 06:02
ara2_8a37ac9f,Nellore,02/20/2025,No,Treatment,Harvest,Chaitanya,Verbal communication,,,Grow-out,0.0,,Roopchand,,,,941.0,,,,,,941.0,,,,,,,,,,,,,,,Planned harvest,11300,,0,,0,,,,03/06/2025 07:19
ara2_86d250a3,Eluru,02/20/2025,No,Treatment,Partial harvest,Praveen,Verbal communication,,,Breed-out,444.0,,"Catla (Catla catla), Rohu (Labeo rohita)",,,,350.0,,,,,,,,,,,,,,,,,,,,,Planned harvest,18000,,20000,,0,,,,03/05/2025 07:03
ara2_6ca69422,Eluru,02/20/2025,No,Treatment,Stocking,Praveen,Verbal communication,,,Breed-out,5435.0,,"Catla (Catla catla), Rohu (Labeo rohita)",9:1,350.0,8500.0,100.0,,,,,,,,,5435,50000.0,5435.0,50000.0,0.0,,,,,,0,,,,,,,,,,,02/25/2025 06:52
ara2_ff85ba57,Eluru,02/20/2025,No,Treatment,Stocking,Praveen,Verbal communication,,,Grow-out,2558.0,,"Catla (Catla catla), Rohu (Labeo rohita)",9:1,1200.0,2500.0,200.0,,,,,,,,,2558,75000.0,2558.0,75000.0,0.0,,,,,,0,,,,,,,,,,,02/21/2025 05:07
ara2_bf024850,Eluru,02/15/2025,No,Treatment,Stocking,Praveen,Verbal communication,,,Grow-out,1818.0,,"Catla (Catla catla), Rohu (Labeo rohita)",9:1,1200.0,2500.0,250.0,,,,,,,,,1818,80000.0,1818.0,80000.0,0.0,,,,,,1,The farmer has applied Tilapia medicine and treated the water before stocking.,,,,,,,,,,02/20/2025 04:26
ara2_71f6e8db,Eluru,02/14/2025,Yes,,Stocking,Praveen,,,,Breed-out,6190.0,0.0,"Catla (Catla catla), Rohu (Labeo rohita)",9:1,350.0,8500.0,50.0,,,,,,,,,6190,,6190.0,,0.0,,,,,,0,,,,,,,,,,,02/25/2025 05:41
ara2_7129732d,Eluru,02/13/2025,Yes,,Stocking,Praveen,,,,Grow-out,1667.0,0.0,"Catla (Catla catla), Rohu (Labeo rohita)",9:1,1000.0,3000.0,200.0,,,,,,,,,1667,,1667.0,,0.0,,,,,,0,,,,,,,,,,,06/17/2025 07:07
ara2_ea9c93a5,Nellore,02/12/2025,No,Treatment,Harvest,Chaitanya,Verbal communication,,,Grow-out,0.0,,"Catla (Catla catla), Rohu (Labeo rohita)",,,,835.0,,,,,,,,,,,,,,,,,,,,,Planned harvest,11700,,0,,1,"Sun dry the pond bottom, add lime",,,03/06/2025 07:10
ara2_30f18320,Eluru,02/12/2025,No,Treatment,Harvest,Praveen,Verbal communication,,,Breed-out,0.0,,"Catla (Catla catla), Rohu (Labeo rohita)",,,,200.0,,,,,,,,,,,,,,,,,,,,,Planned harvest,7000,,0,,0,,,,02/20/2025 05:10
ara2_fdcc3d9a,Eluru,02/11/2025,Yes,,Stocking,Praveen,,,,Grow-out,2556.0,0.0,"Catla (Catla catla), Rohu (Labeo rohita)",9:1,1000.0,3000.0,350.0,,,,,,,,,2556,,2556.0,,0.0,,,,,,0,,,,,,,,,,,03/20/2025 08:25
ara2_ef01d63e,Eluru,02/11/2025,Yes,,Stocking,Praveen,,,,Grow-out,2363.0,0.0,"Catla (Catla catla), Rohu (Labeo rohita)",9:1,1000.0,3000.0,350.0,,,,,,,,,2363,,2363.0,,0.0,,,,,,0,,,,,,,,,,,03/20/2025 08:23
ara2_b0010581,Nellore,02/10/2025,No,Treatment,Harvest,Chaitanya,Verbal communication,,,Breed-out,0.0,,"Catla (Catla catla), Rohu (Labeo rohita)",,,,35.0,,,,,,,,,,,,,,,,,,,,,Planned harvest,5350,,0,,0,,,,03/06/2025 07:15
ara2_9d82e6a0,Eluru,02/10/2025,No,Treatment,Stocking,Praveen,Verbal communication,,,Grow-out,2226.0,,"Catla (Catla catla), Rohu (Labeo rohita)",9:1,1200.0,2500.0,350.0,,,,,,,,,2226,70000.0,2226.0,70000.0,0.0,,,,,,1,The farmer has sun-dried the pond and did the pond preparation before stocking.,,,,,,,,,,02/20/2025 05:28
ara2_ff85ba57,Eluru,02/09/2025,No,Treatment,Harvest,Praveen,Verbal communication,,,Grow-out,0.0,,"Catla (Catla catla), Rohu (Labeo rohita)",,,,1400.0,,,,,,,,,,,,,,,,,,,,,Planned harvest,111000,,0,,0,,,,02/21/2025 05:03
ara2_65a854d9,Nellore,02/08/2025,No,Treatment,Harvest,Chaitanya,Verbal communication,,,Grow-out,0.0,,"Catla (Catla catla), Rohu (Labeo rohita)",,,,1066.0,,,,,,,,,,,,,,,,,,,,,Planned harvest,11200,,0,,1,Sun dry the pond bottom,,,03/06/2025 07:07
ara2_94eeabd8,Eluru,02/08/2025,No,Treatment,Stocking,Praveen,Verbal communication,,,Grow-out,2130.0,,"Catla (Catla catla), Rohu (Labeo rohita)",9:1,1200.0,2500.0,350.0,,,,,,,,,2130,95000.0,2130.0,95000.0,0.0,,,,,,1,The farmer has sun-dried the pond and did the pond preparation before stocking again.,,,,,,,,,,02/20/2025 05:30
ara2_1f1af1d7,Eluru,02/08/2025,No,Treatment,Harvest,Praveen,Verbal communication,,,Breed-out,0.0,,"Catla (Catla catla), Rohu (Labeo rohita)",,,,250.0,,,,,,,,,,,,,,,,,,,,,Planned harvest,24000,,0,,0,,,,02/20/2025 05:08
ara2_25585dd3,Eluru,02/08/2025,No,Treatment,Harvest,Praveen,Verbal communication,,,Grow-out,0.0,,"Catla (Catla catla), Rohu (Labeo rohita)",,,,550.0,,,,,,,,,,,,,,,,,,,,,Planned harvest,55000,,0,,0,,,,02/20/2025 05:07
ara2_f17bbe2f,Eluru,02/07/2025,No,Treatment,Stocking,Praveen,Verbal communication,,,Grow-out,2444.0,,"Catla (Catla catla), Rohu (Labeo rohita)",9:1,1000.0,3000.0,250.0,,,,,,,,,2444,22000.0,2444.0,22000.0,0.0,,,,,,0,,,,,,,,,,,02/20/2025 04:42
ara2_d52ddb31,Eluru,02/06/2025,No,Treatment,Partial harvest,Praveen,Verbal communication,,,Grow-out,1105.0,,"Catla (Catla catla), Rohu (Labeo rohita)",,,,1400.0,,,,,,,,,,,,,,,,,,,,,Planned harvest,35000,,20000,,0,,,,02/21/2025 04:49
ara2_6ca69422,Eluru,02/06/2025,No,Treatment,Harvest,Praveen,Verbal communication,,,Grow-out,0.0,,"Catla (Catla catla), Rohu (Labeo rohita)",,,,1500.0,,,,,,,,,,,,,,,,,,,,,Planned harvest,30000,,0,,0,,,,02/21/2025 04:44
ara2_957cbe38,Eluru,02/05/2025,No,Treatment,Stocking,Praveen,Verbal communication,,,Grow-out,2787.0,,"Catla (Catla catla), Rohu (Labeo rohita)",9:1,1000.0,3000.0,400.0,,,,,,,,,2787,25000.0,2787.0,25000.0,0.0,,,,,,0,,,,,,,,,,,02/21/2025 05:36
ara2_f5124b92,Eluru,02/05/2025,No,Treatment,Stocking,Praveen,Verbal communication,,,Grow-out,2561.0,,"Catla (Catla catla), Rohu (Labeo rohita)",9:1,1000.0,3000.0,500.0,,,,,,,,,2561,20000.0,2561.0,20000.0,0.0,,,,,,0,,,,,,,,,,,02/21/2025 05:34
ara2_000384fb,Eluru,02/04/2025,No,Treatment,Partial harvest,Praveen,Verbal communication,,,Grow-out,1534.0,,"Catla (Catla catla), Rohu (Labeo rohita)",,,,1100.0,,,,,,,,,,,,,,,,,,,,,Planned harvest,14000,,17000,,0,,,,02/07/2025 06:56
ara2_0b1b03bb,Eluru,02/03/2025,No,Treatment,Harvest,Praveen,Verbal communication,,,Breed-out,0.0,,"Catla (Catla catla), Rohu (Labeo rohita)",,,,250.0,,,,,,,,,,,,,,,,,,,,,Planned harvest,35000,,0,,1,The farmer will exchange water and treat water before stocking.,,,02/07/2025 07:05
ara2_cd288d30,Nellore,02/03/2025,No,Treatment,Partial harvest,Chaitanya,Verbal communication,,,Grow-out,2607.0,,"Catla (Catla catla), Rohu (Labeo rohita)",,,,800.0,,,,,,,,,,,,,,,,,,,,,Planned harvest,300,,1825,,0,,,,02/04/2025 09:55
ara2_f17bbe2f,Eluru,02/02/2025,No,Treatment,Harvest,Praveen,Verbal communication,,,Grow-out,0.0,,"Catla (Catla catla), Rohu (Labeo rohita)",,,,1400.0,,,,,,,,,,,,,,,,,,,,,Planned harvest,34000,,0,,0,,,,02/20/2025 04:39
ara2_1e1aa1ce,Eluru,02/02/2025,No,Treatment,Stocking,Praveen,Verbal communication,,,Breed-out,10390.0,,"Catla (Catla catla), Rohu (Labeo rohita)",9:1,250.0,12000.0,50.0,,,,,,,,,10390,80000.0,10390.0,80000.0,0.0,,,,,,0,,,,,,,,,,,02/04/2025 06:07
ara2_148f1633,Eluru,02/01/2025,Yes,,Stocking,Praveen,,,,Breed-out,7429.0,0.0,"Catla (Catla catla), Rohu (Labeo rohita)",9:1,350.0,8500.0,50.0,,,,,,,,,7429,,7429.0,,0.0,,,,,,0,,,,,,,,,,,02/07/2025 09:31
ara2_c11a88c9,Eluru,01/30/2025,No,Treatment,Stocking,Praveen,Verbal communication,,,Grow-out,1672.0,,"Catla (Catla catla), Rohu (Labeo rohita)",9:1,1500.0,2000.0,250.0,,,,,,,,,1672,48000.0,1672.0,48000.0,0.0,,,,,,1,The farmer exchanged water before stocking.,,,,,,,,,,02/07/2025 07:01
ara2_b0a5ed5f,Eluru,01/29/2025,No,Treatment,Partial harvest,Praveen,Verbal communication,,,Grow-out,1322.0,,"Catla (Catla catla), Rohu (Labeo rohita)",,,,1300.0,,,,,,,,,,,,,,,,,,,,,Planned harvest,55000,,62000,,0,,,,02/20/2025 05:45
ara2_bf024850,Eluru,01/29/2025,No,Treatment,Harvest,Praveen,Verbal communication,,,Grow-out,0.0,,"Catla (Catla catla), Rohu (Labeo rohita)",,,,1000.0,,,,,,,,,,,,,,,,,,,,,Planned harvest,130000,,0,,1,The farmer is planning to exchange water and do water treatment before stocking again.,,,02/04/2025 05:59
ara2_d891f276,Eluru,01/28/2025,No,Treatment,Stocking,Praveen,Verbal communication,,,Grow-out,2304.0,,"Catla (Catla catla), Rohu (Labeo rohita)",9:1,1200.0,2500.0,300.0,,,,,,,,,2304,44000.0,2304.0,44000.0,0.0,,,,,,1,The farmer has sun-dried the pond and repaired the dikes before stocking.,,,,,,,,,,02/10/2025 05:26
ara2_7ed0eacc,Nellore,01/28/2025,No,Treatment,Harvest,Chaitanya,Verbal communication,,,Grow-out,0.0,,"Catla (Catla catla), Rohu (Labeo rohita)",,,,750.0,,,,,,,,,,,,,,,,,,,,,Planned harvest,1500,,0,,1,Sun dry the pond bottom,,,02/04/2025 09:28
ara2_249e0180,Eluru,01/27/2025,No,Treatment,Stocking,Praveen,Verbal communication,,,Grow-out,2703.0,,"Catla (Catla catla), Rohu (Labeo rohita)",9:1,1000.0,3000.0,350.0,,,,,,,,,2703,110000.0,2703.0,110000.0,0.0,,,,,,1,The farmer has sun-dried the pond before stocking.,,,,,,,,,,02/04/2025 06:33
ara2_a00174c4,Nellore,01/26/2025,No,Treatment,Harvest,Chaitanya,Verbal communication,,,Grow-out,0.0,,"Catla (Catla catla), Rohu (Labeo rohita)",,,,696.0,,,,,,,,,,,,,,,,,,,,,Planned harvest,3900,,0,,0,,,,02/04/2025 09:36
ara2_ac5a66af,Eluru,01/26/2025,No,Treatment,Harvest,Praveen,Verbal communication,,,Breed-out,0.0,,"Catla (Catla catla), Rohu (Labeo rohita)",,,,450.0,,,,,,,,,,,,,,,,,,,,,Planned harvest,30000,,0,,0,,,,02/04/2025 06:24
ara2_6f5cd71e,Nellore,01/25/2025,No,Treatment,Harvest,Chaitanya,Verbal communication,,,Grow-out,0.0,,"Catla (Catla catla), Rohu (Labeo rohita)",,,,588.0,,,,,,,,,,,,,,,,,,,,,Planned harvest,1530,,0,,1,Sun dry the pond bottom,,,02/04/2025 09:33
ara2_0677080b,Eluru,01/24/2025,No,Treatment,Stocking,Praveen,Verbal communication,,,Grow-out,2462.0,,"Catla (Catla catla), Rohu (Labeo rohita)",9:1,1200.0,3000.0,350.0,,,,,,,,,3077,40000.0,2462.0,32000.0,7995.0,,,,,,1,The farmer has sun-dried and did the pond preparation before stocking.,,,,,,,,,Yes,02/04/2025 06:40
ara2_29660d32,Eluru,01/23/2025,No,Treatment,Harvest,Praveen,Verbal communication,,,Grow-out,0.0,,"Catla (Catla catla), Rohu (Labeo rohita)",,,,550.0,,,,,,,,,,,,,,,,,,,,,Planned harvest,10000,,0,,1,The farmer is planning to drain the pond and apply lime to the pond bottom.,,,02/20/2025 05:20
ara2_c11a88c9,Eluru,01/23/2025,No,Treatment,Harvest,Praveen,Verbal communication,,,Grow-out,0.0,,"Catla (Catla catla), Rohu (Labeo rohita)",,,,1700.0,,,,,,,,,,,,,,,,,,,,,Planned harvest,93000,,0,,1,The farmer will do water treatment before stocking again.,,,01/23/2025 06:29
ara2_27f8f56a,Eluru,01/22/2025,No,Treatment,Stocking,Praveen,Verbal communication,,,Grow-out,1995.0,,"Catla (Catla catla), Rohu (Labeo rohita)",9:1,1500.0,2000.0,300.0,,,,,,,,,1995,88000.0,1995.0,88000.0,0.0,,,,,,0,,,,,,,,,,,02/21/2025 05:19
ara2_f5124b92,Eluru,01/22/2025,No,Treatment,Harvest,Praveen,Verbal communication,,,Grow-out,0.0,,"Catla (Catla catla), Rohu (Labeo rohita)",,,,1300.0,,,,,,,,,,,,,,,,,,,,,Planned harvest,19000,,0,,1,The farmer will do the water treatment before stocking again.,,,01/24/2025 11:48
ara2_122dd1c9,Nellore,01/20/2025,No,Treatment,Partial harvest,Chaitanya,Verbal communication,,,Grow-out,0.0,,"Catla (Catla catla), Rohu (Labeo rohita)",,,,842.0,,,,,,,,,,,,,,,,,,,,,Planned harvest,16000,,0,,1,"Sun dry the pond bottom, clean the dykes",,,02/04/2025 09:26
ara2_bdf1f578,Eluru,01/18/2025,Yes,,Stocking,Praveen,,,,Grow-out,2286.0,0.0,"Catla (Catla catla), Rohu (Labeo rohita)",9:1,1000.0,3000.0,150.0,,,,,,,,,2286,,2286.0,,0.0,,,,,,0,,,,,,,,,,,06/11/2025 08:25
ara2_7e358ea4,Nellore,01/18/2025,No,Treatment,Harvest,Chaitanya,Verbal communication,,,Grow-out,0.0,,"Catla (Catla catla), Rohu (Labeo rohita)",,,,928.0,,,,,,,,,,,,,,,,,,,,,Planned harvest,13000,,0,,1,Sun dry the pond bottom,,,02/04/2025 09:24
ara2_2ae80458,Eluru,01/18/2025,No,Treatment,Stocking,Praveen,Verbal communication,,,Breed-out,6452.0,,"Catla (Catla catla), Rohu (Labeo rohita)",9:1,350.0,8500.0,50.0,,,,,,,,,6452,30000.0,6452.0,30000.0,0.0,,,,,,0,,,,,,,,,,,02/04/2025 06:47
ara2_27f8f56a,Eluru,01/15/2025,No,Treatment,Harvest,Praveen,Verbal communication,,,Grow-out,0.0,,"Catla (Catla catla), Rohu (Labeo rohita)",,,,1100.0,,,,,,,,,,,,,,,,,,,,,Planned harvest,96000,,0,,0,,,,02/21/2025 05:15
ara2_88abf248,Nellore,01/15/2025,No,Treatment,Harvest,Chaitanya,Verbal communication,,,Grow-out,0.0,,"Catla (Catla catla), Rohu (Labeo rohita)",,,,850.0,,,,,,,,,,,,,,,,,,,,,Planned harvest,17000,,0,,1,Sun dry the pond bottom and plough,,,02/04/2025 09:22
ara2_1e1aa1ce,Eluru,01/15/2025,No,,Harvest,Praveen,Verbal communication,,,Breed-out,0.0,,"Catla (Catla catla), Rohu (Labeo rohita)",,,,200.0,,,,,,,,,,,,,,,,,,,,,Planned harvest,15000,,0,,0,,,,01/24/2025 09:57
ara2_8ae86d8e,Eluru,01/11/2025,No,Treatment,Harvest,Praveen,Verbal communication,,,Breed-out,0.0,,"Catla (Catla catla), Rohu (Labeo rohita)",,,,100.0,,,,,,,,,,,,,,,,,,,,,Planned harvest,,,0,,0,,,,04/08/2025 07:20
ara2_efbf4092,Eluru,01/10/2025,No,Treatment,Harvest,Praveen,Verbal communication,,,Grow-out,0.0,,"Catla (Catla catla), Rohu (Labeo rohita)",,,,1100.0,,,,,,,,,,,,,,,,,,,,,Planned harvest,20000,,0,,0,,,,05/09/2025 09:29
ara2_ba07d622,Eluru,01/10/2025,Yes,,Stocking,Praveen,,,,Breed-out,5825.0,0.0,"Catla (Catla catla), Rohu (Labeo rohita)",9:1,250.0,12000.0,10.0,,,,,,,,,5825,,5825.0,,0.0,,,,,,0,,,,,,,,,,,03/20/2025 07:05
ara2_8cf52ce5,Eluru,01/10/2025,No,Treatment,Harvest,Praveen,Verbal communication,,,Breed-out,0.0,,"Catla (Catla catla), Rohu (Labeo rohita)",,,,280.0,,,,,,,,,,,,,,,,,,,,,Planned harvest,4000,,0,,1,The farmer is planning to sun-dry the pond and repair the dikes before stocking again.,The farmer said he got less harvest because many fishes died because of predators.,,01/24/2025 06:11
ara2_db4df335,Eluru,01/10/2025,No,Treatment,Stocking,Praveen,Verbal communication,,,Breed-out,10949.0,,"Catla (Catla catla), Rohu (Labeo rohita)",9:1,,,50.0,,,,,,,,,10949,30000.0,10949.0,30000.0,0.0,,,,,,1,The farmer has applied water probiotics and Zeolite.,,,,,,,,The farmer intends to harvest at around 400-450 grams. But he also might partially harvest around 250 grams. We will keep following up with the farmer regarding this.,,01/21/2025 08:39
ara2_8a05e891,Eluru,01/08/2025,Yes,,Stocking,Praveen,,,,Grow-out,2632.0,0.0,"Catla (Catla catla), Rohu (Labeo rohita)",9:1,1200.0,3000.0,40.0,,,,,,,,,2632,,2632.0,,0.0,,,,,,0,,,,,,,,,,,06/11/2025 08:18
ara2_2d47d0d8,Eluru,01/08/2025,Yes,,Stocking,Praveen,,,,Grow-out,2083.0,0.0,"Catla (Catla catla), Rohu (Labeo rohita)",9:1,1200.0,3000.0,40.0,,,,,,,,,2083,,2083.0,,0.0,,,,,,0,,,,,,,,,,,06/11/2025 08:16
ara2_d8f6a2aa,Eluru,01/06/2025,No,Treatment,Stocking,Praveen,Verbal communication,,,Grow-out,2444.0,,"Catla (Catla catla), Rohu (Labeo rohita)",9:1,,,255.0,300.0,250.0,,,,,,,2444,66000.0,2444.0,66000.0,0.0,,,,,,0,,,,,,,,,,,01/08/2025 05:32
ara2_c4b7f174,Eluru,01/05/2025,Yes,,Stocking,Praveen,,,,Grow-out,2857.0,0.0,"Catla (Catla catla), Rohu (Labeo rohita)",9:1,1000.0,3000.0,150.0,,,,,,,,,2857,,2857.0,,0.0,,,,,,0,,,,,,,,,,,02/21/2025 07:30
ara2_4149d54a,Eluru,01/05/2025,No,Treatment,Stocking,Praveen,Verbal communication,,,Grow-out,2597.0,,"Catla (Catla catla), Rohu (Labeo rohita)",9:1,1500.0,3000.0,300.0,,,,,,,,,2597,40000.0,2597.0,40000.0,0.0,,,,,,0,,,,,,,,,,,01/22/2025 09:58
ara2_3c5dafd2,Eluru,01/03/2025,Yes,,Stocking,Praveen,,,,Breed-out,8632.0,0.0,"Catla (Catla catla), Rohu (Labeo rohita)",9:1,300.0,10000.0,50.0,,,,,,,,,8632,,8632.0,,0.0,,,,,,0,,,,,,,,,,,03/20/2025 06:51
ara2_c57f3380,Eluru,01/01/2025,Yes,,Stocking,Praveen,,,,Grow-out,2128.0,0.0,"Catla (Catla catla), Rohu (Labeo rohita)",9:1,1000.0,3000.0,250.0,,,,,,,,,2128,,2128.0,,0.0,,,,,,0,,,,,,,,,,,02/07/2025 06:39
ara2_6af7067d,Eluru,01/01/2025,No,Treatment,Stocking,Praveen,Verbal communication,,,Grow-out,2435.0,,"Catla (Catla catla), Rohu (Labeo rohita)",9:1,,,250.0,,,,,,,,,2435,75500.0,2435.0,75500.0,0.0,,,,,,1,The farmer treated the water before stocking.,,,,,,,,,,01/07/2025 06:42
ara2_586ab2f7,Eluru,01/01/2025,Yes,,Stocking,Praveen,,,,Rearing,42857.0,0.0,"Catla (Catla catla), Rohu (Labeo rohita)",9:1,100.0,80000.0,10.0,,,,,,,,,42857,,42857.0,,0.0,,,,,,0,,,,,,,,,,,05/12/2025 06:59
ara2_778970d8,Eluru,01/01/2025,Yes,,Stocking,Praveen,,,,Grow-out,1297.0,0.0,"Catla (Catla catla), Rohu (Labeo rohita)",9:1,1000.0,3000.0,200.0,,,,,,,,,1297,,1297.0,,0.0,,,,,,0,,,,,,,,,,,05/12/2025 06:54
ara2_3b2f3973,Eluru,01/01/2025,Yes,,Stocking,Praveen,,,,Breed-out,4538.0,0.0,"Catla (Catla catla), Rohu (Labeo rohita)",9:1,500.0,6000.0,150.0,,,,,,,,,4538,,4538.0,,0.0,,,,,,0,,,,,,,,,,,02/07/2025 06:42
ara2_4b816656,Eluru,12/31/2024,No,Treatment,Harvest,Praveen,Verbal communication,,,Grow-out,0.0,,"Roopchand, Catla (Catla catla), Rohu (Labeo rohita)",,,,800.0,,,,,,,,,,,,,,,,,,,,,Planned harvest,8500,,0,,0,,,,01/22/2025 08:49
ara2_865d5a84,Eluru,12/30/2024,No,Treatment,Stocking,Praveen,Verbal communication,,,Grow-out,1669.0,,"Catla (Catla catla), Rohu (Labeo rohita)",9:1,1000.0,3000.0,250.0,,,,,,,,,1669,40000.0,1669.0,40000.0,0.0,,,,,,0,,,,,,,,,,,01/22/2025 09:44
ara2_933dba73,Nellore,12/28/2024,No,Treatment,Stocking,Chaitanya,Verbal communication,,,Grow-out,3198.0,,"Catla (Catla catla), Rohu (Labeo rohita)",9:1,900.0,3000.0,100.0,,,,,,,,,3488,12000.0,3198.0,11000.0,997.0,,,,,,1,"Sun dried the pond bottom, strengthened the dykes",,,,,,,,,,02/04/2025 09:44
ara2_db4df335,Eluru,12/27/2024,No,Treatment,Harvest,Praveen,Verbal communication,,,Breed-out,0.0,,"Catla (Catla catla), Rohu (Labeo rohita)",,,,460.0,,,,,,,,,,,,,,,,,,,,,Planned harvest,14000,,0,,1,The farmer is planning to apply water probiotics and Zeolite before stocking again.,,,01/21/2025 08:31
ara2_00b47526,Eluru,12/27/2024,No,Treatment,Harvest,Praveen,Verbal communication,,,Grow-out,0.0,,"Catla (Catla catla), Rohu (Labeo rohita)",,,,1280.0,2000.0,1200.0,,,,,,,,,,,,,,,,,,,Planned harvest,115000,,0,,1,,,,01/08/2025 05:58
ara2_38378731,Eluru,12/27/2024,No,Treatment,Harvest,Praveen,Verbal communication,,,Breed-out,0.0,,"Catla (Catla catla), Rohu (Labeo rohita)",,,,335.0,,,,,,,,,,,,,,,,,,,,,Planned harvest,33000,,0,,0,,The farmer will be moving into Pangasius culture.,,01/08/2025 05:54
ara2_1fcb01f6,Eluru,12/25/2024,Yes,,Stocking,Praveen,,,,Breed-out,14286.0,0.0,"Catla (Catla catla), Rohu (Labeo rohita)",9:1,150.0,20000.0,50.0,,,,,,,,,14286,,14286.0,,0.0,,,,,,0,,,,,,,,,,,02/21/2025 07:18
ara2_78cbfd0d,Nellore,12/25/2024,No,Treatment,Harvest,Chaitanya,Verbal communication,,,Grow-out,0.0,,"Catla (Catla catla), Rohu (Labeo rohita)",,,,614.0,,,,,,,,,,,,,,,,,,,,,Planned harvest,4300,,0,,1,Sun dry the pond bottom and plough the pond bottom.,,,02/04/2025 09:12
ara2_9103673b,Eluru,12/23/2024,Yes,,Stocking,Praveen,,,,Breed-out,11818.0,0.0,"Catla (Catla catla), Rohu (Labeo rohita)",9:1,150.0,20000.0,50.0,,,,,,,,,11818,,11818.0,,0.0,,,,,,0,,,,,,,,,,,02/21/2025 07:23
ara2_d54330d5,Eluru,12/23/2024,Yes,,Stocking,Praveen,,,,Breed-out,13208.0,0.0,"Catla (Catla catla), Rohu (Labeo rohita)",9:1,150.0,20000.0,20.0,,,,,,,,,13208,,13208.0,,0.0,,,,,,0,,,,,,,,,,,02/21/2025 07:20
ara2_865d5a84,Eluru,12/22/2024,No,Treatment,Harvest,Praveen,Verbal communication,,,Grow-out,0.0,,"Catla (Catla catla), Rohu (Labeo rohita)",,,,1000.0,,,,,,,,,,,,,,,,,,,,,Planned harvest,40000,,0,,0,,,,01/22/2025 09:40
ara2_4e7754a2,Eluru,12/22/2024,No,Treatment,Stocking,Praveen,Verbal communication,,,Grow-out,1853.0,,"Catla (Catla catla), Rohu (Labeo rohita)",9:1,,,260.0,400.0,250.0,,,,,,,1853,85000.0,1853.0,85000.0,0.0,,,,,,0,,,,,,,,,,,01/07/2025 06:01
ara2_d8f6a2aa,Eluru,12/21/2024,No,Treatment,Harvest,Praveen,Verbal communication,,,Grow-out,0.0,,"Catla (Catla catla), Rohu (Labeo rohita)",,,,1500.0,,,,,,,,,,,,,,,,,,,,,Planned harvest,82000,,0,,1,The farmer is planning to use water sanitizers to treat the water before stocking again.,,,12/31/2024 05:13
ara2_3dc6f12e,Eluru,12/20/2024,Yes,,Stocking,Praveen,,,,Grow-out,1569.0,0.0,"Catla (Catla catla), Rohu (Labeo rohita)",9:1,1000.0,3000.0,200.0,,,,,,,,,1569,,1569.0,,0.0,,,,,,0,,,,,,,,,,,06/17/2025 07:04
ara2_227eb8cd,Eluru,12/20/2024,Yes,,Stocking,Praveen,,,,Breed-out,6667.0,0.0,"Catla (Catla catla), Rohu (Labeo rohita)",9:1,300.0,8500.0,50.0,,,,,,,,,6667,,6667.0,,0.0,,,,,,0,,,,,,,,,,,02/20/2025 05:01
ara2_b18c32b8,Nellore,12/20/2024,No,Treatment,Harvest,Chaitanya,Verbal communication,,,Grow-out,0.0,,"Catla (Catla catla), Rohu (Labeo rohita)",,,,838.0,,,,,,,,,,,,,,,,,,,,,Planned harvest,3270,,0,,1,Sun dry the pond bottom,,,02/04/2025 09:18
ara2_573a2826,Eluru,12/20/2024,Yes,,Stocking,Praveen,,,,Breed-out,6600.0,0.0,"Catla (Catla catla), Rohu (Labeo rohita)",9:1,,,50.0,,,,,,,,,6600,,6600.0,,0.0,,,,,,0,,,,,,,,,,,01/24/2025 09:50
ara2_6af7067d,Eluru,12/20/2024,No,Treatment,Harvest,Praveen,Verbal communication,,,Grow-out,0.0,,"Catla (Catla catla), Rohu (Labeo rohita)",,,,1300.0,,,,,,,,,,,,,,,,,,,,,Planned harvest,100000,,0,,1,The farmer is planning to do the water treatment before stocking again.,,,01/07/2025 06:38
ara2_1d5dce9e,Eluru,12/20/2024,No,Treatment,Stocking,Praveen,Verbal communication,,,Breed-out,11000.0,,"Catla (Catla catla), Rohu (Labeo rohita)",9:1,,,45.0,100.0,40.0,,,,,,,11000,33000.0,11000.0,33000.0,0.0,,,,,,0,,,,,,,,,,,12/27/2024 06:24
ara2_5aca7455,Eluru,12/18/2024,No,Treatment,Harvest,Praveen,Verbal communication,,,Grow-out,0.0,,"Catla (Catla catla), Rohu (Labeo rohita)",,,,900.0,,,,,,,,,,,,,,,,,,,,,Planned harvest,45000,,0,,0,,,,01/22/2025 09:51
ara2_771be42c,Eluru,12/18/2024,No,Treatment,Harvest,Praveen,Verbal communication,,,Breed-out,0.0,,"Catla (Catla catla), Rohu (Labeo rohita)",,,,355.0,400.0,350.0,,,,,,,,,,,,,,,,,,,Planned harvest,15000,,0,,0,,,,01/08/2025 06:01
ara2_c79c24af,Eluru,12/18/2024,No,Treatment,Harvest,Praveen,Verbal communication,,,Grow-out,0.0,,"Catla (Catla catla), Rohu (Labeo rohita)",,,,800.0,,,,,,,,,,,,,,,,,,,,,Planned harvest,61000,,0,,1,The farmer is planning to sun dry the pond before stocking again.,,,12/27/2024 06:36
ara2_e985ca4a,Eluru,12/17/2024,No,Treatment,Stocking,Praveen,Verbal communication,,,Breed-out,5978.0,,"Catla (Catla catla), Rohu (Labeo rohita)",9:1,,,68.0,250.0,50.0,,,,,,,5978,44000.0,5978.0,44000.0,0.0,,,,,,0,,,,,,,,,,,12/20/2024 10:07
ara2_27b80a16,Eluru,12/16/2024,No,Treatment,Stocking,Praveen,Verbal communication,,,Grow-out,2601.0,,"Catla (Catla catla), Rohu (Labeo rohita)",9:1,,,125.0,500.0,100.0,,,,,,,2601,38500.0,2601.0,38500.0,0.0,,,,,,1,The farmer exchanged water and added sanitizers.,,,,,,,,,,12/20/2024 06:57
ara2_30440f64,Eluru,12/15/2024,Yes,,Stocking,Praveen,,,,Breed-out,17451.0,0.0,"Catla (Catla catla), Rohu (Labeo rohita)",9:1,,,50.0,,,,,,,,,17451,,17451.0,,0.0,,,,,,0,,,,,,,,,,,01/24/2025 09:42
ara2_4e7754a2,Eluru,12/15/2024,No,Treatment,Harvest,Praveen,Verbal communication,,,Grow-out,0.0,,"Catla (Catla catla), Rohu (Labeo rohita)",,,,1300.0,,,,,,,,,,,,,,,,,,,,,Planned harvest,130000,,0,,0,,,,01/07/2025 05:58
ara2_a7352243,Eluru,12/15/2024,No,Treatment,Harvest,Praveen,Verbal communication,,,Breed-out,0.0,,"Catla (Catla catla), Rohu (Labeo rohita)",,,,600.0,,,,,,,,,,,,,,,,,,,,,Planned harvest,60000,,0,,1,The farmer is planning to remove all the water from the pond and add new water before stocking again.,,,12/27/2024 06:33
ara2_2b34e28c,Eluru,12/15/2024,Yes,Treatment,Stocking,Praveen,,,,Grow-out,2444.0,0.0,"Catla (Catla catla), Rohu (Labeo rohita)",9:1,,,245.0,700.0,200.0,,,,,,,2444,,2444.0,,0.0,,,,,,0,,,,,,,,,,,12/20/2024 06:18
ara2_45e1cde5,Eluru,12/12/2024,Yes,,Stocking,Praveen,,,,Grow-out,1948.0,0.0,"Catla (Catla catla), Rohu (Labeo rohita)",9:1,1200.0,3000.0,200.0,,,,,,,,,1948,,1948.0,,0.0,,,,,,0,,,,,,,,,,,06/06/2025 08:21
ara2_e985ca4a,Eluru,12/12/2024,No,Treatment,Harvest,Praveen,Verbal communication,,,Breed-out,0.0,,"Catla (Catla catla), Rohu (Labeo rohita)",,,,318.0,500.0,300.0,,,,,,,,,,,,,,,,,,,Planned harvest,14000,,0,,0,,,,12/20/2024 10:03
ara2_27b80a16,Eluru,12/12/2024,No,Treatment,Harvest,Praveen,Verbal communication,,,Grow-out,0.0,,"Catla (Catla catla), Rohu (Labeo rohita)",,,,1550.0,,,,,,,,,,,,,,,,,,,,,Planned harvest,63000,,0,,1,The farmer will exchange water and add sanitizers.,,,12/20/2024 06:54
ara2_32b91757,Eluru,12/10/2024,No,Treatment,Harvest,Praveen,Verbal communication,,,Breed-out,0.0,,"Catla (Catla catla), Rohu (Labeo rohita)",,,,300.0,,,,,,,,,,,,,,,,,,,,,Planned harvest,15000,,0,,0,,,,12/20/2024 07:02
ara2_8190e6ec,Eluru,12/10/2024,No,Treatment,Stocking,Praveen,Verbal communication,,,Rearing,48649.0,,"Catla (Catla catla), Rohu (Labeo rohita)",9:1,,,30.0,,,,,,,,,48649,180000.0,48649.0,180000.0,0.0,,,,,,1,The farmer has exchanged water and added sanitizers.,,,,,,,,,,12/20/2024 06:43
ara2_1b6714d3,Nellore,12/08/2024,No,Treatment,Stocking,Chaitanya,Verbal communication,,,Grow-out,1714.0,,Rohu (Labeo rohita),10,,,300.0,,300.0,,,,,,,1714,3000.0,1714.0,3000.0,0.0,,,,,,1,"Sun dried the pond bottom, removed sludge and added lime",,,,,,,,,,12/13/2024 03:28
ara2_858b914c,Eluru,12/06/2024,Yes,,Stocking,Praveen,,,,Rearing,50000.0,0.0,"Catla (Catla catla), Rohu (Labeo rohita)",9:1,80.0,80000.0,10.0,,,,,,,,,50000,,50000.0,,0.0,,,,,,0,,,,,,,,,,,02/07/2025 09:16
ara2_8190e6ec,Eluru,12/05/2024,No,Treatment,Harvest,Praveen,Verbal communication,,,Breed-out,0.0,,"Catla (Catla catla), Rohu (Labeo rohita)",,,,316.0,500.0,300.0,,,,,,,,,,,,,,,,,,,Planned harvest,18000,,0,,1,The farmer is planning to planning to exchange water and add sanitizers before stocking again.,,,12/20/2024 06:39
ara2_0e392abc,Eluru,12/05/2024,No,Treatment,Stocking,Praveen,Verbal communication,,,Grow-out,1755.0,,"Catla (Catla catla), Rohu (Labeo rohita)",9:1,,,318.0,500.0,300.0,,,,,,,1755,33000.0,1755.0,33000.0,0.0,,,,,,0,,,,,,,,,,,12/20/2024 06:34
ara2_70e56cfa,Eluru,12/04/2024,No,Treatment,Harvest,Praveen,Verbal communication,,,Breed-out,0.0,,"Catla (Catla catla), Rohu (Labeo rohita)",,,,250.0,,,,,,,,,,,,,,,,,,,,,Planned harvest,5000,,0,,0,,The pond got flooded during the rains and a lot of fish went out with the flood water. So there is a mismatch in the stocking and harvest numbers.  ,,12/20/2024 09:16
ara2_2e8fd6a2,Eluru,12/04/2024,No,Treatment,Harvest,Praveen,Verbal communication,,,Breed-out,0.0,,"Catla (Catla catla), Rohu (Labeo rohita)",,,,520.0,700.0,500.0,,,,,,,,,,,,,,,,,,,Planned harvest,37000,,0,,1,The farmer is sun-drying the pond before stocking again.,,,12/20/2024 09:00
ara2_50841581,Eluru,12/03/2024,Yes,,Stocking,Praveen,,,,Breed-out,7500.0,0.0,"Catla (Catla catla), Rohu (Labeo rohita)",9:1,,,50.0,,,,,,,,,7500,,7500.0,,0.0,,,,,,0,,,,,,,,,,,01/24/2025 09:47
ara2_8cd29c44,Eluru,12/03/2024,No,Treatment,Harvest,Praveen,Verbal communication,,,Breed-out,0.0,,"Catla (Catla catla), Rohu (Labeo rohita)",,,,100.0,,,,,,,,,,,,,,,,,,,,,Planned harvest,1000,,0,,0,,,,01/22/2025 09:32
ara2_646bdcdb,Eluru,12/03/2024,No,Treatment,Stocking,Praveen,Verbal communication,,,Rearing,69474.0,,"Rohu (Labeo rohita), Catla (Catla catla)",9:1,,,20.0,,,,,,,,,69474,330000.0,69474.0,330000.0,0.0,,,,,,1,The farmer has exchanged water and added sanitizers.,,,,,,,,,,12/20/2024 06:49
ara2_06ad2d07,Eluru,12/03/2024,No,Treatment,Stocking,Praveen,Verbal communication,,,Grow-out,2381.0,,"Catla (Catla catla), Rohu (Labeo rohita)",9:1,,,206.0,300.0,200.0,,,,,,,2381,40000.0,2381.0,40000.0,0.0,,,,,,1,The farmer has applied water sanitizer before stocking.,,,,,,,,,,12/11/2024 09:03
ara2_c2bf107e,Eluru,12/02/2024,No,Treatment,Harvest,Praveen,Verbal communication,,,,0.0,,"Catla (Catla catla), Rohu (Labeo rohita)",,,,1022.0,2000.0,900.0,,,,,,,,,,,,,,,,,,,Planned harvest,46000,,0,,1,The farmer is planning to repair the dikes before stocking again.,,,12/06/2024 07:04
ara2_7bd7da7f,Eluru,12/02/2024,No,Treatment,Harvest,Praveen,Verbal communication,,,,0.0,,"Catla (Catla catla), Rohu (Labeo rohita)",,,,800.0,,,,,,,,,,,,,,,,,,,,,Planned harvest,3500,,0,,0,,,,12/05/2024 05:55
ara2_0a8841ec,Eluru,12/02/2024,No,Treatment,Harvest,Praveen,Verbal communication,,,,0.0,,"Catla (Catla catla), Rohu (Labeo rohita)",,,,366.0,500.0,350.0,,,,,,,,,,,,,,,,,,,Planned harvest,44000,,0,,1,The farmer is planning to sun dry the pond and repair the dikes.,,,12/05/2024 05:48
ara2_084db03a,Eluru,12/01/2024,No,Treatment,Stocking,Praveen,Verbal communication,,,Breed-out,13333.0,,Catla (Catla catla),0:10,,,100.0,100.0,,,,,,,,13333,20000.0,13333.0,20000.0,0.0,,,,,,1,The farmer did the water treatment before stocking.,,,,,,,,,,12/05/2024 06:00
ara2_f4e367af,Nellore,11/30/2024,No,Treatment,Stocking,Chaitanya,Verbal communication,,,Nursery,40984.0,,Rohu (Labeo rohita),10,,,2.0,,,,,,,,,40984,50000.0,40984.0,50000.0,0.0,,,,,,0,,,,,,,,,Grow-out pond has been changed to Nursery pond in November 2024,,12/13/2024 03:39
ara2_bd12b267,Nellore,11/29/2024,No,Treatment,Stocking,Chaitanya,Verbal communication,,,Grow-out,2966.0,,"Rohu (Labeo rohita), Catla (Catla catla)",9:1,,,200.0,,,,,,,,,2966,7000.0,2966.0,7000.0,0.0,,,,,,1,"Sun dried the pond bottom, removed sludge and added bleach",,,,,,,,,,12/13/2024 03:48
ara2_06ad2d07,Eluru,11/28/2024,No,Treatment,Harvest,Praveen,Verbal communication,,,Grow-out,0.0,,"Catla (Catla catla), Rohu (Labeo rohita)",,,,1060.0,2100.0,1000.0,,,,,,,,,,,,,,,,,,,Planned harvest,42000,,0,,1,The farmer is planning to apply water sanitizer before stocking again.,,,12/11/2024 08:59
ara2_6857ac3f,Eluru,11/28/2024,No,Treatment,Stocking,Praveen,Verbal communication,,,Breed-out,9191.0,,"Catla (Catla catla), Rohu (Labeo rohita)",9:1,,,50.0,,,,,,,,,9191,25000.0,9191.0,25000.0,0.0,,,,,,1,The farmer has added new water to the pond before stocking.,,,,,,,,,,12/06/2024 08:02
ara2_c3cfe293,Eluru,11/27/2024,Yes,,Stocking,Praveen,,,,Grow-out,2791.0,0.0,"Catla (Catla catla), Rohu (Labeo rohita)",9:1,1000.0,3000.0,150.0,,,,,,,,,2791,,2791.0,,0.0,,,,,,0,,,,,,,,,,,02/21/2025 07:27
ara2_3a8fffae,Eluru,11/27/2024,No,Treatment,Stocking,Praveen,Verbal communication,,,Grow-out,2358.0,,"Catla (Catla catla), Rohu (Labeo rohita)",9:1,,,250.0,,,,,,,,,2358,50000.0,2358.0,50000.0,0.0,,,,,,0,,,,,,,,,,,12/13/2024 08:50
ara2_0e392abc,Eluru,11/26/2024,No,Treatment,Harvest,Praveen,Verbal communication,,,Grow-out,0.0,,"Catla (Catla catla), Rohu (Labeo rohita)",,,,1600.0,,,,,,,,,,,,,,,,,,,,,Planned harvest,65000,,0,,0,,,,12/20/2024 06:31
ara2_bddfa227,Nellore,11/26/2024,No,Treatment,Stocking,Chaitanya,Verbal communication,,,Grow-out,2329.0,,"Catla (Catla catla), Rohu (Labeo rohita)",9:1,,,300.0,,,,,,,,,3409,3000.0,2329.0,2050.0,950.0,,,,,,1,Sun dried the pond bottom,,,,,,,,,Yes,12/13/2024 03:53
ara2_970ce848,Eluru,11/26/2024,No,Treatment,Stocking,Praveen,Verbal communication,,,Grow-out,2542.0,,"Catla (Catla catla), Rohu (Labeo rohita)",9:1,,,218.0,400.0,200.0,,,,,,,2542,55000.0,2542.0,55000.0,0.0,,,,,,1,The farmer cleaned the dikes and did the water treatment.,,,,,,,,,,11/28/2024 06:31
ara2_9ea43968,Eluru,11/25/2024,No,Treatment,Stocking,Praveen,Verbal communication,,,Grow-out,2194.0,,"Catla (Catla catla), Rohu (Labeo rohita)",9:1,,,284.0,380.0,250.0,,,,,,,2194,34000.0,2194.0,34000.0,0.0,,,,,,1,The farmer has treated the pond bottom and the water before stocking.,,,,,,,,,,11/28/2024 06:45
ara2_0677080b,Eluru,11/24/2024,No,Treatment,Harvest,Praveen,Verbal communication,,,,0.0,,"Catla (Catla catla), Rohu (Labeo rohita)",,,,425.0,600.0,400.0,,,,,,,,,,,,,,,,,,,Planned harvest,17000,,0,,1,The farmer is planning to remove the sludge at the bottom before stocking again.,,,12/05/2024 05:50
ara2_176528d3,Eluru,11/20/2024,Yes,,Stocking,Praveen,,,,Grow-out,1833.0,0.0,"Catla (Catla catla), Rohu (Labeo rohita)",9:1,1200.0,3000.0,200.0,,,,,,,,,1833,,1833.0,,0.0,,,,,,0,,,,,,,,,,,06/06/2025 08:26
ara2_10a5f8e4,Eluru,11/20/2024,No,Treatment,Harvest,Praveen,Verbal communication,,,Breed-out,0.0,,"Catla (Catla catla), Rohu (Labeo rohita)",,,,250.0,,,,,,,,,,,,,,,,,,,,,Planned harvest,2500,,0,,0,,,,01/23/2025 06:10
ara2_2167f891,Eluru,11/20/2024,Yes,Treatment,Stocking,Praveen,,,,Rearing,133333.0,0.0,"Catla (Catla catla), Rohu (Labeo rohita)",9:1,,,20.0,,,,,,,,,133333,,133333.0,,0.0,,,,,,0,,,,,,,,,,,12/16/2024 10:24
ara2_bf22ac2f,Nellore,11/20/2024,No,Treatment,Harvest,Chaitanya,Verbal communication,,,Grow-out,0.0,,"Catla (Catla catla), Rohu (Labeo rohita)",,,,970.0,,,,,,,,,,,,,,,,,,,,,Planned harvest,63000,,0,,1,Sun dry the pond bottom and add lime,,,12/13/2024 02:56
ara2_733d0028,Eluru,11/19/2024,Yes,Treatment,Stocking,Praveen,,,,Breed-out,11111.0,0.0,"Catla (Catla catla), Rohu (Labeo rohita)",9:1,,,70.0,150.0,50.0,,,,,,,11111,,11111.0,,0.0,,,,,,0,,,,,,,,,,,12/16/2024 10:21
ara2_95c4b2c4,Eluru,11/19/2024,Yes,Treatment,Stocking,Praveen,,,,Grow-out,3055.0,0.0,"Catla (Catla catla), Rohu (Labeo rohita)",9:1,,,251.0,300.0,250.0,,,,,,,3055,,3055.0,,0.0,,,,,,0,,,,,,,,,,,12/16/2024 10:18
ara2_84b6fb93,Eluru,11/18/2024,No,Treatment,Stocking,Praveen,Verbal communication,,,Grow-out,3057.0,,"Catla (Catla catla), Rohu (Labeo rohita)",9:1,,,186.0,300.0,180.0,,,,,,,3057,60000.0,3057.0,60000.0,0.0,,,,,,1,The farmer has drained all the water and did the bottom treatment. Then he has added fresh water and treated the water before stocking.,,,,,,,,The stocking density is higher than 3000 by 57 numbers. We have enquired the farmer about this and he said he will keep doing partial harvest in between the culture.,,12/30/2024 06:53
ara2_0d53cd07,Nellore,11/18/2024,No,Treatment,Stocking,Chaitanya,Verbal communication,,,Grow-out,3378.0,,Roopchand,10,,,300.0,,,,,,300.0,,,3378,7500.0,3378.0,7500.0,0.0,,,,,,0,,,,,,,,,,,12/13/2024 04:01
ara2_98d96403,Nellore,11/18/2024,No,Treatment,Stocking,Chaitanya,Verbal communication,,,Grow-out,2941.0,,Roopchand,10,,,400.0,,,,,,400.0,,,2941,2500.0,2941.0,2500.0,0.0,,,,,,0,,,,,,,,,,,12/13/2024 03:57
ara2_6c015433,Nellore,11/17/2024,No,Control,Harvest,Chaitanya,Verbal communication,,,Grow-out,0.0,,"Catla (Catla catla), Rohu (Labeo rohita)",,,,670.0,,,,,,,,,,,,,,,,,,,,,Planned harvest,9500,,0,,1,Sun dry the pond bottom and add lime,,,12/13/2024 02:50
ara2_7ac87fad,Eluru,11/16/2024,No,Treatment,Stocking,Praveen,Verbal communication,,,Grow-out,2182.0,,"Catla (Catla catla), Rohu (Labeo rohita)",9:1,,,320.0,500.0,300.0,,,,,,,2182,60000.0,2182.0,60000.0,0.0,,,,,,1,The farmer has repaired the dikes before stocking.,,,,,,,,,,12/05/2024 06:27
ara2_d9e114a2,Eluru,11/16/2024,No,Treatment,Stocking,Praveen,Verbal communication,,,Breed-out,8270.0,,"Catla (Catla catla), Rohu (Labeo rohita)",9:1,,,50.0,,,,,,,,,8270,130000.0,8270.0,130000.0,0.0,,,,,,1,The farmer has sun dried the pond before stocking.,,,,,,,,,,11/25/2024 10:29
ara2_0f0eef00,Eluru,11/15/2024,Yes,,Stocking,Praveen,,,,Grow-out,3155.0,0.0,"Catla (Catla catla), Rohu (Labeo rohita)",9:1,1000.0,3000.0,250.0,,,,,,,,,3155,,3155.0,,0.0,,,,,,0,,,,,,,,,,,03/20/2025 05:57
ara2_51ffa437,Eluru,11/15/2024,No,Treatment,Stocking,Praveen,Verbal communication,,,Rearing,37037.0,,"Catla (Catla catla), Rohu (Labeo rohita)",9:1,,,20.0,,,,,,,,,37037,100000.0,37037.0,100000.0,0.0,,,,,,1,The farmer has repaired the dikes before stocking.,,,,,,,,,,12/05/2024 06:11
ara2_3a8fffae,Eluru,11/14/2024,No,,Harvest,Praveen,Verbal communication,,,,0.0,,"Catla (Catla catla), Rohu (Labeo rohita)",,,,1100.0,2000.0,1000.0,,,,,,,,,,,,,,,,,,,Planned harvest,60000,,0,,1,The farmer is planning to do water treatment before stocking again.,,,11/25/2024 11:07
ara2_646bdcdb,Eluru,11/14/2024,No,Treatment,Harvest,Praveen,Verbal communication,,,,0.0,,"Catla (Catla catla), Rohu (Labeo rohita)",,,,40.0,,,,,,,,,,,,,,,,,,,,,Planned harvest,4000,,0,,0,,,,11/14/2024 09:44
ara2_0b1b03bb,Eluru,11/14/2024,No,Treatment,Stocking,Praveen,Verbal communication,,,Breed-out,8092.0,,"Catla (Catla catla), Rohu (Labeo rohita)",9:1,,,40.0,,,,,,,,,8092,140000.0,8092.0,140000.0,0.0,,,,,,0,,,,,,,,,,,11/14/2024 09:40
ara2_2ae80458,Eluru,11/13/2024,No,Treatment,Harvest,Praveen,Verbal communication,,,,0.0,,"Catla (Catla catla), Rohu (Labeo rohita)",,,,1085.0,2000.0,1000.0,,,,,,,,,,,,,,,,,,,Planned harvest,38000,,0,,1,The farmer is planning to do the water treatment before stocking again.,,,11/28/2024 07:22
ara2_cb372445,Eluru,11/12/2024,No,Treatment,Stocking,Praveen,Verbal communication,,,Breed-out,9195.0,,"Catla (Catla catla), Rohu (Labeo rohita)",9:1,,,165.0,300.0,150.0,,,,,,,9195,80000.0,9195.0,80000.0,0.0,,,,,,1,The farmer has repaired the dikes before stocking.,,,,,,,,,,12/05/2024 06:17
ara2_4149d54a,Eluru,11/12/2024,No,Treatment,Harvest,Praveen,Verbal communication,,,,0.0,,"Catla (Catla catla), Rohu (Labeo rohita)",,,,1300.0,,,,,,,,,,,,,,,,,,,,,Planned harvest,50000,,0,,1,The farmer is planning to exchange water in the pond and add manure.,,,11/15/2024 04:32
ara2_0b1b03bb,Eluru,11/12/2024,No,Treatment,Harvest,Praveen,Verbal communication,,,,0.0,,"Catla (Catla catla), Rohu (Labeo rohita)",,,,200.0,,,,,,,,,,,,,,,,,,,,,Planned harvest,16000,,0,,0,,,,11/14/2024 09:36
ara2_7dc637c3,Eluru,11/12/2024,No,Treatment,Stocking,Praveen,Verbal communication,,,Grow-out,2324.0,,"Catla (Catla catla), Rohu (Labeo rohita)",9.3:0.7,,,207.0,300.0,200.0,,,,,,,2324,43000.0,2324.0,43000.0,0.0,,,,,,0,,,,,,,,,,,11/14/2024 09:33
ara2_8a429bf1,Nellore,11/11/2024,No,Treatment,Stocking,Chaitanya,Verbal communication,,,Grow-out,3000.0,,"Catla (Catla catla), Rohu (Labeo rohita)",9:1,,,100.0,,,,,,,,,3000,83500.0,3000.0,83500.0,0.0,,,,,,1,Sun dried the pond bottom,,,,,,,,,,12/13/2024 03:19
ara2_084db03a,Eluru,11/11/2024,No,Treatment,Harvest,Praveen,Verbal communication,,,Breed-out,0.0,,"Catla (Catla catla), Rohu (Labeo rohita)",,,,140.0,,,,,,,,,,,,,,,,,,,,,Planned harvest,2000,,0,,1,The farmer is planning to do the water treatment before stocking again.,,,12/05/2024 05:57
ara2_a0d5d74d,Eluru,11/11/2024,No,Treatment,Stocking,Praveen,Verbal communication,,,Breed-out,12791.0,,"Catla (Catla catla), Rohu (Labeo rohita)",9:1,,,50.0,,,,,,,,,12791,55000.0,12791.0,55000.0,0.0,,,,,,1,The farmer did the water treatment before stocking.,,,,,,,,,,11/25/2024 11:03
ara2_09faa72c,Eluru,11/11/2024,No,Treatment,Partial harvest,Praveen,Verbal communication,,,,926.0,,"Catla (Catla catla), Rohu (Labeo rohita)",,,,360.0,450.0,350.0,,,,,,,,,,,,,,,,,,,Planned harvest,20000,,10000,,1,The farmer is exchanging about 2 feet of water in the pond.,,,11/25/2024 10:20
ara2_33f93df9,Eluru,11/10/2024,Yes,,Stocking,Praveen,,,,Breed-out,7333.0,0.0,"Catla (Catla catla), Rohu (Labeo rohita)",9:1,350.0,8500.0,50.0,,,,,,,,,7333,,7333.0,,0.0,,,,,,0,,,,,,,,,,,03/20/2025 06:28
ara2_f0f921b2,Eluru,11/10/2024,Yes,Treatment,Stocking,Praveen,,,,Grow-out,2607.0,0.0,"Catla (Catla catla), Rohu (Labeo rohita)",9:1,,,250.0,250.0,250.0,,,,,,,2607,,2607.0,,0.0,,,,,,0,,,,,,,,,,,12/20/2024 06:23
ara2_3ed4df8e,Eluru,11/09/2024,No,Treatment,Stocking,Praveen,Verbal communication,,,Grow-out,3327.0,,"Catla (Catla catla), Rohu (Labeo rohita)",9:1,1000.0,3000.0,230.0,,,,,,,,,3327,50000.0,3327.0,50000.0,0.0,,,,,,0,,,,,,,,,The stocking density is beyond the recommended limits for a grow-out pond. But the farmer said he will partially harvest in around February (considering this pond as a breed-out pond for the time being) and transfer a part of these fishes into another one of his ponds. ,,01/24/2025 07:12
ara2_ee15e2a0,Nellore,11/09/2024,No,Treatment,Stocking,Chaitanya,Verbal communication,,,Grow-out,3044.0,,"Catla (Catla catla), Rohu (Labeo rohita)",9:1,,,300.0,100.0,300.0,,,,,,,3044,13000.0,3044.0,13000.0,0.0,,,,,,1,Sun dried the pond bottom and added lime,,,,,,,,,,12/13/2024 03:09
ara2_6608762c,Eluru,11/09/2024,No,Treatment,Harvest,Praveen,Verbal communication,,,Breed-out,0.0,,"Catla (Catla catla), Rohu (Labeo rohita)",,,,230.0,,,,,,,,,,,,,,,,,,,,,Planned harvest,16000,,0,,0,,,,12/11/2024 08:38
ara2_9ea43968,Eluru,11/09/2024,No,Treatment,Harvest,Praveen,Verbal communication,,,,0.0,,"Catla (Catla catla), Rohu (Labeo rohita)",,,,1290.0,2100.0,1200.0,,,,,,,,,,,,,,,,,,,Planned harvest,42500,,0,,1,The farmer is planning to exchange the water in the pond and treat the bottom.,,,11/25/2024 08:34
ara2_163f5bc2,Eluru,11/08/2024,Yes,,Stocking,Praveen,,,,Grow-out,2409.0,0.0,"Catla (Catla catla), Rohu (Labeo rohita)",9:1,1200.0,2500.0,160.0,,,,,,,,,2409,,2409.0,,0.0,,,,,,0,,,,,,,,,,,02/21/2025 07:35
ara2_7ed0eacc,Nellore,11/08/2024,No,Treatment,Stocking,Chaitanya,Verbal communication,,,Grow-out,2667.0,,"Rohu (Labeo rohita), Roopchand",5:5,,,200.0,,,,,,,,,3750,2812.0,2667.0,2000.0,812.0,,,,,,0,,,,,,,,,,Yes,12/13/2024 03:44
ara2_a1c0497f,Eluru,11/08/2024,No,Treatment,Harvest,Praveen,Verbal communication,,,,0.0,,"Catla (Catla catla), Rohu (Labeo rohita)",,,,100.0,,,,,,,,,,,,,,,,,,,,,Planned harvest,1000,,0,,0,,The farmer stocked 12000 fish but he could harvest 10000 fish. 2000 were either mortalities are predated.,,11/15/2024 04:25
ara2_c15dc3a2,Eluru,11/07/2024,Yes,,Stocking,Praveen,,,,Grow-out,2211.0,0.0,"Catla (Catla catla), Rohu (Labeo rohita)",9:1,1200.0,2500.0,170.0,,,,,,,,,2211,,2211.0,,0.0,,,,,,0,,,,,,,,,,,02/21/2025 07:33
ara2_65a854d9,Nellore,11/07/2024,No,Treatment,Stocking,Chaitanya,Verbal communication,,,Grow-out,2059.0,,"Catla (Catla catla), Rohu (Labeo rohita)",9:1,,,400.0,,,,,,,,,3726,19000.0,2059.0,10500.0,8501.0,,,,,,1,"Sun dried the pond bottom, removed sludge and strengthened the dykes.",,,,,,,,,Yes,12/13/2024 03:02
ara2_0772ec50,Eluru,11/06/2024,Yes,,Stocking,Praveen,,,,Grow-out,2823.0,0.0,"Catla (Catla catla), Rohu (Labeo rohita)",9:1,1000.0,3000.0,200.0,,,,,,,,,2823,,2823.0,,0.0,,,,,,0,,,,,,,,,,,03/20/2025 07:26
ara2_3ed4df8e,Eluru,11/05/2024,No,Treatment,Harvest,Praveen,Verbal communication,,,Grow-out,0.0,,"Catla (Catla catla), Rohu (Labeo rohita)",,,,1000.0,,,,,,,,,,,,,,,,,,,,,Planned harvest,30500,,0,,1,The farmer is planning to apply animal manure and exchange water.,,,12/11/2024 08:48
ara2_7b2b4994,Eluru,11/05/2024,Yes,,Stocking,Praveen,,,,Grow-out,1737.0,0.0,"Catla (Catla catla), Rohu (Labeo rohita)",9:1,1200.0,2500.0,400.0,,,,,,,,,1737,,1737.0,,0.0,,,,,,0,,,,,,,,,,,03/20/2025 06:13
ara2_6ea8e528,Nellore,11/03/2024,No,Treatment,Harvest,Chaitanya,Verbal communication,,,Grow-out,0.0,,"Catla (Catla catla), Rohu (Labeo rohita)",,,,760.0,,,,,,,,,,,,,,,,,,,,,Planned harvest,7000,,0,,1,Sun dry the pond bottom and add bleach,,,12/13/2024 02:53
ara2_346e897c,Eluru,11/02/2024,No,Treatment,Harvest,Praveen,Verbal communication,,,,0.0,,Rohu (Labeo rohita),,,,100.0,,,,,,,,,,,,,,,,,,,,,Planned harvest,5000,,0,,0,,,,11/06/2024 06:46
ara2_7dc637c3,Eluru,11/01/2024,No,Treatment,Harvest,Praveen,Verbal communication,,,,0.0,,"Catla (Catla catla), Rohu (Labeo rohita)",,,,1400.0,3000.0,1300.0,,,,,,,,,,,,,,,,,,,Planned harvest,65000,,0,,0,,,,11/06/2024 07:13
ara2_e74f26b3,Eluru,10/30/2024,No,Treatment,Stocking,Praveen,Verbal communication,,,Grow-out,2530.0,,"Catla (Catla catla), Rohu (Labeo rohita)",9:1,,,264.0,400.0,250.0,,,,,,,2530,42000.0,2530.0,42000.0,0.0,,,,,,1,The farmer applied soil probiotic to clean the pond bottom.,,,,,,,,,,11/28/2024 06:38
ara2_ca187575,Eluru,10/30/2024,No,Treatment,Stocking,Praveen,Verbal communication,,,Breed-out,5814.0,,"Catla (Catla catla), Rohu (Labeo rohita)",9:1,,,100.0,200.0,100.0,,,,,,,5814,100000.0,5814.0,100000.0,0.0,,,,,,1,The farmer did water treatment before stocking.,,,,,,,,,,11/25/2024 10:39
ara2_94eeabd8,Eluru,10/26/2024,No,Treatment,Harvest,Praveen,Verbal communication,,,,0.0,,"Rohu (Labeo rohita), Catla (Catla catla)",,,,1238.0,2500.0,1100.0,,,,,,,,,,,,,,,,,,,Planned harvest,160000,,0,,1,The farmer is planning to exchange the water in the pond and do the water treatment.,,,11/28/2024 07:31
ara2_a0d5d74d,Eluru,10/25/2024,No,Treatment,Harvest,Praveen,Verbal communication,,,,0.0,,"Catla (Catla catla), Rohu (Labeo rohita)",,,,250.0,,,,,,,,,,,,,,,,,,,,,Planned harvest,10500,,0,,1,The farmer is planning to do the water treatment before stocking again.,,,11/25/2024 10:59
ara2_7ed0eacc,Nellore,10/24/2024,No,Treatment,Harvest,Chaitanya,Verbal communication,,,,0.0,,Roopchand,,,,900.0,,,,,,900.0,,,,,,,,,,,,,,,Planned harvest,1800,,0,,1,Sun dry the pond bottom,,,10/28/2024 04:52
ara2_8232649d,Eluru,10/22/2024,Yes,,Stocking,Praveen,,,,Grow-out,2494.0,0.0,"Catla (Catla catla), Rohu (Labeo rohita)",9:1,1000.0,3000.0,200.0,,,,,,,,,2494,,2494.0,,0.0,,,,,,0,,,,,,,,,,,02/28/2025 06:04
ara2_4441fb4f,Eluru,10/22/2024,No,Treatment,Stocking,Praveen,Verbal communication,,,Rearing,175438.0,,Rohu (Labeo rohita),10:0,,,10.0,,,,,,,,,175438,500000.0,175438.0,500000.0,0.0,,,,,,1,"The farmer has applied water probiotics, sanitizer, and cow dung.",,,,,,,,,,10/24/2024 12:29
ara2_9d82e6a0,Eluru,10/21/2024,No,Treatment,Harvest,Praveen,Verbal communication,,,,0.0,,"Catla (Catla catla), Rohu (Labeo rohita)",,,,1143.0,2500.0,1000.0,,,,,,,,,,,,,,,,,,,Planned harvest,80000,,0,,1,The farmer is planning to exchange the water in the pond.,,,11/28/2024 07:28
ara2_d19ebe54,Eluru,10/21/2024,No,Treatment,Harvest,Praveen,Verbal communication,,,,0.0,,"Catla (Catla catla), Rohu (Labeo rohita)",,,,250.0,,,,,,,,,,,,,,,,,,,,,Planned harvest,5500,,0,,0,,,,11/14/2024 09:13
ara2_d891f276,Eluru,10/20/2024,No,Treatment,Harvest,Praveen,Verbal communication,,,Grow-out,0.0,,"Catla (Catla catla), Rohu (Labeo rohita)",,,,1500.0,,,,,,,,,,,,,,,,,,,,,Planned harvest,60000,,0,,1,The farmer is planning to sun-dry the pond and repair the dikes before stocking again.,,,01/23/2025 06:07
ara2_0b0bdb08,Nellore,10/20/2024,No,Treatment,Stocking,Chaitanya,Verbal communication,,,Grow-out,2762.0,,"Rohu (Labeo rohita), Catla (Catla catla)",9:1,,,100.0,,,,,,,,,2762,5000.0,2762.0,5000.0,0.0,,,,,,1,Sun dried the pond bottom ,,,,,,,,,,10/29/2024 11:15
ara2_1fd0d0ae,Eluru,10/18/2024,Yes,,Stocking,Praveen,,,,Breed-out,7333.0,0.0,"Catla (Catla catla), Rohu (Labeo rohita)",9:1,250.0,12000.0,50.0,,,,,,,,,7333,,7333.0,,0.0,,,,,,0,,,,,,,,,,,02/07/2025 06:35
ara2_70271685,Eluru,10/18/2024,No,Treatment,Harvest,Praveen,Verbal communication,,,,0.0,,"Catla (Catla catla), Rohu (Labeo rohita)",,,,350.0,,,,,,,,,,,,,,,,,,,,,Planned harvest,30000,,0,,0,,,,10/25/2024 07:39
ara2_e74f26b3,Eluru,10/16/2024,No,Treatment,Harvest,Praveen,Verbal communication,,,,0.0,,"Catla (Catla catla), Rohu (Labeo rohita)",,,,1250.0,2500.0,1100.0,,,,,,,,,,,,,,,,,,,Planned harvest,50000,,0,,1,The farmer is planning to apply soil probiotic to clean the pond bottom.,,,11/28/2024 06:35
ara2_c9cdacda,Eluru,10/15/2024,Yes,Treatment,Stocking,Praveen,,,,Breed-out,5263.0,0.0,"Catla (Catla catla), Rohu (Labeo rohita)",9:1,,,50.0,,,,,,,,,5263,,5263.0,,0.0,,,,,,0,,,,,,,,,,,01/07/2025 07:39
ara2_f5dabd1c,Eluru,10/14/2024,Yes,,Stocking,Praveen,,,,Grow-out,2430.0,0.0,"Catla (Catla catla), Rohu (Labeo rohita)",9:1,1200.0,2500.0,250.0,,,,,,,,,2430,,2430.0,,0.0,,,,,,0,,,,,,,,,,,04/02/2025 06:50
ara2_3eab831e,Eluru,10/13/2024,Yes,,Stocking,Praveen,,,,Breed-out,7327.0,0.0,"Catla (Catla catla), Rohu (Labeo rohita)",9:1,,,50.0,,,,,,,,,7327,,7327.0,,0.0,,,,,,0,,,,,,,,,,,01/24/2025 09:53
ara2_86d250a3,Eluru,10/11/2024,Yes,,Stocking,Praveen,,,,Grow-out,1600.0,0.0,"Catla (Catla catla), Rohu (Labeo rohita)",9:1,,,110.0,,,,,,,,,1600,,1600.0,,0.0,,,,,,0,,,,,,,,,,,01/24/2025 09:39
ara2_aa21af30,Eluru,10/10/2024,No,Treatment,Stocking,Praveen,Verbal communication,,,Grow-out,2364.0,,"Catla (Catla catla), Rohu (Labeo rohita)",9:1,,,220.0,450.0,200.0,,,,,,,2364,39000.0,2364.0,39000.0,0.0,,,,,,1,The farmer has used water sanitizer before stocking.,,,,,,,,,,10/25/2024 07:25
ara2_4441fb4f,Eluru,10/10/2024,No,Treatment,Harvest,Praveen,Verbal communication,,,,0.0,,"Catla (Catla catla), Rohu (Labeo rohita)",,,,400.0,,,,,,,,,,,,,,,,,,,,,Planned harvest,3000,,0,,1,The farmer has applied water Sanitizer and water probiotics.  ,,,10/24/2024 12:24
ara2_249e0180,Eluru,10/09/2024,No,Treatment,Harvest,Praveen,Verbal communication,,,,0.0,,"Catla (Catla catla), Rohu (Labeo rohita)",,,,1270.0,2000.0,1200.0,,,,,,,,,,,,,,,,,,,Planned harvest,140000,,0,,1,The farmer is planning to sundry the pond and do the pond preparation.,,,12/05/2024 05:43
ara2_0f143c64,Eluru,10/08/2024,No,Treatment,Stocking,Praveen,Verbal communication,,,Breed-out,7576.0,,"Catla (Catla catla), Rohu (Labeo rohita)",9:1,,,50.0,,,,,,,,,7576,50000.0,7576.0,50000.0,0.0,,,,,,0,,,,,,,,,,,10/24/2024 13:19
ara2_957cbe38,Eluru,10/06/2024,No,Treatment,Harvest,Praveen,Verbal communication,,,,0.0,,"Catla (Catla catla), Rohu (Labeo rohita)",,,,980.0,,,,,,,,,,,,,,,,,,,,,Planned harvest,10500,,0,,1,Drying the pond and cleaning the pond bottom.,,,10/25/2024 07:37
ara2_bf024850,Eluru,10/05/2024,Yes,Treatment,Stocking,Praveen,,,,Grow-out,2886.0,0.0,"Catla (Catla catla), Rohu (Labeo rohita)",9:1,,,200.0,600.0,200.0,,,,,,,2886,,2886.0,,0.0,,,,,,0,,,,,,,,,,,11/06/2024 08:32
ara2_970ce848,Eluru,10/03/2024,No,Treatment,Harvest,Praveen,Verbal communication,,,,0.0,,"Catla (Catla catla), Rohu (Labeo rohita)",,,,1100.0,2000.0,1000.0,,,,,,,,,,,,,,,,,,,Planned harvest,65000,,0,,1,The farmer is planning to do the water treatment and clean the dikes.,,,11/28/2024 06:27
ara2_aa21af30,Eluru,10/02/2024,No,Treatment,Harvest,Praveen,Verbal communication,,,,0.0,,"Catla (Catla catla), Rohu (Labeo rohita)",,,,1370.0,2500.0,1300.0,,,,,,,,,,,,,,,,,,,Planned harvest,55000,,0,,1,The farmer is planning to use water sanitizer.,,,10/25/2024 07:20
ara2_29c9448f,Eluru,09/30/2024,Yes,,Stocking,Praveen,,,,Breed-out,15000.0,0.0,"Catla (Catla catla), Rohu (Labeo rohita)",9:1,200.0,15000.0,40.0,,,,,,,,,15000,,15000.0,,0.0,,,,,,0,,,,,,,,,,,04/02/2025 06:53
ara2_0c7bd285,Nellore,09/28/2024,No,Treatment,Stocking,Chaitanya,Verbal communication,,,Grow-out,3448.0,,"Catla (Catla catla), Rohu (Labeo rohita)",9:1,,,100.0,100.0,100.0,,,,,,,3448,7000.0,3448.0,7000.0,0.0,,,,,,1,Sun dried the pond bottom and added lime,,,,,,,,,,10/28/2024 06:08
ara2_0d53cd07,Nellore,09/28/2024,No,Treatment,Harvest,Chaitanya,Verbal communication,,,,0.0,,Roopchand,,,,700.0,,,,,,700.0,,,,,,,,,,,,,,,Planned harvest,5300,,0,,0,,,,10/28/2024 04:45
ara2_98d96403,Nellore,09/28/2024,No,Treatment,Harvest,Chaitanya,Verbal communication,,,,0.0,,Roopchand,,,,800.0,,,,,,800.0,,,,,,,,,,,,,,,Planned harvest,2200,,0,,0,,,,10/28/2024 04:42
ara2_1d5dce9e,Eluru,09/28/2024,No,Treatment,Harvest,Praveen,Verbal communication,,,,0.0,,"Catla (Catla catla), Rohu (Labeo rohita)",,,,310.0,800.0,300.0,,,,,,,,,,,,,,,,,,,Planned harvest,10000,,0,,0,,,,10/25/2024 07:33
ara2_fea90a74,Eluru,09/27/2024,No,Treatment,Stocking,Praveen,Verbal communication,,,Grow-out,2358.0,,"Catla (Catla catla), Rohu (Labeo rohita)",9:1,,,260.0,450.0,250.0,,,,,,,2358,50000.0,2358.0,50000.0,0.0,,,,,,0,,,,,,,,,,,12/06/2024 06:35
ara2_3587929e,Nellore,09/26/2024,No,Treatment,Harvest,Chaitanya,Farmer sent us a picture of the receipt,,,,0.0,,"Catla (Catla catla), Rohu (Labeo rohita), Grass Carp (Ctenopharyngodon idella)",,,,750.0,,,,,,,,,,,,,,,,,,,,,Planned harvest,2047,,0,,1,Sun dried the pond and added bleach,,,10/28/2024 04:39
ara2_6452000e,Eluru,09/25/2024,Yes,Treatment,Stocking,Praveen,,,,,,,"Catla (Catla catla), Rohu (Labeo rohita)",9.3:0.7,,,,,,,,,,,,,,,,,,,,,,0,,,,,,,,,,,10/15/2024 10:42
ara2_bddfa227,Nellore,09/24/2024,No,Treatment,Harvest,Chaitanya,Verbal communication,,,,0.0,,"Catla (Catla catla), Rohu (Labeo rohita)",,,,800.0,,,,,,,,,,,,,,,,,,,,,Planned harvest,2040,,0,,1,Sun dried the pond bottom and removed the sludge,,,10/28/2024 04:48
ara2_fea90a74,Eluru,09/20/2024,No,Treatment,Harvest,Praveen,Verbal communication,,,,0.0,,"Catla (Catla catla), Rohu (Labeo rohita)",,,,730.0,1200.0,700.0,,,,,,,,,,,,,,,,,,,Planned harvest,45000,,0,,0,,,,12/06/2024 06:31
ara2_d9e114a2,Eluru,09/20/2024,No,,Harvest,Praveen,Verbal communication,,,,0.0,,"Catla (Catla catla), Rohu (Labeo rohita)",,,,250.0,,,,,,,,,,,,,,,,,,,,,Planned harvest,44000,,0,,1,The farmer is planning to sun dry the pond before stocking again.,,,11/25/2024 10:23
ara2_c2394795,Eluru,09/20/2024,Yes,Treatment,Stocking,Praveen,,,,,12222.0,0.0,"Catla (Catla catla), Rohu (Labeo rohita)",9:1,,,,,,,,,,,,12222,,12222.0,,0.0,,,,,,0,,,,,,,,,,,10/15/2024 10:38
ara2_6857ac3f,Eluru,09/18/2024,No,Treatment,Harvest,Praveen,Verbal communication,,,,0.0,,"Catla (Catla catla), Rohu (Labeo rohita)",,,,280.0,,,,,,,,,,,,,,,,,,,,,Planned harvest,8500,,0,,1,The farmer is planning to add new water to the pond before stocking again.,,,12/06/2024 07:57
ara2_ca187575,Eluru,09/17/2024,No,Treatment,Harvest,Praveen,Verbal communication,,,,0.0,,"Catla (Catla catla), Rohu (Labeo rohita)",,,,400.0,,,,,,,,,,,,,,,,,,,,,Planned harvest,40000,,0,,1,The farmer is planning to do the water treatment before stocking again.,,,11/25/2024 10:34
ara2_e985ca4a,Eluru,09/15/2024,No,Treatment,Stocking,Praveen,Verbal communication,,,Breed-out,5978.0,,"Catla (Catla catla), Rohu (Labeo rohita)",9:1,,,114.0,250.0,100.0,,,,,,,5978,44000.0,5978.0,44000.0,0.0,,,,,,0,,,,,,,,,,,09/18/2024 09:45
ara2_25585dd3,Eluru,09/05/2024,Yes,Treatment,Stocking,Praveen,,,,,2105.0,0.0,"Catla (Catla catla), Rohu (Labeo rohita)",9:1,,,,,,,,,,,,2105,,2105.0,,0.0,,,,,,1,The farmer did the wet pond preparation. He treated the water with ProPS (for bottom treatment) and before stocking he applied fermentation juice.,,,,,,,,,,09/19/2024 04:16
ara2_55de7689,Eluru,09/03/2024,Yes,Treatment,Stocking,Praveen,Verbal communication,,,Grow-out,2128.0,0.0,"Catla (Catla catla), Rohu (Labeo rohita)",9.4:0.6,,,160.0,250.0,150.0,,,,,,,2128,50000.0,2128.0,50000.0,0.0,,,,,,0,,,,,,,,,,,10/15/2024 11:21
ara2_93b6516f,Eluru,08/28/2024,No,Treatment,Harvest,Praveen,Verbal communication,,,,0.0,,"Catla (Catla catla), Rohu (Labeo rohita)",,,,600.0,,,,,,,,,,,,,,,,,,,,,Planned harvest,58000,,0,,1,The farmer is drying the pond before stocking for the next cycle.,,,11/06/2024 06:41
ara2_b0010581,Nellore,08/28/2024,No,Treatment,Stocking,Chaitanya,Verbal communication,,,Rearing,42980.0,,"Catla (Catla catla), Rohu (Labeo rohita)",9:1,,,5.0,,,,,,,,,42980,150000.0,42980.0,150000.0,0.0,,,,,,1,"Sun dried the pond bottom, removed sludge",,,,,,,,,,10/28/2024 05:48
ara2_2e53f20a,Eluru,08/26/2024,Yes,,Stocking,Praveen,,,,Grow-out,1425.0,0.0,"Catla (Catla catla), Rohu (Labeo rohita)",9:1,2000.0,1500.0,250.0,,,,,,,,,1425,,1425.0,,0.0,,,,,,0,,,,,,,,,,,04/02/2025 06:47
ara2_ac267ebf,Eluru,08/26/2024,No,Treatment,Harvest,Praveen,Verbal communication,,,,0.0,,"Catla (Catla catla), Rohu (Labeo rohita)",,,,1100.0,,,,,,,,,,,,,,,,,,,,,Planned harvest,98000,,0,,0,,The lease is over and the farmer has left the pond.,,09/25/2024 05:23
ara2_1d54882b,Nellore,08/25/2024,No,Treatment,Stocking,Chaitanya,Verbal communication,,,Grow-out,2321.0,,"Roopchand, Catla (Catla catla)",9.5:0.5,,,400.0,,,,,,,,,3214,9000.0,2321.0,6500.0,2500.0,,,,,,1,Sun dried the bottom and ploughed,,,,,,,,,Yes,10/28/2024 06:10
ara2_4f79fc8d,Eluru,08/25/2024,No,Treatment,Harvest,Praveen,Verbal communication,,,,0.0,,"Catla (Catla catla), Rohu (Labeo rohita)",,,,1200.0,,,,,,,,,,,,,,,,,,,,,Planned harvest,47000,,0,,0,,,,09/27/2024 04:42
ara2_1f1af1d7,Eluru,08/24/2024,Yes,Treatment,Stocking,Chaitanya,,,,,5278.0,0.0,"Catla (Catla catla), Rohu (Labeo rohita)",9:1,,,,,,,,,,,,5278,,5278.0,,0.0,,,,,,0,,,,,,,,,,,09/01/2024 10:33
ara2_30f18320,Eluru,08/24/2024,Yes,Treatment,Stocking,Chaitanya,,,,,6364.0,0.0,"Catla (Catla catla), Rohu (Labeo rohita)",9:1,,,,,,,,,,,,6364,,6364.0,,0.0,,,,,,0,,,,,,,,,,,09/01/2024 10:28
ara2_51ee6ab1,Nellore,08/23/2024,No,Treatment,Stocking,Chaitanya,Verbal communication,,,Grow-out,909.0,,"Catla (Catla catla), Rohu (Labeo rohita)",9:1,,,100.0,,100.0,,,,,,,909,1500.0,909.0,1500.0,0.0,,,,,,1,Sun dried the pond bottom,,,,,,,,,,10/28/2024 06:31
ara2_e985ca4a,Eluru,08/23/2024,No,Treatment,Harvest,Praveen,Verbal communication,,,,0.0,,"Catla (Catla catla), Rohu (Labeo rohita)",,,,364.0,400.0,250.0,,,,,,,,,,,,,,,,,,,Planned harvest,16000,,0,,0,,,,09/14/2024 04:02
ara2_31afc592,Eluru,08/23/2024,No,Treatment,Stocking,Praveen,Verbal communication,,,Grow-out,2721.0,,"Catla (Catla catla), Rohu (Labeo rohita)",9:1,,,364.0,400.0,250.0,,,,,,,2721,44000.0,2721.0,44000.0,0.0,,,,,,0,,,,,,,,,,,09/14/2024 03:54
ara2_b245aae1,Eluru,08/21/2024,Yes,Treatment,Stocking,Praveen,,,,Grow-out,1765.0,0.0,"Catla (Catla catla), Rohu (Labeo rohita)",9:1,,,100.0,,,,,,,,,1765,,1765.0,,0.0,,,,,,0,,,,,,,,,,,01/07/2025 07:42
ara2_18808778,Eluru,08/21/2024,No,Treatment,Harvest,Praveen,Verbal communication,,,,0.0,,"Catla (Catla catla), Rohu (Labeo rohita)",,,,300.0,,,,,,,,,,,,,,,,,,,,,Planned harvest,20400,,0,,0,,,,09/27/2024 04:32
ara2_83b11f44,Nellore,08/20/2024,No,Treatment,Stocking,Chaitanya,Verbal communication,,,Grow-out,3017.0,,"Catla (Catla catla), Rohu (Labeo rohita)",9:1,,,80.0,,80.0,,,,,,,3017,7000.0,3017.0,7000.0,0.0,,,,,,1,Sun dried the pond bottom,,,,,,,,,,10/28/2024 06:28
ara2_50c225c4,Nellore,08/20/2024,No,Treatment,Stocking,Chaitanya,Verbal communication,,,Grow-out,3521.0,,"Catla (Catla catla), Rohu (Labeo rohita)",9:1,,,80.0,,80.0,,,,,,,3521,5000.0,3521.0,5000.0,0.0,,,,,,1,Sun dried the pond bottom,,,,,,,,,,10/28/2024 06:25
ara2_fc999d29,Nellore,08/20/2024,No,Treatment,Stocking,Chaitanya,Verbal communication,,,Grow-out,3356.0,,"Catla (Catla catla), Rohu (Labeo rohita)",9:1,,,80.0,,80.0,,,,,,,3356,5000.0,3356.0,5000.0,0.0,,,,,,1,Sun dried the pond bottom,,,,,,,,,,10/28/2024 06:19
ara2_d0d5f943,Nellore,08/20/2024,No,Treatment,Stocking,Chaitanya,Verbal communication,,,Grow-out,3788.0,,"Catla (Catla catla), Rohu (Labeo rohita)",9:1,,,80.0,,80.0,,,,,,,3788,2500.0,3788.0,2500.0,0.0,,,,,,1,Sun dried the pond bottom,,,,,,,,,,10/28/2024 06:14
ara2_ea9c93a5,Nellore,08/20/2024,No,Treatment,Stocking,Chaitanya,Verbal communication,,,Grow-out,3070.0,,"Catla (Catla catla), Rohu (Labeo rohita)",9:1,,,100.0,100.0,100.0,,,,,,,3070,14000.0,3070.0,14000.0,0.0,,,,,,1,"Sun dried, ploughed and removed sludge",,,,,,,,,,10/28/2024 05:52
ara2_1e1aa1ce,Eluru,08/19/2024,Yes,Treatment,Stocking,Praveen,,,,Breed-out,9740.0,0.0,"Catla (Catla catla), Rohu (Labeo rohita)",9:1,,,50.0,,,,,,,,,9740,,9740.0,,0.0,,,,,,0,,,,,,,,,,,01/07/2025 07:30
ara2_0f143c64,Eluru,08/19/2024,No,Treatment,Harvest,Praveen,Verbal communication,,,,0.0,,"Catla (Catla catla), Rohu (Labeo rohita)",,,,250.0,,,,,,,,,,,,,,,,,,,,,Planned harvest,4500,,0,,0,,The farmer reported that there have been some mortalities during the cycle.,,09/27/2024 04:47
ara2_65a854d9,Nellore,08/18/2024,No,Treatment,Harvest,Chaitanya,Verbal communication,,,,0.0,,"Catla (Catla catla), Rohu (Labeo rohita)",,,,850.0,,,,,,,,,,,,,,,,,,,,,Planned harvest,16200,,0,,1,"Sun dried the pond bottom, cleared the sludge and strengthened the dykes",,,10/28/2024 04:29
ara2_31afc592,Eluru,08/16/2024,No,Treatment,Harvest,Praveen,Verbal communication,,,,0.0,,"Catla (Catla catla), Rohu (Labeo rohita)",,,,1600.0,,,,,,,,,,,,,,,,,,,,,Planned harvest,70000,,0,,0,,,,09/14/2024 03:46
ara2_b0a9aa2d,Eluru,08/15/2024,Yes,,Stocking,Praveen,,,,Grow-out,2133.0,0.0,"Catla (Catla catla), Rohu (Labeo rohita)",9:1,1000.0,3000.0,200.0,,,,,,,,,2133,,2133.0,,0.0,,,,,,0,,,,,,,,,,,03/20/2025 07:30
ara2_8cf52ce5,Eluru,08/15/2024,No,Treatment,Stocking,Praveen,Verbal communication,,,Breed-out,17000.0,,"Catla (Catla catla), Rohu (Labeo rohita)",9:1,,,40.0,,,,,,,,,17000,17000.0,17000.0,17000.0,0.0,,,,,,0,,,,,,,,,,,09/10/2024 07:23
ara2_725e7f3b,Eluru,08/13/2024,No,Treatment,Stocking,Praveen,Verbal communication,,,Grow-out,2957.0,,"Catla (Catla catla), Rohu (Labeo rohita)",9.4:0.6,,,312.0,500.0,300.0,,,,,,,2704,64000.0,2957.0,64000.0,0.0,,,,,,0,,,,,,,,,"Farmer reported that 6,000 (253 per acre) fishes escaped during the previous harvest and are thus left in the pond. The SD was 2704 but with the leftover fishes it's 2,957.",,09/14/2024 04:22
ara2_a90d90d1,Eluru,08/11/2024,No,Treatment,Harvest,Praveen,Verbal communication,,,Breed-out,0.0,,"Catla (Catla catla), Rohu (Labeo rohita)",,,,500.0,,,,,,,,,,,,,,,,,,,,,Planned harvest,79000,,0,,0,,,,01/23/2025 05:53
ara2_cd998399,Eluru,08/10/2024,No,Treatment,Stocking,Praveen,Verbal communication,,,Grow-out,2996.0,,"Catla (Catla catla), Rohu (Labeo rohita)",9.2:0.8,,,308.0,400.0,300.0,,,,,,,2996,81500.0,2996.0,81500.0,0.0,,,,,,0,,,,,,,,,,,09/14/2024 04:18
ara2_8cf52ce5,Eluru,08/09/2024,No,Treatment,Harvest,Praveen,Verbal communication,,,,0.0,,"Catla (Catla catla), Rohu (Labeo rohita)",,,,230.0,,,,,,,,,,,,,,,,,,,,,Planned harvest,4000,,0,,0,,,,09/10/2024 07:21
ara2_51ffa437,Eluru,08/08/2024,No,Treatment,Harvest,Praveen,,,,,0.0,,"Catla (Catla catla), Rohu (Labeo rohita)",,,,100.0,,,,,,,,,,,,,,,,,,,,,Planned harvest,9000,,0,,1,The farmer is planning to the dry pond preparation by removing all the water. He is also repairing the dikes of the pond.,The farmer has transferred all the fish from this pond to his own breed-out pond.,,08/28/2024 09:32
ara2_4ce1c3bb,Eluru,08/05/2024,Yes,Treatment,Stocking,Praveen,,,,,8889.0,0.0,"Catla (Catla catla), Rohu (Labeo rohita)",9:1,,,,,,,,,,,,8889,,8889.0,,0.0,,,,,,0,,,,,,,,,,,10/17/2024 09:39
ara2_cb372445,Eluru,08/05/2024,No,Treatment,Harvest,Praveen,,,,,0.0,,"Catla (Catla catla), Rohu (Labeo rohita)",,,,300.0,,,,,,,,,,,,,,,,,,,,,Planned harvest,24000,,0,,0,,The farmer has harvested this pond and shifted the fish to his own grow-out pond.,,08/28/2024 09:28
ara2_b77a0d03,Nellore,08/04/2024,No,Control,Harvest,Chaitanya,Verbal communication,,,,0.0,,Roopchand,,,,1100.0,,,,,,,,,,,,,,,,,,,,,Planned harvest,27000,,0,,1,Sun dry the pond bottom,,,10/29/2024 11:02
ara2_96339578,Eluru,08/03/2024,No,Treatment,Stocking,Praveen,Verbal communication,,,Nursery,58824.0,,Roopchand,10:0,,,5.0,,,,,,5.0,,,58824,500000.0,58824.0,500000.0,0.0,,,,,,0,,,,,,,,,,,12/06/2024 07:51
ara2_3f9ee6c3,Nellore,08/02/2024,No,Treatment,Stocking,Chaitanya,Verbal communication,,,Grow-out,3399.0,,"Catla (Catla catla), Rohu (Labeo rohita), Grass Carp (Ctenopharyngodon idella)",9.5:0.3:0.2,,,100.0,40.0,100.0,,40.0,,,,,3399,12000.0,3399.0,12000.0,0.0,,,,,,1,"Sun dried the pond, removed the sludge",,,,,,,,,,10/28/2024 05:39
ara2_f5124b92,Eluru,08/02/2024,No,Treatment,Stocking,Praveen,Verbal communication,,,Grow-out,1921.0,,"Catla (Catla catla), Rohu (Labeo rohita)",9:1,,,600.0,,,,,,,,,1921,15000.0,1921.0,15000.0,0.0,,,,,,0,,,,,,,,,,,09/10/2024 07:16
ara2_957cbe38,Eluru,08/02/2024,No,Treatment,Partial harvest,Praveen,,,,,1115.0,,"Catla (Catla catla), Rohu (Labeo rohita)",,,,600.0,,,,,,,,,,,,,,,,,,,,,Planned harvest,9000,,10000,,0,,The farmer has moved this fish into his own pond that is completely harvested.,,08/28/2024 06:14
ara2_f8742535,Eluru,07/29/2024,No,Treatment,Harvest,Praveen,Verbal communication,,,,0.0,,"Catla (Catla catla), Rohu (Labeo rohita)",,,,800.0,,,,,,,,,,,,,,,,,,,,,Planned harvest,52000,,0,,0,,,,09/25/2024 05:28
ara2_00793177,Eluru,07/29/2024,Yes,Treatment,Stocking,Praveen,,,,,2493.0,0.0,"Catla (Catla catla), Rohu (Labeo rohita)",9.9:0.1,,,,,,,,,,,,2493,,2493.0,,0.0,,,,,,0,,,,,,,,,,,09/09/2024 10:49
ara2_084db03a,Eluru,07/28/2024,No,Treatment,Stocking,Praveen,Verbal communication,,,Breed-out,11733.0,,"Catla (Catla catla), Rohu (Labeo rohita)",9.1:0.9,,,40.0,40.0,40.0,,,,,,,11733,17600.0,11733.0,17600.0,0.0,,,,,,0,,,,,,,,,,,09/25/2024 05:36
ara2_0ac139b5,Eluru,07/28/2024,Yes,Treatment,Stocking,Praveen,,,,,2622.0,0.0,"Catla (Catla catla), Rohu (Labeo rohita)",9.3:0.7,,,,,,,,,,,,2622,,2622.0,,0.0,,,,,,0,,,,,,,,,,,09/09/2024 10:34
ara2_96339578,Eluru,07/27/2024,No,Treatment,Harvest,Praveen,Verbal communication,,,,0.0,,"Catla (Catla catla), Rohu (Labeo rohita)",,,,600.0,,,,,,,,,,,,,,,,,,,,,Planned harvest,22000,,0,,0,,,,09/27/2024 04:51
ara2_7ac87fad,Eluru,07/27/2024,No,Treatment,Harvest,Praveen,,,,,0.0,,"Catla (Catla catla), Rohu (Labeo rohita)",,,,1700.0,,,,,,,,,,,,,,,,,,,,,Planned harvest,112200,,0,,1,The farmer has applied super PS to clear the bottom and also added water probiotics.,,,08/28/2024 07:16
ara2_d19ebe54,Eluru,07/26/2024,Yes,Treatment,Stocking,Praveen,Verbal communication,,,Grow-out,2529.0,2529.0,"Catla (Catla catla), Rohu (Labeo rohita)",9:1,,,50.0,,,,,,,,,2529,22000.0,2529.0,22000.0,0.0,,,,,,0,,,,,,,,,,,09/09/2024 10:26
ara2_9d82e6a0,Eluru,07/26/2024,Yes,Treatment,Stocking,Chaitanya,,,,,2226.0,0.0,"Catla (Catla catla), Rohu (Labeo rohita)",9.2:0.8,,,,,,,,,,,,2226,,2226.0,,0.0,,,,,,0,,,,,,,,,,,09/01/2024 09:57
ara2_346e897c,Eluru,07/26/2024,No,Treatment,Partial harvest,Praveen,,,,,19685.0,,"Catla (Catla catla), Rohu (Labeo rohita)",,,,60.0,,,,,,,,,,,,,,,,,,,,,Planned harvest,6000,,50000,,0,,The farmer has transferred these fish into his own breed-out pond.,,08/28/2024 06:41
ara2_03d81c1d,Eluru,07/25/2024,No,Treatment,Stocking,Praveen,Verbal communication,,,Breed-out,12469.0,,"Catla (Catla catla), Rohu (Labeo rohita)",9:1,,,60.0,,,,,,,,,12469,100000.0,12469.0,100000.0,0.0,,,,,,0,,,,,,,,,,,09/10/2024 07:11
ara2_e6fe1327,Eluru,07/25/2024,Yes,Treatment,Stocking,Praveen,,,,,4222.0,4222.0,"Catla (Catla catla), Rohu (Labeo rohita), Roopchand",7:2:1,,,,,,,,,,,,4222,,4222.0,,0.0,,,,,,0,,,,,,,,,,,09/09/2024 10:22
ara2_eb39bc48,Eluru,07/25/2024,No,Treatment,Harvest,Praveen,,,,,0.0,,"Catla (Catla catla), Rohu (Labeo rohita)",,,,1500.0,,,,,,,,,,,,,,,,,,,,,Planned harvest,75000,,0,,0,,The lease is over and the farmer has left the pond.,,08/28/2024 09:24
ara2_70e56cfa,Eluru,07/24/2024,Yes,Treatment,Stocking,Praveen,,,,,6000.0,0.0,"Catla (Catla catla), Rohu (Labeo rohita)",9:1,,,,,,,,,,,,6000,,6000.0,,0.0,,,,,,0,,,,,,,,,,,10/17/2024 09:48
ara2_70271685,Eluru,07/23/2024,No,Treatment,Stocking,Praveen,Verbal communication,,,Breed-out,4304.0,,"Catla (Catla catla), Rohu (Labeo rohita)",9:1,,,50.0,,,,,,,,,4304,89000.0,4304.0,89000.0,0.0,,,,,,0,,,,,,,,,,,09/10/2024 06:49
ara2_000384fb,Eluru,07/22/2024,No,Treatment,Stocking,Praveen,Verbal communication,,,Grow-out,2708.0,0.0,"Catla (Catla catla), Rohu (Labeo rohita), Whiteleg Shrimp (Litopenaeus vannamei)",9:1,,,330.0,500.0,300.0,,,,,,,2708,30000.0,2708.0,30000.0,0.0,0.0,0.0,0.0,0.0,,0,,,,,,,,,,,11/06/2024 07:23
ara2_03d81c1d,Eluru,07/22/2024,No,Treatment,Harvest,Praveen,Verbal communication,,,,0.0,,"Catla (Catla catla), Rohu (Labeo rohita)",,,,400.0,,,,,,,,,,,,,,,,,,,,,Planned harvest,12000,,0,,0,,"There is a difference of 20,000 fish in the stocking vs harvest numbers. We reached out to the farmer to know the reason and got to know that there were high mortalities and bird predation during this particular culture.",,09/10/2024 07:07
ara2_3ed4df8e,Eluru,07/22/2024,No,Treatment,Stocking,Praveen,Verbal communication,,,Grow-out,1996.0,,"Catla (Catla catla), Rohu (Labeo rohita)",9:1,,,400.0,,,,,,,,,1996,30000.0,1996.0,30000.0,0.0,,,,,,0,,,,,,,,,,,09/10/2024 06:58
ara2_574a8c09,Eluru,07/21/2024,Yes,Treatment,Stocking,Chaitanya,,,,,2516.0,0.0,"Catla (Catla catla), Rohu (Labeo rohita)",9.3:0.7,,,,,,,,,,,,2516,,2516.0,,0.0,,,,,,0,,,,,,,,,,,09/01/2024 10:10
ara2_575536ca,Eluru,07/20/2024,No,Treatment,Harvest,Praveen,Verbal communication,,,,0.0,,"Catla (Catla catla), Rohu (Labeo rohita)",,,,300.0,,,,,,,,,,,,,,,,,,,,,Planned harvest,6000,,0,,0,,,,11/14/2024 09:22
ara2_bd12b267,Nellore,07/20/2024,No,Treatment,Harvest,Chaitanya,Verbal communication,,,,0.0,,"Catla (Catla catla), Rohu (Labeo rohita)",,,,850.0,,,,,,,,,,,,,,,,,,,,,Planned harvest,6375,,0,,1,Sun dry the pond bottom,,,10/29/2024 10:58
ara2_ff85ba57,Eluru,07/18/2024,No,Treatment,Stocking,Praveen,Verbal communication,,,Grow-out,2729.0,,"Catla (Catla catla), Rohu (Labeo rohita)",9:1,,,200.0,,,,,,,,,2729,80000.0,2729.0,80000.0,0.0,,,,,,0,,,,,,,,,,,09/10/2024 07:30
ara2_4e2f7bb0,Eluru,07/16/2024,Yes,Treatment,Stocking,Praveen,,,,Grow-out,1554.0,0.0,"Catla (Catla catla), Rohu (Labeo rohita)",9.3:0.7,,,260.0,400.0,250.0,,,,,,,1554,,1554.0,,0.0,,,,,,0,,,,,,,,,,,11/15/2024 07:32
ara2_725e7f3b,Eluru,07/16/2024,No,Treatment,Harvest,Praveen,No receipt available,,,,253.0,,"Catla (Catla catla), Rohu (Labeo rohita)",,,,1250.0,,,,,,,,,,,,,,,,,,,,,Planned harvest,80000,,0,,0,,"Farmer reported that 6,000 fishes escaped during harvest and are thus left in the pond.",,07/22/2024 05:58
ara2_32b91757,Eluru,07/15/2024,Yes,Treatment,Stocking,Praveen,,,,,13699.0,0.0,Rohu (Labeo rohita),10,,,,,,,,,,,,13699,,13699.0,,0.0,,,,,,0,,,,,,,,,,,09/09/2024 10:53
ara2_084db03a,Eluru,07/14/2024,No,Treatment,Harvest,Praveen,,,,,0.0,,"Catla (Catla catla), Rohu (Labeo rohita)",,,,380.0,,,,,,,,,,,,,,,,,,,,,Planned harvest,4000,,0,,0,,,,07/22/2024 06:29
ara2_6a60fbba,Eluru,07/13/2024,No,Treatment,Harvest,Praveen,Verbal communication,,,,0.0,,"Catla (Catla catla), Rohu (Labeo rohita)",,,,100.0,,,,,,,,,,,,,,,,,,,,,Planned harvest,9000,,0,,0,,"Of the 100000 fish, about 10,000 fish were either predated by birds or could not survive. ",,09/27/2024 04:29
ara2_cd998399,Eluru,07/12/2024,No,Treatment,Harvest,Praveen,,,,,0.0,,"Catla (Catla catla), Rohu (Labeo rohita)",,,,1400.0,,,,,,,,,,,,,,,,,,,,,Planned harvest,115000,,0,,0,,,,07/22/2024 05:51
ara2_4b816656,Eluru,07/11/2024,Yes,Treatment,Stocking,Praveen,,,,,3333.0,0.0,"Catla (Catla catla), Rohu (Labeo rohita), Roopchand",9:0.6:0.3,,,,,,,,,,,,3333,,3333.0,,0.0,,,,,,0,,,,,,,,,,,09/14/2024 05:28
ara2_b3d128ac,Eluru,07/10/2024,Yes,,Stocking,Praveen,,,,Grow-out,2182.0,0.0,"Catla (Catla catla), Rohu (Labeo rohita)",9:1,1200.0,3000.0,200.0,,,,,,,,,2182,,2182.0,,0.0,,,,,,0,,,,,,,,,,,06/06/2025 07:13
ara2_10a5f8e4,Eluru,07/10/2024,Yes,Treatment,Stocking,Praveen,,,,,8130.0,0.0,"Catla (Catla catla), Rohu (Labeo rohita)",9:1,,,,,,,,,,,,8130,,8130.0,,0.0,,,,,,0,,,,,,,,,,,10/17/2024 09:42
ara2_d52ddb31,Eluru,07/10/2024,No,Treatment,Stocking,Praveen,Verbal communication,,,Grow-out,2486.0,,"Catla (Catla catla), Rohu (Labeo rohita)",9:1,,,360.0,500.0,350.0,,,,,,,2486,45000.0,2486.0,45000.0,0.0,,,,,,0,,,,,,,,,,,09/27/2024 04:57
ara2_7a6ae57c,Eluru,07/08/2024,Yes,Treatment,Stocking,Praveen,,,,Grow-out,1651.0,0.0,"Catla (Catla catla), Rohu (Labeo rohita)",9:1,,,250.0,,,,,,,,,1651,,1651.0,,0.0,,,,,,0,,,,,,,,,,,01/07/2025 07:37
ara2_ff85ba57,Eluru,07/05/2024,No,Treatment,Harvest,Praveen,Verbal communication,,,,0.0,,"Catla (Catla catla), Rohu (Labeo rohita)",,,,1450.0,,,,,,,,,,,,,,,,,,,,,Planned harvest,126000,,0,,0,,,,09/10/2024 07:27
ara2_f5124b92,Eluru,07/05/2024,No,Treatment,Harvest,Praveen,,,,,0.0,,"Catla (Catla catla), Rohu (Labeo rohita)",,,,1050.0,,,,,,,,,,,,,,,,,,,,,Planned harvest,23000,,0,,0,,,,08/28/2024 06:07
ara2_f5c44392,Eluru,07/04/2024,No,Treatment,Stocking,Praveen,,,,Grow-out,3644.0,,"Catla (Catla catla), Rohu (Labeo rohita)",9:1,,,350.0,,,,,,,,,3644,43000.0,3644.0,43000.0,0.0,,,,,,0,,,,,,,,,The farmer has applied cow manure before stocking.,,07/22/2024 06:22
ara2_d52ddb31,Eluru,07/03/2024,No,Treatment,Harvest,Praveen,Verbal communication,,,,0.0,,"Catla (Catla catla), Rohu (Labeo rohita)",,,,1900.0,,,,,,,,,,,,,,,,,,,,,Planned harvest,50000,,0,,0,,,,09/27/2024 04:22
ara2_237abe57,Nellore,07/02/2024,No,Treatment,Stocking,Chaitanya,,,,Grow-out,2778.0,,"Catla (Catla catla), Rohu (Labeo rohita)",9:1,,,50.0,,,,,,,,,3333,3000.0,2778.0,2500.0,499.0,,,,,,1,Sun dried the pond bottom and added lime,,,,,,,,Reduced SD by 500 fishes because of the intervention of pond size update.,,07/17/2024 10:23
ara2_79cf3b3a,Nellore,07/01/2024,No,Treatment,Stocking,Chaitanya,,,,Grow-out,2817.0,,Roopchand,10,,,150.0,,,,,,,,,2817,8000.0,2817.0,8000.0,0.0,,,,,,0,,,,,,,,,"Stocked less, as he couldn't do pond prep. Stocked fishes from his own nursery pond",,07/17/2024 10:06
ara2_4441fb4f,Eluru,07/01/2024,No,Treatment,Stocking,Chaitanya,,,,Grow-out,2667.0,,"Catla (Catla catla), Rohu (Labeo rohita)",9:1,,,250.0,,,,,,,,,2667,7600.0,2667.0,7600.0,0.0,,,,,,0,,,,,,,,,The farmer bought the fish from his own breed-out pond in a different village.,,07/09/2024 06:25
ara2_8a37ac9f,Nellore,06/28/2024,No,Treatment,Stocking,Chaitanya,,,,Grow-out,2941.0,,Roopchand,10,,,300.0,,,,,,,,,2941,12000.0,2941.0,12000.0,0.0,,,,,,0,,,,,,,,,Reduced SD as the fishes were 300gms and he didn't do pond prep. Stocked fishes are from his own nursery pond.,,07/17/2024 10:13
ara2_a6551d54,Eluru,06/28/2024,No,Treatment,Stocking,Chaitanya,,,,Rearing,71429.0,,"Catla (Catla catla), Rohu (Labeo rohita)",9:1,,,10.0,,,,,,,,,71429,50000.0,71429.0,50000.0,0.0,,,,,,1,The bottom was sun dried and applied with lime.,,,,,,,,,,07/09/2024 07:13
ara2_4441fb4f,Eluru,06/26/2024,No,Treatment,Harvest,Chaitanya,,,,,0.0,,"Catla (Catla catla), Rohu (Labeo rohita)",,,,80.0,,,,,,,,,,,,,,,,,,,,,Planned harvest,8800,,0,,0,,,,07/09/2024 06:14
ara2_88abf248,Nellore,06/23/2024,No,Treatment,Stocking,Chaitanya,,,,Grow-out,3604.0,,"Rohu (Labeo rohita), Catla (Catla catla)",9.5:0.5,,,100.0,,,,,,,,,3784,21000.0,3604.0,20000.0,999.0,,,,,,1,Sun dried the pond bottom and added zeolite and lime,,,,,,,,,,07/17/2024 09:22
ara2_933dba73,Nellore,06/23/2024,No,Assessment,Harvest,Chaitanya,,,,,0.0,,"Catla (Catla catla), Rohu (Labeo rohita)",,,,850.0,,,,,,,,,,,,,,,,,,,,,Planned harvest,10200,,0,,1,Sun drying the pond bottom,,,07/04/2024 06:38
ara2_b0010581,Nellore,06/22/2024,No,Treatment,Harvest,Chaitanya,,,,,0.0,,"Catla (Catla catla), Rohu (Labeo rohita)",,,,50.0,,,,,,,,,,,,,,,,,,,,,Planned harvest,4750,,0,,1,Sun drying the pond bottom,,,07/04/2024 06:41
ara2_6ec2f0e5,Eluru,06/21/2024,No,Treatment,Stocking,Chaitanya,,,,Breed-out,11650.0,,"Catla (Catla catla), Rohu (Labeo rohita)",9:1,,,150.0,,,,,,,,,11650,48000.0,11650.0,48000.0,0.0,,,,,,0,,,,,,,,,The farmer got the fish from his own nursery pond.,,07/09/2024 07:03
ara2_29660d32,Eluru,06/21/2024,No,Treatment,Stocking,Chaitanya,,,,Grow-out,1364.0,,"Catla (Catla catla), Rohu (Labeo rohita)",9:1,,,400.0,,,,,,,,,1364,18000.0,1364.0,18000.0,0.0,,,,,,0,,,,,,,,,The farmer used gas tablets to clear off the gases before stocking.,,07/09/2024 06:48
ara2_f5c44392,Eluru,06/21/2024,No,Treatment,Harvest,Chaitanya,,,,,0.0,,"Catla (Catla catla), Rohu (Labeo rohita)",,,,1200.0,,,,,,,,,,,,,,,,,,,,,Planned harvest,50000,,0,,0,,The farmer did a few steps of the wet pond preparation. Mixed cow manure and applied sanitizer.,,07/09/2024 05:50
ara2_000384fb,Eluru,06/20/2024,No,Treatment,Harvest,Praveen,Verbal communication,,,,0.0,,"Catla (Catla catla), Rohu (Labeo rohita)",,,,1000.0,,,,,,,,,,,,,,,,,,,,,Planned harvest,30000,,0,,0,,,,11/06/2024 07:16
ara2_469c3f4d,Eluru,06/20/2024,No,Treatment,Harvest,Praveen,,,,,0.0,,"Catla (Catla catla), Rohu (Labeo rohita)",,,,600.0,,,,,,,,,,,,,,,,,,,,,Planned harvest,32000,,0,,1,The farmer is planning to dry the pond and do the dry pond preparation.,The farmer will continue the culture after preparing the pond.,,08/28/2024 09:48
ara2_626e23f2,Nellore,06/20/2024,No,Treatment,Stocking,Chaitanya,,,,Grow-out,2907.0,,"Rohu (Labeo rohita), Catla (Catla catla)",9:1,,,80.0,,,,,,,,,3140,2700.0,2907.0,2500.0,200.0,,,,,,1,"Sun dried the bottom, removed the sludge and added lime",,,,,,,,,,07/17/2024 09:50
ara2_dfe79bad,Nellore,06/20/2024,No,Treatment,Stocking,Chaitanya,,,,Grow-out,2631.0,,"Catla (Catla catla), Rohu (Labeo rohita)",9:1,,,350.0,,,,,,,,,2631,5500.0,2631.0,5500.0,0.0,,,,,,1,Sun dried the bottom and added bleach,,,,,,,,Stocked from his own nursery pond,,07/17/2024 09:38
ara2_70271685,Eluru,06/19/2024,No,Treatment,Harvest,Chaitanya,,,,,0.0,,"Catla (Catla catla), Rohu (Labeo rohita)",,,,200.0,,,,,,,,,,,,,,,,,,,,,Planned harvest,8000,,0,,0,,,,07/09/2024 05:55
ara2_d9e114a2,Eluru,06/19/2024,Yes,Treatment,Stocking,Chaitanya,,,,,11450.0,0.0,"Catla (Catla catla), Rohu (Labeo rohita)",9:1,,,,,,,,,,,,11450,,11450.0,,0.0,,,,,,0,,,,,,,,,,,06/28/2024 05:04
ara2_771be42c,Eluru,06/18/2024,Yes,Treatment,Stocking,Praveen,,,,,5375.0,0.0,"Catla (Catla catla), Rohu (Labeo rohita)",9:1,,,,,,,,,,,,5375,,5375.0,,0.0,,,,,,1,Water treatment,,,,,,,,,,09/19/2024 04:37
ara2_3ed4df8e,Eluru,06/17/2024,No,Treatment,Harvest,Praveen,,,,,0.0,,"Catla (Catla catla), Rohu (Labeo rohita)",,,,1100.0,,,,,,,,,,,,,,,,,,,,,Planned harvest,42000,,0,,0,,There is about 9000 kg difference in the stocking and harvest numbers. The farmer thought that they have completely harvested in the previous cycle but there were about 7ooo fish left in the pond. The farmer also did not expect this.,,08/28/2024 05:54
ara2_cf4e9f1b,Nellore,06/16/2024,No,Treatment,Harvest,Chaitanya,,,,,0.0,,"Catla (Catla catla), Rohu (Labeo rohita)",,,,900.0,,,,,,,,,,,,,,,,,,,,,Planned harvest,2700,,0,,1,Sun drying the pond bottom,,,07/04/2024 06:30
ara2_044398f2,Eluru,06/15/2024,No,Treatment,Harvest,Praveen,,,,,0.0,,"Catla (Catla catla), Rohu (Labeo rohita)",,,,1200.0,,,,,,,,,,,,,,,,,,,,,Planned harvest,55000,,0,,0,,The farmer is moving to shrimp culture.,,08/28/2024 09:39
ara2_b32cef11,Eluru,06/13/2024,Yes,Treatment,Stocking,Praveen,,,,Grow-out,2494.0,0.0,"Catla (Catla catla), Rohu (Labeo rohita)",9.1:0.9,,,218.0,400.0,200.0,,,,,,,2494,,2494.0,,0.0,,,,,,0,,,,,,,,,,,11/15/2024 07:39
ara2_7ed0eacc,Nellore,06/11/2024,No,Treatment,Stocking,Chaitanya,,,,Grow-out,2667.0,,Roopchand,10,,,400.0,,,,,,,,,2667,2000.0,2667.0,2000.0,0.0,,,,,,0,,,,,,,,,"Stocked less, as he got 400gms fish from other farmer and stocked them immediately",,07/17/2024 08:59
ara2_efbf4092,Eluru,06/10/2024,No,Treatment,Partial harvest,Praveen,Verbal communication,,,Breed-out,2557.0,,"Catla (Catla catla), Rohu (Labeo rohita)",,,,350.0,,,,,,,,,,,,,,,,,,,,,Planned harvest,9500,,18000,,0,,,,05/09/2025 09:27
ara2_6ec2f0e5,Eluru,06/10/2024,No,Treatment,Harvest,Chaitanya,,,,,0.0,,"Catla (Catla catla), Rohu (Labeo rohita)",,,,1800.0,,,,,,,,,,,,,,,,,,,,,Planned harvest,21000,,0,,0,,,,07/09/2024 06:54
ara2_8a429bf1,Nellore,06/08/2024,No,Treatment,Harvest,Chaitanya,,,,,0.0,,Roopchand,,,,983.0,,,,,,,,,,,,,,,,,,,,,Planned harvest,60000,,0,,1,Sun drying the pond bottom,,,07/04/2024 06:18
ara2_ee15e2a0,Nellore,06/08/2024,No,Treatment,Harvest,Chaitanya,,,,,0.0,,Roopchand,,,,928.0,,,,,,,,,,,,,,,,,,,,,Planned harvest,13000,,0,,1,Sun drying the pond bottom,,,07/04/2024 06:14
ara2_ea9c93a5,Nellore,06/06/2024,No,Treatment,Harvest,Chaitanya,,,,,0.0,,Roopchand,,,,733.0,,,,,,,,,,,,,,,,,,,,,Planned harvest,11000,,0,,1,Sun dried the pond bottom,,,07/04/2024 06:11
ara2_6bbd0878,Nellore,06/05/2024,No,Treatment,Harvest,Chaitanya,,,,,0.0,,"Catla (Catla catla), Rohu (Labeo rohita)",,,,40.0,,,,,,,,,,,,,,,,,,,,,Planned harvest,3800,,0,,1,Sun drying the pond bottom,,,07/04/2024 06:36
ara2_0c7bd285,Nellore,06/05/2024,No,Treatment,Harvest,Chaitanya,,,,,0.0,,Roopchand,,,,971.0,,,,,,,,,,,,,,,,,,,,,Planned harvest,3400,,0,,1,Sun drying the pond bottom,,,07/04/2024 06:24
ara2_970ce848,Eluru,06/04/2024,No,Treatment,Partial harvest,Chaitanya,,,,,2773.0,,"Catla (Catla catla), Rohu (Labeo rohita)",,,,1000.0,,,,,,,,,,,,,,,,,,,,,Planned harvest,16000,,60000,,0,,,,06/15/2024 13:33
ara2_054e57af,Eluru,06/03/2024,No,Treatment,Harvest,Praveen,,,,,0.0,,"Catla (Catla catla), Rohu (Labeo rohita)",,,,1100.0,,,,,,,,,,,,,,,,,,,,,Planned harvest,55000,,0,,0,,,,08/28/2024 06:48
ara2_8a37ac9f,Nellore,06/02/2024,No,Treatment,Harvest,Chaitanya,,,,,0.0,,Roopchand,,,,783.0,,,,,,,,,,,,,,,,,,,,,Planned harvest,4700,,0,,1,Sun drying the pond bottom,,,07/04/2024 06:16
ara2_cd288d30,Nellore,06/01/2024,No,Treatment,Stocking,Chaitanya,,,,Grow-out,3143.0,,"Catla (Catla catla), Rohu (Labeo rohita), Grass Carp (Ctenopharyngodon idella)",9:0.5:0.5,,,50.0,,,,,,,,,4286,3000.0,3143.0,2200.0,800.0,,,,,,1,"Sun dried the pond bottom, removed the sludge, strengthened the dykes and added lime ",,,,,,,,,,07/17/2024 08:46
ara2_84b6fb93,Eluru,05/29/2024,No,Treatment,Harvest,Praveen,Verbal communication,,,Grow-out,0.0,,"Catla (Catla catla), Rohu (Labeo rohita)",,,,1100.0,,,,,,,,,,,,,,,,,,,,,Planned harvest,40000,,0,,1,The farmer is planning to sun dry the pond and do the pond preparation before stocking again.,,,12/27/2024 06:41
ara2_94eeabd8,Eluru,05/29/2024,Yes,Treatment,Stocking,Chaitanya,,,,,2915.0,0.0,"Catla (Catla catla), Rohu (Labeo rohita)",9.2:0.8,,,,,,,,,,,,2915,,2915.0,,0.0,,,,,,0,,,,,,,,,,,09/01/2024 10:07
ara2_44e030ef,Nellore,05/29/2024,No,Treatment,Harvest,Chaitanya,,,,,0.0,,"Catla (Catla catla), Rohu (Labeo rohita)",,,,800.0,,,,,,,,,,,,,,,,,,,,,Planned harvest,4800,,0,,1,Sun drying the pond bottom,,,07/04/2024 06:27
ara2_237abe57,Nellore,05/28/2024,No,Treatment,Harvest,Chaitanya,,,,,0.0,,"Catla (Catla catla), Rohu (Labeo rohita)",,,,933.0,,,,,,,,,,,,,,,,,,,,,Planned harvest,2800,,0,,1,Sun drying the pond bottom,,,07/04/2024 06:31
ara2_46286ebb,Eluru,05/27/2024,No,Treatment,Stocking,Chaitanya,,,,Grow-out,2667.0,,"Catla (Catla catla), Rohu (Labeo rohita)",9:1,,,300.0,,,,,,,,,2667,,2667.0,,0.0,,,,,,0,,,,,,,,,Transferred the fish from their own breed-out pond.,,06/15/2024 13:26
ara2_29660d32,Eluru,05/26/2024,No,Treatment,Harvest,Chaitanya,,,,,0.0,,"Rohu (Labeo rohita), Catla (Catla catla)",,,,1500.0,,,,,,,,,,,,,,,,,,,,,Planned harvest,52000,,0,,0,,The farmer used gas tablets to clear off the bottom.,,07/09/2024 06:37
ara2_8b32e1c5,Eluru,05/25/2024,Yes,Treatment,Stocking,Praveen,Verbal communication,,,Grow-out,3304.0,0.0,"Catla (Catla catla), Rohu (Labeo rohita)",9.3:0.7,,,250.0,,,,,,,,,3304,38000.0,3304.0,38000.0,0.0,,,,,,0,,,,,,,,,,,09/09/2024 09:28
ara2_d0d5f943,Nellore,05/25/2024,No,Treatment,Harvest,Chaitanya,,,,,0.0,,"Catla (Catla catla), Rohu (Labeo rohita)",,,,920.0,,,,,,,,,,,,,,,,,,,,,Planned harvest,2300,,0,,1,"Sun drying the pond bottom, removing sludge",,,07/04/2024 06:22
ara2_e985ca4a,Eluru,05/25/2024,No,Treatment,Stocking,Chaitanya,,,,Breed-out,5978.0,,"Catla (Catla catla), Rohu (Labeo rohita)",9:1,,,200.0,,,,,,,,,5978,,5978.0,,0.0,,,,,,0,,,,,,,,,,,06/15/2024 13:13
ara2_cf6f1332,Eluru,05/25/2024,No,Treatment,Partial harvest,Chaitanya,,,,,1704.0,,"Catla (Catla catla), Rohu (Labeo rohita)",,,,400.0,,,,,,,,,,,,,,,,,,,,,Planned harvest,16000,,70000,,0,,,,06/15/2024 13:04
ara2_f17bbe2f,Eluru,05/24/2024,Yes,Treatment,Stocking,Praveen,,,,,2744.0,0.0,"Catla (Catla catla), Rohu (Labeo rohita)",9.3:0.7,,,,,,,,,,,,2744,,2744.0,,0.0,,,,,,0,,,,,,,,,,,09/14/2024 06:31
ara2_a2d65cb4,Eluru,05/20/2024,No,Treatment,Harvest,Praveen,Verbal communication,,,,0.0,,"Catla (Catla catla), Rohu (Labeo rohita)",,,,900.0,,,,,,,,,,,,,,,,,,,,,Planned harvest,90000,,0,,0,,,,11/08/2024 04:58
ara2_0e392abc,Eluru,05/20/2024,Yes,Treatment,Stocking,Praveen,,,,,2181.0,0.0,"Catla (Catla catla), Rohu (Labeo rohita)",9:1,,,,,,,,,,,,2181,,2181.0,,0.0,,,,,,0,,,,,,,,,,,09/18/2024 05:36
ara2_0d53cd07,Nellore,05/18/2024,No,Treatment,Stocking,Chaitanya,,,,Grow-out,3378.0,,Roopchand,10,,,100.0,,,,,,,,,4054,9000.0,3378.0,7500.0,1500.0,,,,,,0,,,,,,,,,Stocked fish from their own nursery ponds,,07/17/2024 08:17
ara2_98d96403,Nellore,05/18/2024,No,Treatment,Stocking,Chaitanya,,,,Grow-out,3176.0,,Roopchand,10,,,250.0,,,,,,,,,3529,3000.0,3176.0,2700.0,300.0,,,,,,1,Dried the pond and added agriculture lime,,,,,,,,Stocked from his own nursery pond,,07/04/2024 08:20
ara2_7ed0eacc,Nellore,05/18/2024,No,Treatment,Harvest,Chaitanya,,,,,0.0,,Roopchand,,,,766.0,,,,,,,,,,,,,,,,,,,,,Planned harvest,2300,,0,,0,,,,07/04/2024 06:09
ara2_3a8fffae,Eluru,05/15/2024,Yes,Treatment,Stocking,Praveen,,,,,2358.0,0.0,"Catla (Catla catla), Rohu (Labeo rohita)",9:1,,,,,,,,,,,,2358,,2358.0,,0.0,,,,,,0,,,,,,,,,,,10/17/2024 09:46
ara2_46286ebb,Eluru,05/15/2024,No,Treatment,Harvest,Chaitanya,,,,,0.0,,"Catla (Catla catla), Rohu (Labeo rohita)",,,,1800.0,,,,,,,,,,,,,,,,,,,,,Planned harvest,100000,,0,,0,,,,06/15/2024 13:22
ara2_e14730af,Eluru,05/12/2024,Yes,Treatment,Stocking,Praveen,,,,Grow-out,2000.0,0.0,"Catla (Catla catla), Rohu (Labeo rohita)",9.3:0.7,,,260.0,400.0,250.0,,,,,,,2000,,2000.0,,0.0,,,,,,0,,,,,,,,,,,11/15/2024 07:36
ara2_c11a88c9,Eluru,05/12/2024,Yes,Treatment,Stocking,Praveen,,,,,1899.0,0.0,"Catla (Catla catla), Rohu (Labeo rohita)",9.2:0.8,,,,,,,,,,,,1899,,1899.0,,0.0,,,,,,0,,,,,,,,,,,09/19/2024 05:28
ara2_50c225c4,Nellore,05/10/2024,No,Treatment,Harvest,Chaitanya,,,,,0.0,,"Catla (Catla catla), Rohu (Labeo rohita)",,,,780.0,,,,,,,,,,,,,,,,,,,,,Planned harvest,3900,,0,,1,"Sun dried the pond bottom, ploughed and added lime",,,07/04/2024 06:06
ara2_e985ca4a,Eluru,05/10/2024,No,Treatment,Harvest,Chaitanya,,,,,0.0,,"Catla (Catla catla), Rohu (Labeo rohita)",,,,350.0,,,,,,,,,,,,,,,,,,,,,Planned harvest,20000,,0,,0,,Transferred these fishes to their own grow-out pond,,05/16/2024 12:54
ara2_7a7eace1,Eluru,05/07/2024,Yes,Treatment,Stocking,Chaitanya,,,,,6865.0,0.0,"Catla (Catla catla), Rohu (Labeo rohita)",9:1,,,,,,,,,,,,6865,,6865.0,,0.0,,,,,,0,,,,,,,,,,,06/28/2024 06:31
ara2_db4df335,Eluru,05/07/2024,Yes,Treatment,Stocking,Chaitanya,,,,,10949.0,0.0,"Catla (Catla catla), Rohu (Labeo rohita)",9:1,,,,,,,,,,,,10949,,10949.0,,0.0,,,,,,0,,,,,,,,,,,06/15/2024 15:10
ara2_06ad2d07,Eluru,05/01/2024,Yes,Treatment,Stocking,Praveen,,,,,2381.0,0.0,"Catla (Catla catla), Rohu (Labeo rohita)",9.4:0.6,,,,,,,,,,,,2381,,2381.0,,0.0,,,,,,0,,,,,,,,,,,10/15/2024 11:17
ara2_88abf248,Nellore,05/01/2024,No,Treatment,Harvest,Chaitanya,,,,,0.0,,Roopchand,,,,954.0,,,,,,,,,,,,,,,,,,,,,Planned harvest,10500,,0,,1,"Removed the water, dried the pond and added bleaching powder",,,07/17/2024 09:08
ara2_0c7bd285,Nellore,04/30/2024,No,Treatment,Partial harvest,Chaitanya,,,,,1750.0,,Roopchand,,,,1000.0,,,,,,,,,,,,,,,,,,,,,Planned harvest,4000,,3500,,0,,,,05/07/2024 07:16
ara2_b77a0d03,Nellore,04/28/2024,No,Control,Partial harvest,Chaitanya,,,,,1445.0,,Roopchand,,,,1000.0,,,,,,,,,,,,,,,,,,,,,Planned harvest,35000,,25000,,0,,,,07/04/2024 06:03
ara2_79cf3b3a,Nellore,04/28/2024,No,Treatment,Harvest,Chaitanya,,,,,0.0,,Roopchand,,,,980.0,,,,,,,,,,,,,,,,,,,,,Planned harvest,9800,,0,,1,"Sun dried the pond bottom, removed the sludge",,,05/07/2024 07:12
ara2_a1c0497f,Eluru,04/20/2024,No,Treatment,Stocking,Chaitanya,,,,Breed-out,7017.0,,"Catla (Catla catla), Rohu (Labeo rohita)",9:1,,,150.0,,,,,,,,,7017,,7017.0,,0.0,,,,,,0,,,,,,,,,,,05/16/2024 13:05
ara2_98d96403,Nellore,04/20/2024,No,Treatment,Harvest,Chaitanya,,,,,0.0,,Roopchand,,,,933.0,,,,,,,,,,,,,,,,,,,,,Planned harvest,2800,,0,,0,,,,05/07/2024 07:01
ara2_0d53cd07,Nellore,04/18/2024,No,Treatment,Harvest,Chaitanya,,,,,0.0,,Roopchand,,,,888.0,,,,,,,,,,,,,,,,,,,,,Planned harvest,8000,,0,,0,,,,05/07/2024 07:03
ara2_ac5a66af,Eluru,04/16/2024,Yes,Treatment,Stocking,Chaitanya,,,,,7383.0,,"Catla (Catla catla), Rohu (Labeo rohita)",9:1,,,,,,,,,,,,,,7383.0,,,,,,,,0,,,,,,,,,,,05/28/2024 07:26
ara2_540dc41d,Eluru,04/16/2024,Yes,Treatment,Stocking,Chaitanya,,,,,3240.0,,"Catla (Catla catla), Rohu (Labeo rohita)",9:1,,,,,,,,,,,,,,3240.0,,,,,,,,0,,,,,,,,,,,05/28/2024 06:46
ara2_4b73da19,Eluru,04/16/2024,Yes,Treatment,Stocking,Chaitanya,,,,,2833.0,,"Catla (Catla catla), Rohu (Labeo rohita)",9:1,,,,,,,,,,,,,,2833.0,,,,,,,,0,,,,,,,,,,,05/28/2024 06:31
ara2_7d060b2c,Eluru,04/16/2024,No,Treatment,Harvest,Chaitanya,,,,,0.0,,"Catla (Catla catla), Rohu (Labeo rohita)",,,,1200.0,,,,,,,,,,,,,,,,,,,,,Planned harvest,26000,,0,,1,Sun dry and plough the pond bottom ,,,05/16/2024 12:36
ara2_8cd29c44,Eluru,04/15/2024,Yes,Treatment,Stocking,Praveen,,,,,3125.0,0.0,"Catla (Catla catla), Rohu (Labeo rohita)",9:1,,,,,,,,,,,,3125,,3125.0,,0.0,,,,,,0,,,,,,,,,,,10/15/2024 11:29
ara2_83b11f44,Nellore,04/12/2024,No,Treatment,Harvest,Chaitanya,,,,,0.0,,"Catla (Catla catla), Rohu (Labeo rohita)",,,,946.0,,,,,,,,,,,,,,,,,,,,,Planned harvest,7100,,0,,1,"Sun dried the pond bottom, removed the sludge",,,05/07/2024 06:59
ara2_27f8f56a,Eluru,04/10/2024,No,Treatment,Stocking,Chaitanya,,,,Grow-out,1995.0,,"Catla (Catla catla), Rohu (Labeo rohita)",9:1,,,350.0,,,,,,,,,1995,,1995.0,,0.0,,,,,,0,,,,,,,,,,,05/16/2024 13:00
ara2_fc999d29,Nellore,04/10/2024,No,Treatment,Harvest,Chaitanya,,,,,0.0,,"Catla (Catla catla), Rohu (Labeo rohita)",,,,880.0,,,,,,,,,,,,,,,,,,,,,Planned harvest,4400,,0,,1,"Sun dried the pond bottom, removed the sludge",,,05/07/2024 06:57
ara2_dedca16a,Nellore,04/06/2024,No,Treatment,Stocking,Chaitanya,,,,,2683.0,,"Catla (Catla catla), Rohu (Labeo rohita)",9:1,,,80.0,,,,,,,,,2683,,2683.0,,0.0,,,,,,1,"Sun dried the pond bottom, removed the sludge",,,,,,,,,,05/07/2024 07:09
ara2_3f9ee6c3,Nellore,04/05/2024,No,Treatment,Harvest,Chaitanya,,,,,0.0,,Roopchand,,,,958.0,,,,,,,,,,,,,,,,,,,,,Planned harvest,11500,,0,,1,"Sun dried the pond bottom, removed the sludge, added bleach",,,05/07/2024 06:52
ara2_7c20400e,Eluru,04/05/2024,No,Treatment,Partial harvest,Chaitanya,,,,,7718.0,,"Catla (Catla catla), Rohu (Labeo rohita)",,,,100.0,,,,,,,,,,,,,,,,,,,,,Planned harvest,3000,,70000,,0,,,,04/14/2024 07:36
ara2_cf6f1332,Eluru,04/05/2024,No,Treatment,Stocking,Chaitanya,,,,,2677.0,,"Catla (Catla catla), Rohu (Labeo rohita)",9:1,,,100.0,,,,,,,,,2677,,2677.0,,0.0,,,,,,0,,,,,,,,,,,04/14/2024 07:33
ara2_cb372445,Eluru,04/03/2024,No,Treatment,Stocking,Chaitanya,,,,,9195.0,,"Catla (Catla catla), Rohu (Labeo rohita)",9:1,,,150.0,,,,,,,,,9195,,9195.0,,0.0,,,,,,0,,,,,,,,,Transferred these fishes from his nursery pond,,04/14/2024 07:16
ara2_e47a8d26,Eluru,04/03/2024,No,Treatment,Stocking,Chaitanya,,,,,1556.0,,"Catla (Catla catla), Rohu (Labeo rohita)",9:1,,,400.0,,,,,,,,,1556,,1556.0,,0.0,,,,,,0,,,,,,,,,Farmer stocked these fishes from his other breed out pond,,04/14/2024 07:05
ara2_6ca69422,Eluru,04/03/2024,Yes,Treatment,Stocking,Chaitanya,,,,,2174.0,0.0,"Catla (Catla catla), Rohu (Labeo rohita)",9:1,,,,,,,,,,,,2174,,2174.0,,0.0,,,,,,0,,,,,,,,,,,06/15/2024 14:40
ara2_6c015433,Nellore,04/03/2024,No,Control,Stocking,Chaitanya,,,,,3000.0,,"Catla (Catla catla), Rohu (Labeo rohita)",9:1,,,40.0,,,,,,,,,3000,,3000.0,,0.0,,,,,,0,,,,,,,,,,,05/07/2024 06:27
ara2_51ffa437,Eluru,04/03/2024,No,Treatment,Partial harvest,Chaitanya,,,,,19630.0,,"Catla (Catla catla), Rohu (Labeo rohita)",,,,150.0,,,,,,,,,,,,,,,,,,,,,,5550,,53000,,0,,,,04/14/2024 07:20
ara2_c5671cf4,Nellore,04/01/2024,No,Control,Harvest,Chaitanya,,,,,0.0,,"Catla (Catla catla), Rohu (Labeo rohita)",,,,796.0,,,,,,,,,,,,,,,,,,,,,Planned harvest,19900,,0,,1,"Sun dried the pond bottom, removed the sludge",,,05/07/2024 06:34
ara2_6ea8e528,Nellore,03/28/2024,No,Treatment,Stocking,Chaitanya,,,,,2875.0,,"Catla (Catla catla), Rohu (Labeo rohita)",9:1,,,100.0,,,,,,,,,2875,,2875.0,,0.0,,,,,,1,"Sun dried the pond bottom, removed the sludge",,,,,,,,,,05/07/2024 06:38
ara2_94d5ac19,Eluru,03/28/2024,No,Treatment,Harvest,Chaitanya,,,,,0.0,,"Catla (Catla catla), Rohu (Labeo rohita)",,,,200.0,,,,,,,,,,,,,,,,,,,,,,7000,,0,,1,Sun dry the pond bottom,,,04/06/2024 10:20
ara2_18808778,Eluru,03/27/2024,Yes,Treatment,Stocking,Chaitanya,,,,,10000.0,,"Catla (Catla catla), Rohu (Labeo rohita)",9:1,,,,,,,,,,,,,,10000.0,,,,,,,,0,,,,,,,,,,,05/28/2024 04:58
ara2_6a60fbba,Eluru,03/27/2024,Yes,Treatment,Stocking,Chaitanya,,,,,29851.0,,"Catla (Catla catla), Rohu (Labeo rohita)",9:1,,,,,,,,,,,,,,29851.0,,,,,,,,0,,,,,,,,,,,05/28/2024 04:50
ara2_77fa9764,Eluru,03/26/2024,No,Treatment,Harvest,Praveen,,,,,0.0,,"Catla (Catla catla), Rohu (Labeo rohita)",,,,1500.0,,,,,,,,,,,,,,,,,,,,,Planned harvest,128000,,0,,0,,,,08/28/2024 07:21
ara2_bf22ac2f,Nellore,03/26/2024,No,Treatment,Stocking,Chaitanya,,,,,3024.0,,"Catla (Catla catla), Rohu (Labeo rohita)",9.5:0.5,,,200.0,,,,,,,,,3024,,3024.0,,0.0,,,,,,1,"Sun dried the pond bottom, removed the sludge, strengthened the dykes",,,,,,,,,,05/07/2024 06:55
ara2_b0a5ed5f,Eluru,03/26/2024,No,Treatment,Stocking,Chaitanya,,,,,2217.0,,"Catla (Catla catla), Rohu (Labeo rohita)",9:1,,,300.0,,,,,,,,,2217,,2217.0,,0.0,,,,,,0,,,,,,,,,,,04/06/2024 10:39
ara2_99d6094f,Eluru,03/26/2024,No,Treatment,Harvest,Chaitanya,,,,,0.0,,"Catla (Catla catla), Rohu (Labeo rohita)",,,,250.0,,,,,,,,,,,,,,,,,,,,,Planned harvest,8750,,0,,0,,,,04/06/2024 08:20
ara2_2ae80458,Eluru,03/26/2024,No,Treatment,Stocking,Chaitanya,,,,,7447.0,,"Catla (Catla catla), Rohu (Labeo rohita)",9:1,,,250.0,,,,,,,,,7447,,7447.0,,0.0,,,,,,0,,,,,,,,,,,04/06/2024 08:12
ara2_20b9b3b1,Eluru,03/24/2024,No,Treatment,Harvest,Chaitanya,,,,,0.0,,"Catla (Catla catla), Rohu (Labeo rohita)",,,,300.0,,,,,,,,,,,,,,,,,,,,,Planned harvest,13500,,0,,0,,,,04/06/2024 08:19
ara2_a0d5d74d,Eluru,03/24/2024,No,Treatment,Stocking,Chaitanya,,,,,10465.0,,"Catla (Catla catla), Rohu (Labeo rohita)",9:1,,,300.0,,,,,,,,,10465,,10465.0,,0.0,,,,,,0,,,,,,,,,Done water treatment with Avanti Pro PS.,,04/06/2024 08:04
ara2_a90d90d1,Eluru,03/23/2024,No,Treatment,Partial harvest,Praveen,Verbal communication,,,Breed-out,4329.0,,"Catla (Catla catla), Rohu (Labeo rohita)",,,,250.0,,,,,,,,,,,,,,,,,,,,,Planned harvest,17500,,158000,,0,,,,01/23/2025 05:51
ara2_93b6516f,Eluru,03/23/2024,Yes,Treatment,Stocking,Chaitanya,,,,,3608.0,0.0,"Catla (Catla catla), Rohu (Labeo rohita)",9:1,,,,,,,,,,,,3608,,3608.0,,0.0,,,,,,0,,,,,,,,,,,06/28/2024 06:53
ara2_a6551d54,Eluru,03/23/2024,No,Treatment,Harvest,Chaitanya,,,,,0.0,,"Catla (Catla catla), Rohu (Labeo rohita)",,,,250.0,,,,,,,,,,,,,,,,,,,,,,12500,,0,,0,,,,04/06/2024 10:23
ara2_d8f6a2aa,Eluru,03/21/2024,Yes,Treatment,Stocking,Praveen,,,,,2037.0,0.0,"Catla (Catla catla), Rohu (Labeo rohita)",9:1,,,,,,,,,,,,2037,,2037.0,,0.0,,,,,,0,,,,,,,,,,,09/14/2024 06:24
ara2_1d5dce9e,Eluru,03/21/2024,Yes,Treatment,Stocking,Chaitanya,,,,,11667.0,0.0,"Catla (Catla catla), Rohu (Labeo rohita)",9:1,,,,,,,,,,,,11667,,11667.0,,0.0,,,,,,0,,,,,,,,,,,06/15/2024 15:01
ara2_8ed50b25,Eluru,03/21/2024,No,Treatment,Harvest,Chaitanya,,,,,0.0,,"Catla (Catla catla), Rohu (Labeo rohita)",,,,200.0,,,,,,,,,,,,,,,,,,,,,,8000,,0,,0,,Farmer has given away the fishes to other farmer as there is water scarcity in his pond. No paper record was maintained.,,04/14/2024 06:51
ara2_bd12b267,Nellore,03/20/2024,No,Treatment,Stocking,Chaitanya,,,,,3125.0,,"Catla (Catla catla), Rohu (Labeo rohita)",9:1,,,400.0,,,,,,,,,3125,,3125.0,,0.0,,,,,,1,Sun dried the pond bottom and added bleach,,,,,,,,,,04/03/2024 09:56
ara2_cf6f1332,Eluru,03/18/2024,No,Treatment,Partial harvest,Chaitanya,,,,,1947.0,,"Catla (Catla catla), Rohu (Labeo rohita)",,,,330.0,,,,,,,,,,,,,,,,,,,,,Planned harvest,9900,,80000,,0,,,,04/14/2024 07:29
ara2_933dba73,Nellore,03/18/2024,No,Treatment,Stocking,Chaitanya,,,,,3529.0,,"Catla (Catla catla), Rohu (Labeo rohita)",9:1,,,400.0,,,,,,,,,3529,,3529.0,,0.0,,,,,,1,Sun dried the pond bottom and added bleach,,,,,,,,,,04/03/2024 09:58
ara2_c79c24af,Eluru,03/18/2024,Yes,Treatment,Stocking,Chaitanya,,,,,2723.0,,"Catla (Catla catla), Rohu (Labeo rohita)",9:1,,,,,,,,,,,,2723,,2723.0,,0.0,,,,,,0,,,,,,,,,,,03/22/2024 05:19
ara2_9ea43968,Eluru,03/17/2024,No,Treatment,Stocking,Chaitanya,,,,,2432.0,,"Catla (Catla catla), Rohu (Labeo rohita)",9:1,,,375.0,,,,,,,,,2432,,2432.0,,0.0,,,,,,0,,,,,,,,,,,04/06/2024 10:18
ara2_a1c0497f,Eluru,03/16/2024,No,Treatment,Harvest,Chaitanya,,,,,0.0,,"Catla (Catla catla), Rohu (Labeo rohita)",,,,250.0,,,,,,,,,,,,,,,,,,,,,Planned harvest,6250,,0,,0,,,,05/16/2024 12:44
ara2_6af7067d,Eluru,03/15/2024,Yes,Treatment,Stocking,Praveen,,,,,2452.0,0.0,"Catla (Catla catla), Rohu (Labeo rohita)",9.2:0.8,,,,,,,,,,,,2452,,2452.0,,0.0,,,,,,0,,,,,,,,,,,09/09/2024 10:45
ara2_efbf4092,Eluru,03/15/2024,Yes,Treatment,Stocking,Chaitanya,,,,,6392.0,,"Catla (Catla catla), Rohu (Labeo rohita)",9:1,,,,,,,,,,,,,,6392.0,,,,,,,,0,,,,,,,,,,,05/28/2024 07:42
ara2_122dd1c9,Nellore,03/15/2024,No,Treatment,Stocking,Chaitanya,,,,,3064.0,,"Catla (Catla catla), Rohu (Labeo rohita)",9:1,,,50.0,,,,,,,,,3064,,3064.0,,0.0,,,,,,1,"Sun dried the pond bottom, removed the sludge",,,,,,,,,,05/07/2024 06:23
ara2_7e358ea4,Nellore,03/15/2024,No,Treatment,Stocking,Chaitanya,,,,,3256.0,,"Catla (Catla catla), Rohu (Labeo rohita)",9:1,,,50.0,,,,,,,,,3256,,3256.0,,0.0,,,,,,1,"Sun dried the pond bottom, removed the sludge",,,,,,,,,,05/07/2024 06:18
ara2_957cbe38,Eluru,03/14/2024,No,Treatment,Stocking,Chaitanya,,,,,2787.0,,"Catla (Catla catla), Rohu (Labeo rohita)",9:1,,,200.0,,,,,,,,,2787,,2787.0,,0.0,,,,,,0,,,,,,,,,,,03/21/2024 04:24
ara2_bddfa227,Nellore,03/13/2024,No,Treatment,Stocking,Chaitanya,,,,,2778.0,,"Catla (Catla catla), Rohu (Labeo rohita), Grass Carp (Ctenopharyngodon idella)",9:0.5:0.5,,,50.0,,,,,,,,,2778,,2778.0,,0.0,,,,,,1,"Sun dried the pond bottom, cleared the sludge",,,,,,,,,,04/03/2024 09:52
ara2_1d54882b,Nellore,03/13/2024,No,Treatment,Harvest,Chaitanya,,,,,0.0,,Roopchand,,,,944.0,,,,,,,,,,,,,,,,,,,,,Planned harvest,8500,,0,,0,,,,04/03/2024 09:45
ara2_9d4fb0a0,Nellore,03/11/2024,No,Treatment,Harvest,Chaitanya,,,,,0.0,,"Catla (Catla catla), Rohu (Labeo rohita)",,,,800.0,,,,,,,,,,,,,,,,,,,,,Planned harvest,3200,,0,,1,Sun drying the pond bottom and clear sludge and strengthen dykes,,,04/03/2024 09:49
ara2_368849b6,Eluru,03/10/2024,No,Treatment,Stocking,Chaitanya,,,,,2189.0,,"Catla (Catla catla), Rohu (Labeo rohita)",9:1,,,300.0,,,,,,,,,2189,,2189.0,,0.0,,,,,,0,,,,,,,,,,,03/21/2024 06:10
ara2_9ea43968,Eluru,03/09/2024,No,Treatment,Harvest,Chaitanya,,,,,0.0,,"Catla (Catla catla), Rohu (Labeo rohita)",,,,1400.0,,,,,,,,,,,,,,,,,,,,,Planned harvest,35000,,0,,0,,,,04/06/2024 10:03
ara2_2ae80458,Eluru,03/09/2024,No,Treatment,Harvest,Chaitanya,,,,,0.0,,"Catla (Catla catla), Rohu (Labeo rohita)",,,,500.0,,,,,,,,,,,,,,,,,,,,,Planned harvest,45000,,0,,0,,,,04/06/2024 08:09
ara2_6f5cd71e,Nellore,03/09/2024,No,Treatment,Stocking,Chaitanya,,,,,3714.0,,"Catla (Catla catla), Rohu (Labeo rohita)",9:1,,,40.0,,,,,,,,,3714,,3714.0,,0.0,,,,,,1,"Sun dried the pond bottom, ploughed and cleared the sludge.",,,,,,,,,,03/12/2024 15:03
ara2_000384fb,Eluru,03/06/2024,Yes,Treatment,Stocking,Chaitanya,,,,,2707.0,0.0,"Catla (Catla catla), Rohu (Labeo rohita)",9:1,,,,,,,,,,,,2707,,2707.0,,0.0,,,,,,0,,,,,,,,,,,06/15/2024 14:23
ara2_6857ac3f,Eluru,03/06/2024,Yes,Treatment,Stocking,Chaitanya,,,,,11029.0,,"Catla (Catla catla), Rohu (Labeo rohita)",9:1,,,,,,,,,,,,,,11029.0,,,,,,,,0,,,,,,,,,,,05/28/2024 04:21
ara2_4f79fc8d,Eluru,03/06/2024,Yes,Treatment,Stocking,Chaitanya,,,,,2666.0,0.0,"Catla (Catla catla), Rohu (Labeo rohita)",9:1,,,250.0,,,,,,,,,2666,,2666.0,,0.0,,,,,,0,,,,,,,,,,,03/21/2024 06:56
ara2_957cbe38,Eluru,03/05/2024,No,Treatment,Harvest,Chaitanya,,,,,0.0,,"Catla (Catla catla), Rohu (Labeo rohita)",,,,1360.0,,,,,,,,,,,,,,,,,,,,,Planned harvest,30000,,0,,0,,,,03/21/2024 04:19
ara2_3587929e,Nellore,03/03/2024,No,Treatment,Stocking,Chaitanya,,,,,3786.0,,"Catla (Catla catla), Rohu (Labeo rohita), Grass Carp (Ctenopharyngodon idella)",9:0.8:0.2,,,100.0,,,,,,,,,3786,,3786.0,,0.0,,,,,,0,,,,,,,,,,,03/12/2024 15:28
ara2_cdd141ba,Eluru,03/02/2024,No,Treatment,Harvest,Praveen,,,,,0.0,,"Catla (Catla catla), Rohu (Labeo rohita)",,,,300.0,,,,,,,,,,,,,,,,,,,,,Planned harvest,15000,,0,,0,,The lease is over and the farmer has left the pond.,,08/28/2024 09:54
ara2_2a7578bb,Eluru,03/02/2024,No,Treatment,Harvest,Chaitanya,,,,,0.0,,"Catla (Catla catla), Rohu (Labeo rohita)",,,,1000.0,,,,,,,,,,,,,,,,,,,,,Planned harvest,37000,,0,,1,Sun dry the pond bottom,Farmer said he didn't take the document from the traders,,04/14/2024 07:40
ara2_5aca7455,Eluru,03/01/2024,Yes,Treatment,Stocking,Chaitanya,,,,,2199.0,,"Catla (Catla catla), Rohu (Labeo rohita)",9:1,,,,,,,,,,,,,,2199.0,,,,,,,,0,,,,,,,,,,,05/28/2024 04:37
ara2_cb372445,Eluru,03/01/2024,No,Treatment,Partial harvest,Chaitanya,,,,,4943.0,,"Catla (Catla catla), Rohu (Labeo rohita)",,,,400.0,,,,,,,,,,,,,,,,,,,,,Planned harvest,14000,,43000,,0,,Transferred these fishes to his other pond,,04/14/2024 07:13
ara2_e47a8d26,Eluru,03/01/2024,No,Treatment,Harvest,Chaitanya,,,,,0.0,,"Catla (Catla catla), Rohu (Labeo rohita)",,,,1780.0,,,,,,,,,,,,,,,,,,,,,Planned harvest,125000,,0,,0,,,,03/21/2024 06:26
ara2_a0d5d74d,Eluru,02/29/2024,No,Treatment,Harvest,Chaitanya,,,,,0.0,,"Catla (Catla catla), Rohu (Labeo rohita)",,,,750.0,,,,,,,,,,,,,,,,,,,,,Planned harvest,13000,,0,,0,,,,03/05/2024 07:09
ara2_65a854d9,Nellore,02/26/2024,No,Treatment,Stocking,Chaitanya,,,,,3726.0,,"Catla (Catla catla), Rohu (Labeo rohita)",9:1,,,100.0,,,,,,,,,3726,,3726.0,,0.0,,,,,,1,"Sun dried the pond bottom, clean the sludge and strengthened the dykes",,,,,,,,,,03/12/2024 15:23
ara2_249e0180,Eluru,02/24/2024,Yes,Treatment,Stocking,Chaitanya,,,,,2703.0,,"Catla (Catla catla), Rohu (Labeo rohita)",9:1,,,,,,,,,,,,2703,,2703.0,,0.0,,,,,,0,,,,,,,,,,,03/05/2024 05:24
ara2_865d5a84,Eluru,02/20/2024,Yes,Treatment,Stocking,Chaitanya,,,,,1669.0,0.0,"Catla (Catla catla), Rohu (Labeo rohita)",9:1,,,,,,,,,,,,1669,,1669.0,,0.0,,,,,,0,,,,,,,,,,,06/28/2024 06:41
ara2_5a3d15dd,Nellore,02/20/2024,No,Treatment,Harvest,Chaitanya,,,,,0.0,,Roopchand,,,,1100.0,,,,,,,,,,,,,,,,,,,,,Planned harvest,5000,,0,,1,"Sun dried the pond bottom, ploughed and cleared the sludge.",,,03/12/2024 14:55
ara2_51ee6ab1,Nellore,02/20/2024,No,Treatment,Harvest,Chaitanya,,,,,0.0,,"Catla (Catla catla), Rohu (Labeo rohita)",,,,1180.0,,,,,,,,,,,,,,,,,,,,,Planned harvest,1300,,0,,0,,,,03/12/2024 14:44
ara2_bddfa227,Nellore,02/19/2024,No,Treatment,Harvest,Chaitanya,,,,,0.0,,"Catla (Catla catla), Rohu (Labeo rohita)",,,,633.0,,,,,,,,,,,,,,,,,,,,,Planned harvest,1900,,0,,1,Sun dried the pond bottom.,,,03/12/2024 14:38
ara2_8cf52ce5,Eluru,02/19/2024,Yes,Treatment,Stocking,Chaitanya,,,,,18000.0,0.0,"Catla (Catla catla), Rohu (Labeo rohita)",9:1,,,,,,,,,,,,18000,,18000.0,,0.0,,,,,,0,,,,,,,,,,,03/05/2024 11:44
ara2_f5e499f4,Eluru,02/19/2024,No,Treatment,Stocking,Chaitanya,,,,,14911.0,,"Catla (Catla catla), Rohu (Labeo rohita)",9:1,,,10.0,,,,,,,,,14911,,14911.0,,0.0,,,,,,0,,,,,,,,,,,03/05/2024 07:04
ara2_bd12b267,Nellore,02/18/2024,No,Treatment,Harvest,Chaitanya,,,,,0.0,,"Catla (Catla catla), Rohu (Labeo rohita)",,,,722.0,,,,,,,,,,,,,,,,,,,,,Planned harvest,6500,,0,,1,"Emptied the pond, partially sun dried and added bleach",,,03/12/2024 14:58
ara2_0b0bdb08,Nellore,02/18/2024,No,Treatment,Harvest,Chaitanya,,,,,0.0,,Roopchand,,,,1000.0,,,,,,,,,,,,,,,,,,,,,Planned harvest,5000,,0,,1,Sun dried the pond bottom and cleared the sludge.,,,03/12/2024 14:40
ara2_6ea8e528,Nellore,02/18/2024,No,Treatment,Harvest,Chaitanya,,,,,0.0,,"Catla (Catla catla), Rohu (Labeo rohita)",,,,800.0,,,,,,,,,,,,,,,,,,,,,Planned harvest,4800,,0,,1,Sun dried the pond bottom.,,,03/12/2024 14:32
ara2_70271685,Eluru,02/17/2024,No,Treatment,Stocking,Chaitanya,,,,,2222.0,,"Catla (Catla catla), Rohu (Labeo rohita)",9:1,,,150.0,,,,,,,,,2222,,2222.0,,0.0,,,,,,0,,,,,,,,,,,02/20/2024 07:08
ara2_3587929e,Nellore,02/16/2024,No,Treatment,Harvest,Chaitanya,,,,,0.0,,Roopchand,,,,766.0,,,,,,,,,,,,,,,,,,,,,Planned harvest,2300,,0,,0,,,,03/12/2024 14:35
ara2_3ed4df8e,Eluru,02/16/2024,No,Treatment,Stocking,Chaitanya,,,,,1996.0,,"Catla (Catla catla), Rohu (Labeo rohita)",9:1,,,360.0,,,,,,,,,1996,,1996.0,,0.0,,,,,,0,,,,,,,,,Transferred these fishes from his own breed-out pond ara2_03d81c1d,,02/27/2024 12:42
ara2_03d81c1d,Eluru,02/16/2024,No,Treatment,Partial harvest,Chaitanya,,,,,6234.0,,"Catla (Catla catla), Rohu (Labeo rohita)",,,,360.0,,,,,,,,,,,,,,,,,,,,,Planned harvest,10800,,50000,,0,,Transferred these fishes to his other grow-out pond ara2_3ed4df8e,,02/27/2024 12:36
ara2_e7d0223c,Nellore,02/15/2024,No,Treatment,Harvest,Chaitanya,,,,,0.0,,Roopchand,,,,1100.0,,,,,,,,,,,,,,,,,,,,,Planned harvest,5500,,0,,1,"Sun dry the pond bottom, clean the sludge.",,,03/12/2024 15:30
ara2_1b6714d3,Nellore,02/15/2024,No,Treatment,Harvest,Chaitanya,,,,,0.0,,Roopchand,,,,1000.0,,,,,,,,,,,,,,,,,,,,,Planned harvest,5000,,0,,1,"Sun dry the pond bottom, clean the sludge.",,,03/12/2024 15:25
ara2_8a429bf1,Nellore,02/14/2024,No,Treatment,Partial harvest,Chaitanya,,,,,2194.0,,Roopchand,,,,1000.0,,,,,,,,,,,,,,,,,,,,,Planned harvest,35000,,61000,,0,,,,03/12/2024 14:29
ara2_368849b6,Eluru,02/13/2024,No,Treatment,Harvest,Chaitanya,,,,,0.0,,"Catla (Catla catla), Rohu (Labeo rohita)",,,,1500.0,,,,,,,,,,,,,,,,,,,,,Planned harvest,160000,,0,,0,,,,03/21/2024 05:59
ara2_b18c32b8,Nellore,02/12/2024,No,Treatment,Stocking,Chaitanya,,,,,2600.0,,"Catla (Catla catla), Rohu (Labeo rohita)",9:1,,,30.0,,,,,,,,,2600,,2600.0,,0.0,,,,,,1,"Sun dried the pond bottom, clean the sludge and add bleach",,,,,,,,,,03/12/2024 15:09
ara2_a2d65cb4,Eluru,02/12/2024,No,Treatment,Stocking,Chaitanya,,,,,2545.0,,"Catla (Catla catla), Rohu (Labeo rohita)",9:1,,,30.0,,,,,,,,,2545,,2545.0,,0.0,,,,,,0,,,,,,,,,,,02/20/2024 07:28
ara2_70271685,Eluru,02/11/2024,No,Treatment,Partial harvest,Chaitanya,,,,,1456.0,,"Rohu (Labeo rohita), Catla (Catla catla)",,,,250.0,,,,,,,,,,,,,,,,,,,,,,22500,,30000,,0,,,,02/20/2024 07:02
ara2_27f8f56a,Eluru,02/10/2024,No,Treatment,Harvest,Chaitanya,,,,,0.0,,"Catla (Catla catla), Rohu (Labeo rohita)",,,,1500.0,,,,,,,,,,,,,,,,,,,,,Planned harvest,140000,,0,,0,,,,05/16/2024 12:40
ara2_88abf248,Nellore,02/10/2024,No,Treatment,Partial harvest,Chaitanya,,,,,1964.0,,Roopchand,,,,1000.0,,,,,,,,,,,,,,,,,,,,,Planned harvest,10000,,11000,,0,,,,03/12/2024 15:16
ara2_a00174c4,Nellore,02/08/2024,No,Treatment,Stocking,Chaitanya,,,,,3500.0,,"Catla (Catla catla), Rohu (Labeo rohita)",9:1,,,20.0,,,,,,,,,3500,,3500.0,,0.0,,,,,,1,"Sun dried the pond bottom, ploughed and cleared the sludge and strengthened the dykes",,,,,,,,,,03/12/2024 14:51
ara2_ca187575,Eluru,02/06/2024,Yes,Treatment,Stocking,Chaitanya,,,,,5814.0,,"Catla (Catla catla), Rohu (Labeo rohita)",9:1,,,,,,,,,,,,5814,,5814.0,,0.0,,,,,,0,,,,,,,,,,,04/26/2024 08:35
ara2_3ed4df8e,Eluru,02/05/2024,No,Treatment,Harvest,Chaitanya,,,,,0.0,,"Catla (Catla catla), Rohu (Labeo rohita)",,,,1000.0,,,,,,,,,,,,,,,,,,,,,Planned harvest,52000,,0,,0,,,,02/27/2024 12:39
ara2_b0010581,Nellore,02/02/2024,No,Treatment,Stocking,Chaitanya,,,,,28571.0,,"Catla (Catla catla), Rohu (Labeo rohita)",9:1,,,15.0,,,,,,,,,28571,,28571.0,,0.0,,,,,,1,"Emptied the pond, partially dried and added bleach",,,,,,,,,,03/12/2024 14:26
ara2_e985ca4a,Eluru,02/02/2024,No,Treatment,Stocking,Chaitanya,,,,,7473.0,,"Catla (Catla catla), Rohu (Labeo rohita)",9:1,,,85.0,,,,,,,,,7473,,7473.0,,0.0,,,,,,0,,,,,,,,,,,02/29/2024 06:56
ara2_ac267ebf,Eluru,02/01/2024,No,Treatment,Stocking,Chaitanya,,,,,6767.0,,"Catla (Catla catla), Rohu (Labeo rohita)",9:1,,,60.0,,,,,,,,,6767,,6767.0,,0.0,,,,,,0,,,,,,,,,,,02/21/2024 07:52
ara2_8190e6ec,Eluru,01/29/2024,Yes,Treatment,Stocking,Praveen,,,,,15135.0,0.0,"Catla (Catla catla), Rohu (Labeo rohita)",9:1,,,,,,,,,,,,15135,,15135.0,,0.0,,,,,,0,,,,,,,,,,,09/14/2024 06:27
ara2_8ed50b25,Eluru,01/28/2024,No,Treatment,Stocking,Chaitanya,,,,,36364.0,,"Catla (Catla catla), Rohu (Labeo rohita)",9:1,,,50.0,,,,,,,,,36364,,36364.0,,0.0,,,,,,0,,,,,,,,,,,02/14/2024 05:59
ara2_626e23f2,Nellore,01/27/2024,No,Treatment,Harvest,Chaitanya,,,,,0.0,,"Catla (Catla catla), Rohu (Labeo rohita)",,,,685.0,,,,,,,,,,,,,,,,,,,,,Planned harvest,1850,,0,,1,"Sun dried the pond bottom, ploughed and cleared the sludge.",,,03/12/2024 14:14
ara2_aeaba081,Eluru,01/26/2024,No,Treatment,Harvest,Chaitanya,,,,,0.0,,"Catla (Catla catla), Rohu (Labeo rohita)",,,,220.0,,,,,,,,,,,,,,,,,,,,,Planned harvest,3000,,0,,0,,,,02/20/2024 06:37
ara2_194348f0,Eluru,01/26/2024,No,Treatment,Harvest,Chaitanya,,,,,0.0,,"Catla (Catla catla), Rohu (Labeo rohita)",,,,350.0,,,,,,,,,,,,,,,,,,,,,Planned harvest,24000,,0,,0,,Farmer is doing shrimp culture for 3 months in the next cycle. Putting him on -hold for now.,,02/20/2024 06:32
ara2_f5e499f4,Eluru,01/26/2024,No,Treatment,Harvest,Chaitanya,,,,,0.0,,"Catla (Catla catla), Rohu (Labeo rohita)",,,,200.0,,,,,,,,,,,,,,,,,,,,,Planned harvest,15200,,0,,0,,Fishes transferred to other grow-out pond ara2_970ce848,,02/07/2024 05:50
ara2_970ce848,Eluru,01/26/2024,No,Treatment,Stocking,Chaitanya,,,,,3512.0,,"Catla (Catla catla), Rohu (Labeo rohita)",9:1,,,200.0,,,,,,,,,3512,,3512.0,,0.0,,,,,,0,,,,,,,,,,,02/07/2024 05:37
ara2_6bbd0878,Nellore,01/24/2024,No,Treatment,Stocking,Chaitanya,,,,,90910.0,,"Catla (Catla catla), Rohu (Labeo rohita)",9:1,,,5.0,,,,,,,,,90910,,90910.0,,0.0,,,,,,1,"Sun dried the pond bottom, clean the sludge and add bleach",,,,,,,,,,03/12/2024 15:13
ara2_dfe79bad,Nellore,01/23/2024,No,Treatment,Harvest,Chaitanya,,,,,0.0,,"Catla (Catla catla), Rohu (Labeo rohita)",,,,550.0,,,,,,,,,,,,,,,,,,,,,,3300,,0,,0,,,,03/12/2024 14:20
ara2_d891f276,Eluru,01/22/2024,No,Treatment,Partial harvest,Praveen,Verbal communication,,,Breed-out,2094.0,,"Catla (Catla catla), Rohu (Labeo rohita)",,,,350.0,,,,,,,,,,,,,,,,,,,,,Planned harvest,28000,,40000,,0,,,,01/23/2025 06:03
ara2_970ce848,Eluru,01/22/2024,No,Treatment,Harvest,Chaitanya,,,,,0.0,,"Catla (Catla catla), Rohu (Labeo rohita)",,,,1000.0,,,,,,,,,,,,,,,,,,,,,Planned harvest,74000,,0,,0,,,,02/07/2024 05:30
ara2_31afc592,Eluru,01/22/2024,No,Treatment,Stocking,Chaitanya,,,,,2715.0,,"Catla (Catla catla), Rohu (Labeo rohita)",9:1,,,150.0,,,,,,,,,2715,,2715.0,,0.0,,,,,,0,,,,,,,,,Got the fishes from his own breed out pond,,01/30/2024 11:06
ara2_e985ca4a,Eluru,01/22/2024,No,Treatment,Harvest,Chaitanya,,,,,0.0,,"Catla (Catla catla), Rohu (Labeo rohita)",,,,150.0,,,,,,,,,,,,,,,,,,,,,Planned harvest,6585,,0,,0,,Transferred these fishes to his grow out pond ara2_31afc592,,01/30/2024 10:56
ara2_122dd1c9,Nellore,01/20/2024,No,Treatment,Harvest,Chaitanya,,,,,0.0,,"Catla (Catla catla), Rohu (Labeo rohita)",,,,920.0,,,,,,,,,,,,,,,,,,,,,Planned harvest,23000,,0,,1,"Sun dried the pond bottom, ploughed and cleared the sludge and strengthened the dykes",,,03/12/2024 14:11
ara2_933dba73,Nellore,01/20/2024,No,Treatment,Harvest,Chaitanya,,,,,0.0,,"Catla (Catla catla), Rohu (Labeo rohita)",,,,750.0,,,,,,,,,,,,,,,,,,,,,Planned harvest,9000,,0,,1,Sun dried the pond bottom and ploughed.,,,03/12/2024 13:59
ara2_2d9db0cb,Eluru,01/20/2024,No,Treatment,Harvest,Chaitanya,,,,,0.0,,"Catla (Catla catla), Rohu (Labeo rohita)",,,,1300.0,,,,,,,,,,,,,,,,,,,,,Planned harvest,65000,,0,,0,,,,01/30/2024 11:04
ara2_7dc637c3,Eluru,01/18/2024,Yes,Treatment,Stocking,Praveen,,,,,2303.0,0.0,"Catla (Catla catla), Rohu (Labeo rohita)",9.4:0.6,,,,,,,,,,,,2303,,2303.0,,0.0,,,,,,0,,,,,,,,,,,09/19/2024 05:25
ara2_00b47526,Eluru,01/18/2024,Yes,Treatment,Stocking,Chaitanya,,,,,2647.0,0.0,"Catla (Catla catla), Rohu (Labeo rohita)",9:1,,,,,,,,,,,,2647,,2647.0,,0.0,,,,,,0,,,,,,,,,,,06/28/2024 05:14
ara2_38378731,Eluru,01/18/2024,Yes,Treatment,Stocking,Chaitanya,,,,,6250.0,0.0,"Catla (Catla catla), Rohu (Labeo rohita)",9:1,,,,,,,,,,,,6250,,6250.0,,0.0,,,,,,0,,,,,,,,,,,06/28/2024 05:10
ara2_7e358ea4,Nellore,01/18/2024,No,Treatment,Harvest,Chaitanya,,,,,0.0,,"Catla (Catla catla), Rohu (Labeo rohita)",,,,937.0,,,,,,,,,,,,,,,,,,,,,Planned harvest,15000,,0,,1,"Sun dried the pond bottom, ploughed and cleared the sludge and strengthened the dykes",,,03/12/2024 14:04
ara2_4e7754a2,Eluru,01/15/2024,Yes,Treatment,Stocking,Chaitanya,,,,,2180.0,0.0,"Catla (Catla catla), Rohu (Labeo rohita)",9:1,,,,,,,,,,,,2180,,2180.0,,0.0,,,,,,0,,,,,,,,,,,06/28/2024 06:46
ara2_ff85ba57,Eluru,01/14/2024,No,Treatment,Stocking,Chaitanya,,,,,2968.0,,"Catla (Catla catla), Rohu (Labeo rohita)",9:1,,,350.0,,,,,,,,,2968,,2968.0,,0.0,,,,,,0,,,,,,,,,,,01/29/2024 05:21
ara2_ac267ebf,Eluru,01/14/2024,No,Treatment,Harvest,Chaitanya,,,,,0.0,,"Catla (Catla catla), Rohu (Labeo rohita)",,,,220.0,,,,,,,,,,,,,,,,,,,,,Planned harvest,22000,,0,,0,,,,01/29/2024 05:02
ara2_0677080b,Eluru,01/12/2024,Yes,Treatment,Stocking,Chaitanya,,,,,3077.0,0.0,"Catla (Catla catla), Rohu (Labeo rohita)",9:1,,,,,,,,,,,,3077,,3077.0,,0.0,,,,,,0,,,,,,,,,,,03/21/2024 08:07
ara2_2e8fd6a2,Eluru,01/09/2024,Yes,Treatment,Stocking,Chaitanya,,,,,10000.0,0.0,"Catla (Catla catla), Rohu (Labeo rohita)",9:1,,,,,,,,,,,,10000,,10000.0,,0.0,,,,,,0,,,,,,,,,,,04/26/2024 09:00
ara2_f4e367af,Nellore,01/05/2024,No,Treatment,Harvest,Chaitanya,,,,,0.0,,Catla (Catla catla),,,,1000.0,,,,,,,,,,,,,,,,,,,,,Planned harvest,4000,,0,,1,Sun dried the pond bottom,,,03/12/2024 14:02
ara2_ff85ba57,Eluru,01/05/2024,No,Treatment,Harvest,Chaitanya,,,,,0.0,,"Catla (Catla catla), Rohu (Labeo rohita)",,,,1600.0,,,,,,,,,,,,,,,,,,,,,Planned harvest,162000,,0,,0,,,,01/29/2024 05:16
ara2_65a854d9,Nellore,01/03/2024,No,Treatment,Harvest,Chaitanya,,,,,0.0,,"Catla (Catla catla), Rohu (Labeo rohita)",,,,722.0,,,,,,,,,,,,,,,,,,,,,Planned harvest,13000,,0,,1,"Sun dried the pond bottom, clean the sludge and strengthened the dykes",,,03/12/2024 15:20
ara2_31afc592,Eluru,01/02/2024,No,Treatment,Harvest,Chaitanya,,,,,0.0,,"Catla (Catla catla), Rohu (Labeo rohita)",,,,1500.0,,,,,,,,,,,,,,,,,,,,,Planned harvest,70000,,0,,0,,,,01/30/2024 11:00
ara2_f5124b92,Eluru,01/02/2024,No,Treatment,Stocking,Chaitanya,,,,,2561.0,,"Catla (Catla catla), Rohu (Labeo rohita)",9:1,,,300.0,,,,,,,,,2561,,2561.0,,0.0,,,,,,0,,,,,,,,,,,01/02/2024 11:39
ara2_7f72325e,Eluru,12/30/2023,No,Treatment,Stocking,Chaitanya,,,,,9090.0,,"Catla (Catla catla), Rohu (Labeo rohita)",9:1,,,25.0,,,,,,,,,9090,,9090.0,,0.0,,,,,,0,,,,,,,,,,,01/03/2024 07:44
ara2_725e7f3b,Eluru,12/28/2023,No,Treatment,Stocking,Chaitanya,,,,,3211.0,,"Catla (Catla catla), Rohu (Labeo rohita)",9:1,,,300.0,,,,,,,,,3211,,3211.0,,0.0,,,,,,0,,,,,,,,,,,01/02/2024 11:51
ara2_ea9c93a5,Nellore,12/25/2023,No,Treatment,Stocking,Chaitanya,,,,,3261.0,,Roopchand,10,,,40.0,,,,,,,,,3261,,3261.0,,0.0,,,,,,0,,,,,,,,,,,03/14/2024 06:59
ara2_aa21af30,Eluru,12/23/2023,Yes,Treatment,Stocking,Praveen,,,,,2394.0,0.0,"Catla (Catla catla), Rohu (Labeo rohita)",9.4:0.6,,,,,,,,,,,,2394,,2394.0,,0.0,,,,,,0,,,,,,,,,,,09/19/2024 05:19
ara2_27b80a16,Eluru,12/23/2023,Yes,Treatment,Stocking,Praveen,,,,,2736.0,0.0,"Catla (Catla catla), Rohu (Labeo rohita)",9.4:0.6,,,,,,,,,,,,2736,,2736.0,,0.0,,,,,,0,,,,,,,,,,,09/09/2024 10:14
ara2_01463d19,Eluru,12/23/2023,No,Treatment,Harvest,Chaitanya,,,,,0.0,,Roopchand,10,,,500.0,,,,,,,,,,,,,,,,,,,,,Planned harvest,30000,,0,,1,Sun dry the pond bottom and add bleach,,,01/03/2024 07:52
ara2_f5124b92,Eluru,12/23/2023,No,Treatment,Harvest,Chaitanya,,,,,0.0,,"Catla (Catla catla), Rohu (Labeo rohita)",9:1,,,1000.0,,,,,,,,,,,,,,,,,,,,,Planned harvest,22000,,0,,0,,,,01/02/2024 11:36
ara2_c2bf107e,Eluru,12/22/2023,Yes,Treatment,Stocking,Chaitanya,,,,,3333.0,,"Catla (Catla catla), Rohu (Labeo rohita)",9:1,,,,,,,,,,,,,,3333.0,,,,,,,,0,,,,,,,,,,,05/28/2024 07:07
ara2_725e7f3b,Eluru,12/22/2023,No,Treatment,Harvest,Chaitanya,,,,,0.0,,"Catla (Catla catla), Rohu (Labeo rohita)",9:1,,,1220.0,,,,,,,,,,,,,,,,,,,,,Planned harvest,107000,,0,,0,,,,01/02/2024 11:47
ara2_7bd7da7f,Eluru,12/21/2023,Yes,Treatment,Stocking,Chaitanya,Verbal communication,,,Rearing,4706.0,0.0,"Catla (Catla catla), Rohu (Labeo rohita)",9:1,,,20.0,,,,,,,,,4706,4000.0,4706.0,4000.0,0.0,,,,,,0,,,,,,,,,,,03/21/2024 07:57
ara2_084db03a,Eluru,12/21/2023,Yes,Treatment,Stocking,Chaitanya,,,,,10667.0,,"Catla (Catla catla), Rohu (Labeo rohita)",9:1,,,,,,,,,,,,10667,,10667.0,,0.0,,,,,,0,,,,,,,,,,,03/21/2024 07:53
ara2_6f5cd71e,Nellore,12/21/2023,No,Treatment,Harvest,Chaitanya,,,,,0.0,,"Catla (Catla catla), Rohu (Labeo rohita)",9:1,,,847.0,,,,,,,,,,,,,,,,,,,,,Planned harvest,1950,,0,,1,"Sun dry the pond bottom, clean the sludge and add bleach",,,12/28/2023 07:32
ara2_ee15e2a0,Nellore,12/20/2023,No,Assessment,Stocking,Chaitanya,,,,,3256.0,,Roopchand,10,,,50.0,,,,,,,,,3256,,3256.0,,0.0,,,,,,0,,,,,,,,,,,03/14/2024 07:01
ara2_0a8841ec,Eluru,12/20/2023,Yes,Treatment,Stocking,Chaitanya,,,,,14765.0,0.0,"Catla (Catla catla), Rohu (Labeo rohita)",9:1,,,,,,,,,,,,14765,,14765.0,,0.0,,,,,,0,,,,,,,,,,,03/05/2024 05:34
ara2_dedca16a,Nellore,12/18/2023,No,Treatment,Harvest,Chaitanya,,,,,0.0,,"Roopchand, Catla (Catla catla), Rohu (Labeo rohita)",9:1,,,933.0,,,,,,,,,,,,,,,,,,,,,Planned harvest,14000,,0,,1,"Sun dry the pond bottom, clean the sludge and add bleach",,,12/28/2023 07:29
ara2_78cbfd0d,Nellore,12/14/2023,No,Treatment,Stocking,Chaitanya,,,,,3043.0,,"Catla (Catla catla), Rohu (Labeo rohita)",9:1,,,25.0,,,,,,,,,3043,,3043.0,,0.0,,,,,,1,"Sun dry the pond bottom, clean the sludge and add bleach",,,,,,,,,,12/28/2023 07:31
ara2_94d5ac19,Eluru,12/13/2023,Yes,Treatment,Stocking,Chaitanya,,,,,4762.0,0.0,"Catla (Catla catla), Rohu (Labeo rohita)",9:1,,,,,,,,,,,,4762,,4762.0,,0.0,,,,,,0,,,,,,,,,,,03/05/2024 05:49
ara2_ea9c93a5,Nellore,12/11/2023,No,Treatment,Harvest,Chaitanya,,,,,0.0,,"Catla (Catla catla), Rohu (Labeo rohita)",9:1,,,775.0,,,,,,,,,,,,,,,,,,,,,Planned harvest,12400,,0,,1,"Sun dry the pond bottom, clean the sludge and add bleach",,,12/28/2023 07:21
ara2_6c015433,Nellore,12/11/2023,No,Control,Harvest,Chaitanya,,,,,0.0,,"Catla (Catla catla), Rohu (Labeo rohita)",9:1,,,794.0,,,,,,,,,,,,,,,,,,,,,Planned harvest,14300,,0,,0,,,,12/28/2023 07:19
ara2_bf22ac2f,Nellore,12/10/2023,No,Treatment,Harvest,Chaitanya,,,,,0.0,,"Catla (Catla catla), Rohu (Labeo rohita)",,,,1060.0,,,,,,,,,,,,,,,,,,,,,Planned harvest,70000,,0,,1,"Sun dry and plough the pond bottom, strengthen the dykes.",,,04/03/2024 10:12
ara2_00373712,Eluru,12/10/2023,No,Treatment,Harvest,Chaitanya,,,,,0.0,,"Catla (Catla catla), Rohu (Labeo rohita)",9:1,,,350.0,,,,,,,,,,,,,,,,,,,,,Planned harvest,18550,,0,,0,,,,12/27/2023 07:42
ara2_b0010581,Nellore,12/06/2023,No,Treatment,Harvest,Chaitanya,,,,,0.0,,"Catla (Catla catla), Rohu (Labeo rohita), Roopchand",8:2,,,962.0,,,,,,,,,,,,,,,,,,,,,Planned harvest,13000,,0,,1,"Sun dry the pond bottom, clean the sludge and add bleach",,,12/28/2023 07:14
ara2_f8742535,Eluru,12/04/2023,Yes,Treatment,Stocking,Chaitanya,,,,,5804.0,0.0,"Catla (Catla catla), Rohu (Labeo rohita)",9:1,,,50.0,,,,,,,,,5804,,5804.0,,0.0,,,,,,1,"Sun dried the pond bottom, cleared the sludge, strengthened the dykes, done manuring and added bleach",,,,,,,,,,01/05/2024 04:59
ara2_a2d65cb4,Eluru,11/29/2023,No,Treatment,Harvest,Chaitanya,,,,,0.0,,"Catla (Catla catla), Rohu (Labeo rohita)",,,,1200.0,,,,,,,,,,,,,,,,,,,,,Planned harvest,82000,,0,,0,,,,02/20/2024 07:23
ara2_8a37ac9f,Nellore,11/26/2023,No,Treatment,Partial harvest,Chaitanya,,,,,1463.0,,Roopchand,10,,,833.0,,,,,,,,,,,,,,,,,,,,,Planned harvest,5000,,6000,,0,,,,12/28/2023 07:24
ara2_b77a0d03,Nellore,11/25/2023,No,Control,Partial harvest,Chaitanya,,,,,3468.0,,Roopchand,10,,,1000.0,,,,,,,,,,,,,,,,,,,,,Planned harvest,30000,,60000,,0,,,,12/28/2023 07:27
ara2_f5c44392,Eluru,11/24/2023,No,Treatment,Stocking,Nagaraju P.,,,,,3443.0,,"Rohu (Labeo rohita), Catla (Catla catla)",9:1,,,230.0,,,,,,,,,3443,,3443.0,,0.0,,,,,,No,,,,,,,,,,,12/15/2023 11:41
ara2_e985ca4a,Eluru,11/24/2023,No,Treatment,Stocking,Nagaraju P.,,,,,6250.0,,"Rohu (Labeo rohita), Catla (Catla catla)",9:1,,,80.0,,,,,,,,,6250,,6250.0,,0.0,,,,,,No,,,,,,,,,,,12/15/2023 11:41
ara2_96339578,Eluru,11/22/2023,Yes,Treatment,Stocking,Chaitanya,,,,,5059.0,0.0,"Catla (Catla catla), Rohu (Labeo rohita)",9:1,,,,,,,,,,,,5059,,5059.0,,0.0,,,,,,0,,,,,,,,,,,03/05/2024 06:05
ara2_7f72325e,Eluru,11/22/2023,No,Treatment,Harvest,Chaitanya,,,,,0.0,,"Catla (Catla catla), Rohu (Labeo rohita)",9:1,,,150.0,,,,,,,,,,,,,,,,,,,,,Planned harvest,4500,,0,,0,,,,12/27/2023 07:35
ara2_b0a5ed5f,Eluru,11/19/2023,No,Treatment,Harvest,Chaitanya,,,,,0.0,,"Catla (Catla catla), Rohu (Labeo rohita)",,,,1000.0,,,,,,,,,,,,,,,,,,,,,Planned harvest,108000,,0,,0,,,,04/06/2024 10:25
ara2_8ed50b25,Eluru,11/19/2023,No,Treatment,Harvest,Sanjay,,,,,0.0,,"Rohu (Labeo rohita), Catla (Catla catla)",9:1,,,250.0,,,,,,,,,,,,,,,,,,,,,Planned harvest,5000000,,,,No,,,,12/15/2023 11:41
ara2_cd998399,Eluru,11/19/2023,No,Treatment,Stocking,Nagaraju P.,,,,,3154.0,,"Rohu (Labeo rohita), Catla (Catla catla)",9:1,,,250.0,,,,,,,,,3154,,3154.0,,0.0,,,,,,Yes,,,,,,,,,,,12/15/2023 11:41
ara2_cd998399,Eluru,11/18/2023,No,Treatment,Harvest,Nagaraju P.,,,,,0.0,,"Rohu (Labeo rohita), Catla (Catla catla)",9:1,,,1400.0,,,,,,,,,,,,,,,,,,,,,Planned harvest,111000,,0,,No,,,,12/15/2023 11:41
ara2_6608762c,Eluru,11/16/2023,No,Treatment,Stocking,Nagaraju P.,,,,,13183.0,,"Rohu (Labeo rohita), Catla (Catla catla)",9:1,,,40.0,,,,,,,,,13183,,13183.0,,0.0,,,,,,0,,,,,,,,,,,12/15/2023 11:41
ara2_7ed0eacc,Nellore,11/15/2023,No,Treatment,Stocking,Chaitanya,,,,,3750.0,,"Catla (Catla catla), Rohu (Labeo rohita), Roopchand",9:1,,,250.0,,,,,,,,,3750,,3750.0,,0.0,,,,,,0,,,,,,,,,,,12/28/2023 07:11
ara2_fea90a74,Eluru,11/14/2023,Yes,Treatment,Stocking,Chaitanya,,,,,2830.0,0.0,"Catla (Catla catla), Rohu (Labeo rohita)",9:1,,,,,,,,,,,,2830,,2830.0,,0.0,,,,,,0,,,,,,,,,,,04/26/2024 08:45
ara2_e985ca4a,Eluru,11/14/2023,No,Treatment,Harvest,Nagaraju P.,,,,,,,"Rohu (Labeo rohita), Catla (Catla catla)",9:1,,,300.0,,,,,,,,,,,,,,,,,,,,,Planned harvest,15000,,,,No,,,,12/15/2023 11:41
ara2_f5c44392,Eluru,11/13/2023,No,Treatment,Harvest,Nagaraju P.,,,,,,,"Rohu (Labeo rohita), Catla (Catla catla)",9:1,,,1200.0,,,,,,,,,,,,,,,,,,,,,Planned harvest,52000,,,,No,,,,12/15/2023 11:41
ara2_00373712,Eluru,11/11/2023,No,Treatment,Partial harvest,Nagaraju P.,,,,Breed-out,4020.0,,"Rohu (Labeo rohita), Catla (Catla catla)",9:1,,,350.0,,,,,,,,,,,,,,,,,,,,,Planned harvest,30450,,53000,,No,,"Transferred 87,000 fish to his grow out pond ara2_51ee6ab1",,12/15/2023 11:41
ara2_ee15e2a0,Nellore,11/10/2023,No,Assessment,Harvest,Chaitanya,,,,,0.0,,"Catla (Catla catla), Rohu (Labeo rohita)",9:1,,,1142.0,,,,,,,,,,,,,,,,,,,,,Planned harvest,16000,,0,,1,"Sun dry the pond bottom, clean the sludge and add bleach",,,12/28/2023 07:17
ara2_6608762c,Eluru,11/10/2023,No,Treatment,Harvest,Nagaraju P.,,,,,0.0,,"Rohu (Labeo rohita), Catla (Catla catla)",9:1,,,200.0,,,,,,,,,,,,,,,,,,,,,Planned harvest,9000,,0,0.0,No,,"Transferred 45,000 fishes to his other pond ara2_03d81c1d",,12/15/2023 11:41
ara2_46286ebb,Eluru,11/09/2023,No,Treatment,Stocking,Sanjay,,,,,2489.0,,"Rohu (Labeo rohita), Catla (Catla catla)",9:1,,,350.0,,,,,,,,,2489,,2489.0,,0.0,,,,,,No,,,,,,,,,,,12/15/2023 11:41
ara2_eb39bc48,Eluru,11/08/2023,No,Treatment,Stocking,Sanjay,,,,,5952.0,,"Rohu (Labeo rohita), Catla (Catla catla)",9:1,,,100.0,,,,,,,,,5952,,5952.0,,0.0,,,,,,No,,,,,,,,,,,12/15/2023 11:41
ara2_4441fb4f,Eluru,11/07/2023,Yes,Treatment,Stocking,Chaitanya,,,,,35087.0,33333.0,"Catla (Catla catla), Rohu (Labeo rohita)",9:1,,,40.0,,,,,,,,,35087,,35087.0,,0.0,,,,,,0,,,,,,,,,,,01/05/2024 04:47
ara2_cd288d30,Nellore,11/06/2023,No,Treatment,Harvest,Chaitanya,,,,,0.0,,"Catla (Catla catla), Rohu (Labeo rohita)",9:1,,,833.0,,,,,,,,,,,,,,,,,,,,,Planned harvest,2500,,0,,1,"Sun dry the pond bottom, clean the sludge and add bleach",,,12/28/2023 07:06
ara2_46286ebb,Eluru,11/06/2023,No,Treatment,Harvest,Sanjay,,,,,2000.0,,"Rohu (Labeo rohita), Catla (Catla catla)",9:1,,,1350.0,,,,,,,,,,,,,,,,,,,,,Planned harvest,100000,,0,,No,,,,12/15/2023 11:41
ara2_7ed0eacc,Nellore,11/03/2023,No,Treatment,Harvest,Chaitanya,,,,,0.0,,Roopchand,10,,,833.0,,,,,,,,,,,,,,,,,,,,,Planned harvest,2500,,0,,0,,,,12/28/2023 07:04
ara2_3587929e,Nellore,11/02/2023,No,Treatment,Stocking,Chaitanya,,,,,3000.0,,"Roopchand, Catla (Catla catla), Rohu (Labeo rohita)",9:1,,,300.0,,,,,,,,,3000,,3000.0,,0.0,,,,,,0,,,,,,,,,,,12/28/2023 07:10
ara2_c5671cf4,Nellore,11/02/2023,No,Control,Stocking,Chaitanya,,,,,4629.0,,"Catla (Catla catla), Rohu (Labeo rohita)",9:1,,,100.0,,,,,,,,,4629,,4629.0,,0.0,,,,,,1,"Sun dry the pond bottom, clean the sludge and add bleach",,,,,,,,,,12/28/2023 07:08
ara2_09faa72c,Eluru,11/02/2023,No,Treatment,Stocking,Sanjay,,,,,6019.0,,"Rohu (Labeo rohita), Catla (Catla catla)",9:1,,,60.0,,,,,,,,,6019,,6019.0,,0.0,,,,,,No,,,,,,,,,,,12/15/2023 11:41
ara2_84b6fb93,Eluru,10/25/2023,No,Treatment,Partial stocking,Sai,,,,,1884.0,,"Rohu (Labeo rohita), Catla (Catla catla)",9:1,,,300.0,,,,,,,,,1884,,1884.0,,0.0,,,,,,No,,,,,,,,,,,12/15/2023 11:41
ara2_03d81c1d,Eluru,10/21/2023,No,Treatment,Stocking,Sai,,,,,9975.0,,"Rohu (Labeo rohita), Catla (Catla catla)",9:1,,,150.0,,,,,,,,,9975,,9975.0,,0.0,,,,,,0,,,,,,,,,,,12/15/2023 11:41
ara2_a1c0497f,Eluru,10/21/2023,Yes,Treatment,Stocking,Nagaraju P.,,,,,19853.0,,"Catla (Catla catla), Rohu (Labeo rohita)",9:1,,,25.0,,,,,,,,,19853,,19853.0,,0.0,,,,,,,,,,,,,,,,,12/15/2023 11:37
ara2_4149d54a,Eluru,10/20/2023,Yes,Treatment,Stocking,Chaitanya,,,,,2592.0,,"Catla (Catla catla), Rohu (Labeo rohita)",9:1,,,,,,,,,,,,2592,,2592.0,,0.0,,,,,,0,,,,,,,,,,,03/21/2024 07:49
ara2_3587929e,Nellore,10/19/2023,No,Treatment,Harvest,Chandu,,,,,0.0,,"Rohu (Labeo rohita), Catla (Catla catla), Roopchand",9:1,,,900.0,,,,,,,,,,,,,,,,,,,,,Planned harvest,2700,,0,0.0,No,,,,12/15/2023 11:41
ara2_eb39bc48,Eluru,10/18/2023,No,Treatment,Harvest,Sanjay,,,,,5555.0,,"Rohu (Labeo rohita), Catla (Catla catla)",9:1,,,500.0,,,,,,,,,,,,,,,,,,,,,Planned harvest,13000,,,,No,,,,12/15/2023 11:41
ara2_a90d90d1,Eluru,10/16/2023,Yes,Treatment,Stocking,Chaitanya,,,,,6247.0,0.0,"Catla (Catla catla), Rohu (Labeo rohita)",9:1,,,20.0,,,,,,,,,6247,,6247.0,,0.0,,,,,,0,,,,,,,,,,,01/11/2024 04:13
ara2_0f143c64,Eluru,10/15/2023,Yes,Treatment,Stocking,Chaitanya,,,,,3012.0,0.0,"Catla (Catla catla), Rohu (Labeo rohita)",9:1,,,50.0,,,,,,,,,3012,,3012.0,,0.0,,,,,,0,,,,,,,,,,,03/21/2024 07:04
ara2_2ae80458,Eluru,10/10/2023,Yes,Treatment,Stocking,Sanjay,,,,,7660.0,,"Catla (Catla catla), Rohu (Labeo rohita)",9:1,,,25.0,,,,,,,,,7660,,7660.0,,0.0,,,,,,,,,,,,,,,,,12/15/2023 11:37
ara2_78cbfd0d,Nellore,10/09/2023,No,Treatment,Harvest,Chaitanya,,,,,0.0,,Roopchand,10,,,1000.0,,,,,,,,,,,,,,,,,,,,,Planned harvest,2500,,0,,1,"Sun dry the pond bottom, clean the sludge and add bleach",,,12/28/2023 07:02
ara2_09faa72c,Eluru,10/08/2023,No,Treatment,Harvest,Sanjay,,,,,,,"Rohu (Labeo rohita), Catla (Catla catla), Roopchand",9:1,,,500.0,,,,,,,,,,,,,,,,,,,,,Planned harvest,30000,,0,,No,,,,12/15/2023 11:41
ara2_054e57af,Eluru,10/07/2023,No,Assessment,Stocking,Sai,,,,,3882.0,,"Rohu (Labeo rohita), Catla (Catla catla)",9:1,,,300.0,,,,,,,,,3882,,3882.0,,0.0,,,,,,0,,,,,,,,,,,12/15/2023 11:41
ara2_6bbd0878,Nellore,10/04/2023,No,Treatment,Harvest,Chandu,,,,,0.0,,"Rohu (Labeo rohita), Catla (Catla catla)",9:1,,,925.0,,,,,,,,,,,,,,,,,,,,,Planned harvest,3700,,0,0.0,No,,,,12/15/2023 11:41
ara2_a7352243,Eluru,10/03/2023,Yes,Treatment,Stocking,Chaitanya,,,,,11765.0,0.0,"Catla (Catla catla), Rohu (Labeo rohita)",9:1,,,,,,,,,,,,11765,,11765.0,,0.0,,,,,,0,,,,,,,,,,,03/22/2024 05:07
ara2_99d6094f,Eluru,10/03/2023,Yes,Treatment,Stocking,Chaitanya,,,,,85714.0,,"Catla (Catla catla), Rohu (Labeo rohita)",9:1,,,5.0,,,,,,,,,85714,,85714.0,,0.0,,,,,,0,,,,,,,,,,,12/18/2023 04:54
ara2_20b9b3b1,Eluru,10/03/2023,Yes,Treatment,Stocking,Chaitanya,,,,,100000.0,,"Catla (Catla catla), Rohu (Labeo rohita)",9:1,,,5.0,,,,,,,,,100000,,100000.0,,0.0,,,,,,0,,,,,,,,,,,12/18/2023 04:48
ara2_01463d19,Eluru,09/30/2023,No,Treatment,Stocking,Sai,,,,,15000.0,,Roopchand,10,,,50.0,,,,,,,,,,,15000.0,,,,,,,,No,,,,,,,,,,,12/15/2023 11:41
ara2_03d81c1d,Eluru,09/26/2023,No,Treatment,Harvest,Sai,,,,,,,"Rohu (Labeo rohita), Catla (Catla catla)",9:1,,,950.0,,,,,,,,,,,,,,,,,,,,,Planned harvest,26000,,,,No,,,,12/15/2023 11:41
ara2_7f72325e,Eluru,09/26/2023,Yes,Treatment,Stocking,Sai,,,,,10000.0,,"Catla (Catla catla), Rohu (Labeo rohita)",9:1,,,,,,,,,,,,10000,,,,,,,,,,,,,,,,,,,,,12/15/2023 11:37
ara2_469c3f4d,Eluru,09/25/2023,No,Treatment,Stocking,Sai,,,,,8852.0,,"Rohu (Labeo rohita), Catla (Catla catla)",9:1,,,520.0,,,,,,,,,8852,,8852.0,,0.0,,,,,,No,,,,,,,,,,,12/15/2023 11:41
ara2_cdd141ba,Eluru,09/25/2023,Yes,Treatment,Stocking,Sanjay,,,,,6915.0,,"Catla (Catla catla), Rohu (Labeo rohita)",9:1,,,40.0,,,,,,,,,6915,,6915.0,,0.0,,,,,,,,,,,,,,,,,12/15/2023 11:37
ara2_aeaba081,Eluru,09/22/2023,No,Treatment,Stocking,Sanjay,,,,,4545.0,,"Rohu (Labeo rohita), Catla (Catla catla)",9:1,,,60.0,,,,,,,,,4545,,4545.0,,0.0,,,,,,No,,,,,,,,,,,12/15/2023 11:41
ara2_054e57af,Eluru,09/22/2023,No,Assessment,Harvest,Sai,,,,,0.0,,"Rohu (Labeo rohita), Catla (Catla catla)",9:1,,,1020.0,,,,,,,,,,,,,,,,,,,,,Planned harvest,40000,,,,No,,,,12/15/2023 11:41
ara2_70271685,Eluru,09/20/2023,Yes,Treatment,Stocking,Chaitanya,,,,,5803.0,0.0,"Catla (Catla catla), Rohu (Labeo rohita)",9:1,,,50.0,,,,,,,,,5803,,5803.0,,0.0,,,,,,0,,,,,,,,,,,01/05/2024 04:37
ara2_00373712,Eluru,09/20/2023,Yes,Treatment,Stocking,Nagaraju P.,,,,,8750.0,,"Catla (Catla catla), Rohu (Labeo rohita)",9:1,,,,,,,,,,,,8750,,,,,,,,,,,,,,,,,,,,,12/15/2023 11:37
ara2_7d060b2c,Eluru,09/14/2023,Yes,Treatment,Stocking,Chaitanya,,,,,1818.0,,"Catla (Catla catla), Rohu (Labeo rohita)",9:1,,,,,,,,,,,,1818,,1818.0,,0.0,,,,,,0,,,,,,,,,,,03/05/2024 12:02
ara2_d52ddb31,Eluru,09/12/2023,Yes,Treatment,Stocking,Chaitanya,,,,,1381.0,0.0,"Catla (Catla catla), Rohu (Labeo rohita)",9:1,,,,,,,,,,,,1381,,1381.0,,0.0,,,,,,0,,,,,,,,,,,06/15/2024 14:37
ara2_98d96403,Nellore,09/10/2023,No,Treatment,Stocking,Chandu,,,,,3333.0,,Roopchand,10,,,100.0,,,,,,,,,3333,,3333.0,,0.0,,,,,,Yes,Sundried the pond bottom and added agriculture lime and bleaching powder,,,,,,,,,,12/15/2023 11:41
ara2_0d53cd07,Nellore,09/10/2023,No,Treatment,Stocking,Chandu,,,,,4091.0,,Roopchand,10,,,100.0,,,,,,,,,4091,,4091.0,,0.0,,,,,,Yes,Sundried the pond bottom and added agriculture lime and bleaching powder,,,,,,,,,,12/15/2023 11:41
ara2_84b6fb93,Eluru,09/10/2023,No,Treatment,Partial harvest,Sai,,,,,22000.0,,"Rohu (Labeo rohita), Catla (Catla catla)",9:1,,,650.0,,,,,,,,,,,,,,,,,,,,,Planned harvest,15000,,20000,,No,,,,12/15/2023 11:41
ara2_6ea8e528,Nellore,09/09/2023,No,Treatment,Stocking,Chandu,,,,,2000.0,,"Rohu (Labeo rohita), Catla (Catla catla)",9:1,,,250.0,,,,,,,,,2000,,2000.0,,0.0,,,,,,Yes,Sundried and ploughed the pond bottom and added agriculture lime and bleaching powder,,,,,,,,,,12/15/2023 11:41
ara2_3f9ee6c3,Nellore,09/04/2023,No,Treatment,Stocking,Chandu,,,,,3429.0,,Roopchand,10,,,250.0,,,,,,,,,3429,,3429.0,,0.0,,,,,,Yes,Sundried the pond bottom and added agriculture lime and bleaching powder,,,,,,,,,,12/15/2023 11:41
ara2_88abf248,Nellore,09/03/2023,Yes,Treatment,Stocking,Chaitanya,,,,,3000.0,,"Catla (Catla catla), Rohu (Labeo rohita), Roopchand",7:3,,,900.0,,,,,,,,,3000,,,,,,,,,,,,,,,,,,,,,12/15/2023 11:37
ara2_061a901a,Eluru,09/01/2023,No,Treatment,Harvest,Nikhil,,,,,0.0,,"Rohu (Labeo rohita), Catla (Catla catla)",9:1,,,1000.0,,,,,,,,,,,,,,,,,,,,,Planned harvest,90000,,0,,No,,,,12/15/2023 11:41
ara2_469c3f4d,Eluru,09/01/2023,No,Treatment,Harvest,Sai,,,,,,,"Rohu (Labeo rohita), Catla (Catla catla)",9:1,,,1020.0,,,,,,,,,,,,,,,,,,,,,Planned harvest,"51,750",,0,,No,,The harvested fishes are transferred into ara2_044398f2,,12/15/2023 11:41
ara2_044398f2,Eluru,09/01/2023,No,Treatment,Stocking,Sai,,,,,4300.0,,"Rohu (Labeo rohita), Catla (Catla catla)",9:1,,,250.0,,,,,,,,,4300,,4300.0,,0.0,,,,,,No,,,,,,,,,He shifted the Fishes from ara2_469c3f4d to ara2_044398f2,,12/15/2023 11:41
ara2_933dba73,Nellore,09/01/2023,No,Treatment,Stocking,Chandu,,,,,3000.0,,"Rohu (Labeo rohita), Catla (Catla catla)",9:1,,,250.0,,,,,,,,,3000,,3000.0,,0.0,,,,,,Yes,Sun dried and ploughed the pond bottom and added lime and bleach,,,,,,,,,,12/15/2023 11:41
ara2_bd12b267,Nellore,09/01/2023,No,Treatment,Stocking,Chandu,,,,,3000.0,,"Rohu (Labeo rohita), Catla (Catla catla)",9:1,,,100.0,,,,,,,,,3000,,3000.0,,0.0,,,,,,Yes,Sun dried and ploughed the pond bottom and added lime and bleach,,,,,,,,,,12/15/2023 11:41
ara2_87661414,Eluru,08/31/2023,No,Treatment,Harvest,Nagaraju P.,,,,,0.0,,"Rohu (Labeo rohita), Catla (Catla catla)",9:1,,,750.0,,,,,,,,,,,,,,,,,,,,,Planned harvest,15000,,0,0.0,No,,,,12/15/2023 11:41
ara2_c5671cf4,Nellore,08/30/2023,No,Control,Harvest,Chandu,,,,,0.0,,"Rohu (Labeo rohita), Catla (Catla catla)",9:1,,,960.0,,,,,,,,,,,,,,,,,,,,,Planned harvest,24000,,0,0.0,Yes,Sun dry the pond bottom and add agriculture lime and bleaching powder,,,12/15/2023 11:41
ara2_01463d19,Eluru,08/30/2023,No,Treatment,Harvest,Sai,,,,,0.0,,Roopchand,10,,,200.0,,,,,,,,,,,,,,,,,,,,,Planned harvest,14000,,0,,No,,,,12/15/2023 11:41
ara2_17b9d7b4,Nellore,08/25/2023,No,Control,Stocking,Chandu,,,,,3429.0,,Roopchand,10,,,100.0,,,,,,,,,3429,,3429.0,,0.0,,,,,,Yes,Sundried the pond bottom and added agriculture lime and bleaching powder,,,,,,,,,,12/15/2023 11:41
ara2_07d25a85,Nellore,08/25/2023,No,Control,Stocking,Chandu,,,,,3600.0,,Roopchand,10,,,100.0,,,,,,,,,3600,,3600.0,,0.0,,,,,,Yes,Sundried the pond bottom and added agriculture lime and bleaching powder,,,,,,,,,,12/15/2023 11:41
ara2_194348f0,Eluru,08/24/2023,Yes,Treatment,Stocking,Sanjay,,,,,4467.0,,"Catla (Catla catla), Rohu (Labeo rohita)",9:1,,,50.0,,,,,,,,,4467,,4467.0,,0.0,,,,,,,,,,,,,,,,,12/15/2023 11:37
ara2_a0d5d74d,Eluru,08/22/2023,Yes,Treatment,Stocking,Sanjay,,,,,9767.0,,"Catla (Catla catla), Rohu (Labeo rohita)",9:1,,,20.0,,,,,,,,,9767,,9767.0,,0.0,,,,,,,,,,,,,,,,,12/15/2023 11:37
ara2_237abe57,Nellore,08/20/2023,No,Treatment,Stocking,Chandu,,,,,3333.0,,"Rohu (Labeo rohita), Catla (Catla catla)",9:1,,,50.0,,,,,,,,,3333,,3333.0,,0.0,,,,,,Yes,Sundried and ploughed the pond bottom and added agriculture lime and bleaching powder,,,,,,,,,,12/15/2023 11:41
ara2_93628934,Eluru,08/20/2023,No,Treatment,Harvest,Sai,,,,,0.0,,"Rohu (Labeo rohita), Catla (Catla catla)",9:1,,,300.0,,,,,,,,,,,,,,,,,,,,,Planned harvest,3300,,0,,No,,Farmer has left the Aquaculture,,12/15/2023 11:41
ara2_38a721f5,Eluru,08/20/2023,No,Treatment,Harvest,Sai,,,,,0.0,,"Rohu (Labeo rohita), Catla (Catla catla)",9:1,,,600.0,,,,,,,,,,,,,,,,,,,,,Planned harvest,9000,,0,,No,,Farmer has stopped the aquaculture,,12/15/2023 11:41
ara2_8a6b6eb2,Eluru,08/20/2023,No,Treatment,Harvest,Sai,,,,,0.0,,"Rohu (Labeo rohita), Catla (Catla catla)",9:1,,,100.0,,,,,,,,,,,,,,,,,,,,,Planned harvest,700,,,,No,,Farmer has left the Aquaculture,,12/15/2023 11:41
ara2_044398f2,Eluru,08/19/2023,No,Treatment,Harvest,Nikhil,,,,,0.0,,"Rohu (Labeo rohita), Catla (Catla catla)",9:1,,,1000.0,,,,,,,,,,,,,,,,,,,,,Planned harvest,58000,,0,,No,,,,12/15/2023 11:41
ara2_a6551d54,Eluru,08/18/2023,Yes,Treatment,Stocking,Sai,,,,,71429.0,,"Catla (Catla catla), Rohu (Labeo rohita)",9:1,,,10.0,,,,,,,,,71429,,71429.0,,0.0,,,,,,,,,,,,,,,,,12/15/2023 11:37
ara2_0b1b03bb,Eluru,08/15/2023,Yes,Treatment,Stocking,Praveen,,,,,4624.0,0.0,"Catla (Catla catla), Rohu (Labeo rohita)",8.8:1.2,,,,,,,,,,,,4624,,4624.0,,0.0,,,,,,0,,,,,,,,,,,09/18/2024 06:23
ara2_f5e499f4,Eluru,08/11/2023,Yes,Treatment,Stocking,Sai,,,,,11666.0,,"Catla (Catla catla), Rohu (Labeo rohita)",,,,,,,,,,,,,11666,,,,,,,,,,,,,,,,,,,,,12/15/2023 11:37
ara2_646bdcdb,Eluru,08/07/2023,Yes,Treatment,Stocking,Praveen,Verbal communication,,,Rearing,21053.0,,"Catla (Catla catla), Rohu (Labeo rohita)",8:2,,,5.0,5.0,,,,,,,,21053,100000.0,21053.0,100000.0,0.0,,,,,,0,,,,,,,,,,,09/18/2024 06:26
ara2_2a7578bb,Eluru,08/07/2023,Yes,Treatment,Stocking,Sai,,,,,2028.0,,"Catla (Catla catla), Rohu (Labeo rohita)",9:1,,,300.0,,,,,,,,,2028,,2028.0,,0.0,,,,,,0,,,,,,,,,,,12/15/2023 11:37
ara2_e74f26b3,Eluru,08/03/2023,Yes,Treatment,Stocking,Sai,,,,,2410.0,,"Catla (Catla catla), Rohu (Labeo rohita)",9:1,,,250.0,,,,,,,,,2410,,2410.0,,0.0,,,,,,,,,,,,,,,,,12/15/2023 11:37
ara2_29660d32,Eluru,08/02/2023,No,Treatment,Stocking,Nikhil,,,,,2759.0,,"Rohu (Labeo rohita), Catla (Catla catla)",9:1,,,350.0,,,,,,,,,2759,,2759.0,,0.0,,,,,,No,,,,,,,,,,,12/15/2023 11:41
ara2_f0a859d3,Eluru,08/01/2023,Yes,Assessment,Stocking,Sai,,,,,2100.0,,"Catla (Catla catla), Rohu (Labeo rohita)",9:1,,,,,,,,,,,,2100,,,,,,,,,,,,,,,,,,,,,12/15/2023 11:37
ara2_217d2764,Eluru,08/01/2023,Yes,Assessment,Stocking,Sai,,,,,2100.0,,"Catla (Catla catla), Rohu (Labeo rohita)",9:1,,,,,,,,,,,,2100,,,,,,,,,,,,,,,,,,,,,12/15/2023 11:37
ara2_6ec2f0e5,Eluru,07/28/2023,Yes,Treatment,Stocking,Sai,,,,,11707.0,,"Catla (Catla catla), Rohu (Labeo rohita)",9:1,,,25.0,,,,,,,,,11707,,11707.0,,0.0,,,,,,,,,,,,,,,,,12/15/2023 11:37
ara2_50c225c4,Nellore,07/27/2023,Yes,Treatment,Stocking,Chaitanya,,,,,3571.0,,"Catla (Catla catla), Rohu (Labeo rohita)",9:1,,,40.0,,,,,,,,,3571,,3571.0,,0.0,,,,,,,,,,,,,,,,,12/15/2023 11:37
ara2_83b11f44,Nellore,07/27/2023,Yes,Treatment,Stocking,Chaitanya,,,,,3261.0,,"Catla (Catla catla), Rohu (Labeo rohita)",9:1,,,40.0,,,,,,,,,3261,,3261.0,,0.0,,,,,,,,,,,,,,,,,12/15/2023 11:37
ara2_fc999d29,Nellore,07/27/2023,Yes,Treatment,Stocking,Chaitanya,,,,,3333.0,,"Catla (Catla catla), Rohu (Labeo rohita)",9:1,,,40.0,,,,,,,,,3333,,3333.0,,0.0,,,,,,,,,,,,,,,,,12/15/2023 11:37
ara2_d0d5f943,Nellore,07/27/2023,Yes,Treatment,Stocking,Chaitanya,,,,,3571.0,,"Catla (Catla catla), Rohu (Labeo rohita)",9:1,,,40.0,,,,,,,,,3571,,3571.0,,0.0,,,,,,,,,,,,,,,,,12/15/2023 11:37
ara2_ac267ebf,Eluru,07/25/2023,Yes,Treatment,Stocking,Sai,,,,,6875.0,,"Catla (Catla catla), Rohu (Labeo rohita)",9:1,,,,,,,,,,,,6875,,,,,,,,,,,,,,,,,,,,,12/15/2023 11:37
ara2_0d53cd07,Nellore,07/23/2023,No,Treatment,Harvest,Chandu,,,,,0.0,,"Rohu (Labeo rohita), Catla (Catla catla)",,,,833.0,,,,,,,,,,,,,,,,,,,,,Planned harvest,5000,,0,0.0,Yes,,,,12/15/2023 11:41
ara2_970ce848,Eluru,07/23/2023,Yes,Treatment,Stocking,Sai,,,,,2700.0,,"Catla (Catla catla), Rohu (Labeo rohita)",,,,,,,,,,,,,2700,,,,,,,,,,,,,,,,,,,,,12/15/2023 11:37
ara2_0b0bdb08,Nellore,07/20/2023,Yes,Treatment,Stocking,Chaitanya,,,,,2500.0,,Roopchand,,,,,,,,,,,,,2500,,,,,,,,,,,,,,,,,,,,,12/15/2023 11:37
ara2_98d96403,Nellore,07/19/2023,No,Treatment,Harvest,Chandu,,,,,0.0,,Roopchand,,,,1000.0,,,,,,,,,,,,,,,,,,,,,Planned harvest,3000,,0,0.0,No,,,,12/15/2023 11:41
ara2_78cbfd0d,Nellore,07/17/2023,No,Treatment,Partial harvest,Chandu,,,,,1000.0,,Roopchand,,,,1000.0,,,,,,,,,,,,,,,,,,,,,Planned harvest,5000,,2500,0.0,No,,,,12/15/2023 11:41
ara2_bd12b267,Nellore,07/16/2023,No,Treatment,Harvest,Chandu,,,,,0.0,,"Rohu (Labeo rohita), Catla (Catla catla)",,,,933.0,,,,,,,,,,,,,,,,,,,,,Planned harvest,7000,,0,0.0,Yes,"Sun dried the pond bottom, cleared the sludge ",,,12/15/2023 11:41
ara2_a00174c4,Nellore,07/15/2023,No,Treatment,Harvest,Chandu,,,,,0.0,,Roopchand,,,,833.0,,,,,,,,,,,,,,,,,,,,,Planned harvest,5000,,0,0.0,Yes,"Sun dry the pond bottom, add lime and bleach",,,12/15/2023 11:41
ara2_e38b9ac3,Nellore,07/15/2023,No,Treatment,Harvest,Chandu,,,,,0.0,,"Rohu (Labeo rohita), Catla (Catla catla)",,,,600.0,,,,,,,,,,,,,,,,,,,,,,2400,,0,0.0,Yes,,,,12/15/2023 11:41
ara2_8a429bf1,Nellore,07/14/2023,No,Treatment,Stocking,Chandu,,,,,3200.0,,"Rohu (Labeo rohita), Catla (Catla catla), Roopchand",,,,400.0,,,,,,,,,,,3200.0,,,,,,,,Yes,Sun dried the pond bottom and added bleach and lime,,,,,,,,"Stocked 80000 Roopchand, 10000 Rohu and 6000 Catla in a 30 acre pond",,12/15/2023 11:41
ara2_79cf3b3a,Nellore,07/12/2023,Yes,Treatment,Stocking,Chandu,,,,,3594.0,,Roopchand,10,,,40.0,,,,,,,,,3594,,3594.0,,0.0,,,,,,,,,,,,,,,,,12/15/2023 11:37
ara2_575536ca,Eluru,07/10/2023,Yes,Treatment,Stocking,Chaitanya,,,,Breed-out,3226.0,,"Catla (Catla catla), Rohu (Labeo rohita)",9:1,,,30.0,,,,,,,,,3226,,3226.0,,0.0,,,,,,0,,,,,,,,,,,06/15/2024 14:30
ara2_29660d32,Eluru,07/10/2023,No,Treatment,Harvest,Nikhil,,,,,0.0,,"Rohu (Labeo rohita), Catla (Catla catla)",9:1,,,1300.0,,,,,,,,,,,,,,,,,,,,,Planned harvest,40000,,0,,No,,,,12/15/2023 11:41
ara2_6ea8e528,Nellore,07/10/2023,No,Treatment,Harvest,Chandu,,,,,0.0,,"Rohu (Labeo rohita), Catla (Catla catla), Roopchand",,,,950.0,,,,,,,,,,,,,,,,,,,,,Planned harvest,9500,,0,0.0,Yes,,,,12/15/2023 11:41
ara2_1b6714d3,Nellore,07/10/2023,Yes,Treatment,Stocking,Chandu,,,,,2500.0,,Roopchand,,,,,,,,,,,,,2500,,,,,,,,,,,,,,,,,,,,,12/15/2023 11:37
ara2_bddfa227,Nellore,07/09/2023,No,Treatment,Stocking,Chandu,,,,,3000.0,,"Rohu (Labeo rohita), Catla (Catla catla)",,,,50.0,,,,,,,,,3000,,3000.0,,0.0,,,,,,Yes,Pond bottom cleared and dykes strengthened added lime,,,,,,,,2800 Rohu and 200 Catla,,12/15/2023 11:41
ara2_725e7f3b,Eluru,07/04/2023,No,Treatment,Stocking,Nagaraju P.,,,,,3500.0,,"Rohu (Labeo rohita), Catla (Catla catla)",,,,450.0,,,,,,,,,3500,,3500.0,,0.0,,,,,,No,,,,,,,,,,,12/15/2023 11:41
ara2_eb39bc48,Eluru,07/04/2023,No,Treatment,Stocking,Nikhil,,,,,5000.0,,"Rohu (Labeo rohita), Catla (Catla catla)",9:1,,,80.0,,,,,,,,,5000,,5000.0,,0.0,,,,,,No,,,,,,,,,,,12/15/2023 11:41
ara2_054e57af,Eluru,07/01/2023,Yes,Treatment,Stocking,Sai,,,,,1765.0,,"Catla (Catla catla), Rohu (Labeo rohita)",9:1,,,,,,,,,,,,1765,,,,,,,,,,,,,,,,,,,,,12/15/2023 11:37
ara2_d53b776c,Eluru,06/30/2023,No,Treatment,Harvest,Jennifer Kirsch,,,,,0.0,,"Rohu (Labeo rohita), Catla (Catla catla)",1:1,,,900.0,,,,,,,,,,,,,,,,,,,,,Planned harvest,13000,,0,,0,,,,12/19/2023 12:05
ara2_b8f28481,Eluru,06/18/2023,No,Treatment,Harvest,Nikhil,,,,,0.0,,"Rohu (Labeo rohita), Catla (Catla catla)",,,,800.0,,,,,,,,,,,,,,,,,,,,,Planned harvest,50000,,0,,No,,,,12/15/2023 11:41
ara2_1d54882b,Nellore,06/17/2023,Yes,Treatment,Stocking,Chandu,,,,,3214.0,,"Catla (Catla catla), Rohu (Labeo rohita), Roopchand",9:0.8:0.2,,,30.0,,,,,,,,,3214,,3214.0,,0.0,,,,,,,,,,,,,,,,,12/15/2023 11:37
ara2_9ea43968,Eluru,06/16/2023,No,Treatment,Partial harvest,Nikhil,,,,,1613.0,,"Rohu (Labeo rohita), Catla (Catla catla)",,,,950.0,,,,,,,,,,,,,,,,,,,,,Planned harvest,11000,,25000,,No,,,,12/15/2023 11:41
ara2_65a854d9,Nellore,06/15/2023,No,Treatment,Stocking,Chandu,,,,,3000.0,,"Rohu (Labeo rohita), Catla (Catla catla), Grass Carp (Ctenopharyngodon idella)",,,,70.0,,,,,,,,,3000,,3000.0,,0.0,,,,,,Yes,"Sun dried the pond bottom, ploughed and cleared the sludge",,,,,,,,,,12/15/2023 11:41
ara2_7c20400e,Eluru,06/08/2023,Yes,Treatment,Stocking,Chaitanya,,,,,11025.0,,"Catla (Catla catla), Rohu (Labeo rohita)",9:1,,,40.0,,,,,,,,,11025,,11025.0,,0.0,,,,,,0,,,,,,,,,,,12/18/2023 05:16
ara2_cf4e9f1b,Nellore,06/05/2023,No,Treatment,Stocking,Chandu,,,,,4286.0,,"Rohu (Labeo rohita), Catla (Catla catla), Grass Carp (Ctenopharyngodon idella)",9:0.8:0.2,,,70.0,,,,,,,,,4286,,4286.0,,0.0,,,,,,Yes,Sundried pond bottom and added lime,,,,,,,,,,12/15/2023 11:41
ara2_09faa72c,Eluru,06/03/2023,No,Treatment,Stocking,Nikhil,,,,,4614.0,,"Rohu (Labeo rohita), Catla (Catla catla), Roopchand",,,,,,,,,,,,,3000,,3076.0,,0.0,,,,,,No,,,,,,,,,,,12/15/2023 11:41
ara2_368849b6,Eluru,06/02/2023,No,Treatment,Stocking,Nagaraju P.,,,,,2200.0,,"Rohu (Labeo rohita), Catla (Catla catla)",,,,,,,,,,,,,2200,,2200.0,,0.0,,,,,,No,,,,,,,,,,,12/15/2023 11:41
ara2_dfe79bad,Nellore,06/02/2023,Yes,Treatment,Stocking,Chaitanya,,,,,3000.0,,"Catla (Catla catla), Rohu (Labeo rohita)",9:1,,,400.0,,,,,,,,,3000,,,,,,,,,,,,,,,,,,,,,12/15/2023 11:37
ara2_87661414,Eluru,06/01/2023,No,Treatment,Partial stocking,Nikhil,,,,,1000.0,,"Rohu (Labeo rohita), Catla (Catla catla)",,,,400.0,,,,,,,,,1000,,1000.0,,0.0,,,,,,No,,,,,,,,,,,12/15/2023 11:41
ara2_3587929e,Nellore,06/01/2023,No,Treatment,Stocking,Chaitanya,,,,,3000.0,,"Rohu (Labeo rohita), Catla (Catla catla), Roopchand",,,,,,,,,,,,,,,3000.0,,,,,,,,Yes,"Sun dried the pond bottom, added lime and removed the silt and strengthened the pond dykes",,,,,,,,,,12/15/2023 11:41
ara2_27f8f56a,Eluru,06/01/2023,Yes,Treatment,Stocking,Sai,,,,,2131.0,,"Catla (Catla catla), Rohu (Labeo rohita)",9:1,,,250.0,,,,,,,,,2131,,2131.0,,0.0,,,,,,,,,,,,,,,,,12/15/2023 11:37
ara2_f5124b92,Eluru,06/01/2023,Yes,Treatment,Stocking,Sai,,,,,2422.0,,"Catla (Catla catla), Rohu (Labeo rohita)",9:1,,,,,,,,,,,,2422,,,,,,,,,,,,,,,,,,,,,12/15/2023 11:37
ara2_e985ca4a,Eluru,06/01/2023,Yes,Treatment,Stocking,Sai,,,,,55000.0,,"Catla (Catla catla), Rohu (Labeo rohita)",9:1,,,,,,,,,,,,55000,,,,,,,,,,,,,,,,,,,,,12/15/2023 11:37
ara2_31afc592,Eluru,06/01/2023,Yes,Treatment,Stocking,Sai,,,,,2000.0,,"Catla (Catla catla), Rohu (Labeo rohita)",9:1,,,,,,,,,,,,2000,,,,,,,,,,,,,,,,,,,,,12/15/2023 11:37
ara2_626e23f2,Nellore,06/01/2023,Yes,Treatment,Stocking,Chaitanya,,,,Grow-out,,,"Catla (Catla catla), Rohu (Labeo rohita)",9:1,,,60.0,,,,,,,,,,,,,,,,,,,,,,,,,,,,,,12/15/2023 11:37
ara2_eb39bc48,Eluru,05/31/2023,No,Treatment,Harvest,Nikhil,,,,,0.0,,"Rohu (Labeo rohita), Catla (Catla catla)",,,,330.0,,,,,,,,,,,,,,,,,,,,,Planned harvest,13500,,,,,,,,12/15/2023 11:41
ara2_368849b6,Eluru,05/29/2023,No,Treatment,Harvest,Nagaraju P.,,,,,0.0,,,,,,1200.0,,,,,,,,,,,,,,,,,,,,,Planned harvest,147000,,,,No,,,,12/15/2023 11:41
ara2_d891f276,Eluru,05/29/2023,No,Treatment,Stocking,Nagaraju P.,,,,,6283.0,,"Rohu (Labeo rohita), Catla (Catla catla)",9:1,,,100.0,,,,,,,,,6283,,6283.0,,0.0,,,,,,0,,,,,,,,,,,12/15/2023 11:41
ara2_ea9c93a5,Nellore,05/28/2023,No,Treatment,Stocking,Chaitanya,,,,,2909.0,,"Rohu (Labeo rohita), Catla (Catla catla)",,,,,,,,,,,,,,,2909.0,,,,,,,,Yes,"Sun dried the pond bottom, added lime and removed sediments in the pond bottom and strengthened the dykes.",,,,,,,,Stocked 15000 Rohu and 1000 Catla in a 5.5 acre pond,,12/15/2023 11:41
ara2_725e7f3b,Eluru,05/23/2023,No,Treatment,Harvest,Nikhil,,,,,0.0,,"Rohu (Labeo rohita), Catla (Catla catla)",,,,1400.0,,,,,,,,,,,,,,,,,,,,,Planned harvest,80000,,0,,No,,,,12/15/2023 11:41
ara2_09faa72c,Eluru,05/22/2023,No,Treatment,Partial harvest,Nagaraju P.,,,,,1538.0,,"Rohu (Labeo rohita), Catla (Catla catla)",,,,350.0,,,,,,,,,,,,,,,,,,,,,Planned harvest,18000,,,,No,,,,12/15/2023 11:41
ara2_65a854d9,Nellore,05/21/2023,No,Treatment,Harvest,Chandu,,,,,,,"Rohu (Labeo rohita), Catla (Catla catla)",,,,770.0,,,,,,,,,,,,,,,,,,,,,Planned harvest,13000,,0,,Yes,"Sundried pond bottom, removed the sedimentation and strengthened the dykes",,,12/15/2023 11:41
ara2_e7d0223c,Nellore,05/20/2023,Yes,Treatment,Stocking,Chandu,,,,,2000.0,,Roopchand,,,,,,,,,,,,,2000,,,,,,,,,,,,,,,,,,,,,12/15/2023 11:37
ara2_bddfa227,Nellore,05/19/2023,No,Treatment,Harvest,Chaitanya,,,,,,,,,,,,,,,,,,,,,,,,,,,,,,,,Planned harvest,,,,,,,,,12/15/2023 11:41
ara2_9d4fb0a0,Nellore,05/19/2023,No,Treatment,Stocking,Chaitanya,,,,,3635.0,,"Rohu (Labeo rohita), Catla (Catla catla)",9:1,,,40.0,,,,,,,,,3635,,3635.0,,0.0,,,,,,Yes,Sun dried the pond bottom,,,,,,,,Stocked 3800 Rohu and 200 Catla in a 1.3 acre pond,,12/15/2023 11:41
ara2_cf4e9f1b,Nellore,05/18/2023,No,Treatment,Harvest,Chandu,,,,,0.0,,"Rohu (Labeo rohita), Catla (Catla catla)",,,,733.0,,,,,,,,,,,,,,,,,,,,,Planned harvest,2200,,0,0.0,Yes,Sun dried the pond bottom and added lime,,,12/15/2023 11:41
ara2_237abe57,Nellore,05/15/2023,No,Treatment,Harvest,Chaitanya,,,,,,,,,,,,,,,,,,,,,,,,,,,,,,,,Planned harvest,,,,,,,,,12/15/2023 11:41
ara2_51ffa437,Eluru,05/12/2023,No,Treatment,Stocking,Nikhil,,,,,33333.0,,"Rohu (Labeo rohita), Catla (Catla catla)",9:1,,,20.0,,,,,,,,,33333,,33333.0,,0.0,,,,,,No,,,,,,,,,,,12/15/2023 11:41
ara2_51ffa437,Eluru,05/11/2023,No,Treatment,Harvest,Nikhil,,,,,0.0,,"Rohu (Labeo rohita), Catla (Catla catla)",,,,155.0,,,,,,,,,,,,,,,,,,,,,Planned harvest,12100,,,,,,,,12/15/2023 11:41
ara2_cb372445,Eluru,05/11/2023,No,Treatment,Stocking,Nikhil,,,,,8966.0,,"Rohu (Labeo rohita), Catla (Catla catla)",9:1,,,75.0,,,,,,,,,8966,,8966.0,,0.0,,,,,,No,,,,,,,,,,,12/15/2023 11:41
ara2_46286ebb,Eluru,05/05/2023,Yes,Treatment,Stocking,Sai,,,,,2000.0,,"Catla (Catla catla), Rohu (Labeo rohita)",,,,,,,,,,,,,2000,,,,,,,,,,,,,,,,,,,,,12/15/2023 11:37
ara2_cb372445,Eluru,05/04/2023,No,Treatment,Harvest,Nikhil,,,,,0.0,,"Rohu (Labeo rohita), Catla (Catla catla)",,,,545.0,,,,,,,,,,,,,,,,,,,,,Planned harvest,36000,,,,,,,,12/15/2023 11:41
ara2_7ac87fad,Eluru,05/04/2023,No,Treatment,Stocking,Nikhil,,,,,2400.0,,"Rohu (Labeo rohita), Catla (Catla catla)",9:1,,,350.0,,,,,,,,,2400,,2400.0,,0.0,,,,,,No,,,,,,,,,,,12/15/2023 11:41
ara2_3587929e,Nellore,04/25/2023,No,Treatment,Harvest,Chaitanya,,,,,,,,,,,,,,,,,,,,,,,,,,,,,,,,Planned harvest,,,,,,,,,12/15/2023 11:41
ara2_7ac87fad,Eluru,04/24/2023,No,Treatment,Harvest,Nikhil,,,,,0.0,,,,,,2000.0,,,,,,,,,,,,,,,,,,,,,Planned harvest,157000,,,,No,,,,12/15/2023 11:41
ara2_07d25a85,Nellore,04/22/2023,No,Control,Harvest,Chaitanya,,,,,,,,,,,,,,,,,,,,,,,,,,,,,,,,Planned harvest,,,,,,,,,12/15/2023 11:41
ara2_17b9d7b4,Nellore,04/22/2023,No,Control,Harvest,Chaitanya,,,,,,,,,,,,,,,,,,,,,,,,,,,,,,,,Planned harvest,,,,,,,,,12/15/2023 11:41
ara2_cf6f1332,Eluru,04/19/2023,No,Treatment,Partial harvest,Chaitanya,,,,,2677.0,0.0,"Catla (Catla catla), Rohu (Labeo rohita)",,,,375.0,,,,,,,,,,,,,,,,,,,,,Planned harvest,15000,,,,0,,,,12/15/2023 11:41
ara2_d891f276,Eluru,04/15/2023,No,Treatment,Harvest,Nagaraju P.,,,,,0.0,,,,,,250.0,,,,,,,,,,,,,,,,,,,,,Planned harvest,25000,,,,No,,,,12/15/2023 11:41
ara2_8a429bf1,Nellore,04/14/2023,No,Treatment,Harvest,Chaitanya,,,,,,,,,,,,,,,,,,,,,,,,,,,,,,,,Planned harvest,,,,,,,,,12/15/2023 11:41
ara2_f5c44392,Eluru,04/14/2023,Yes,Treatment,Stocking,Sai,,,,,2714.0,,"Catla (Catla catla), Rohu (Labeo rohita)",9:1,,,,,,,,,,,,2714,,,,,,,,,,,,,,,,,,,,,12/15/2023 11:37
ara2_3f9ee6c3,Nellore,04/09/2023,No,Treatment,Harvest,Chaitanya,,,,,,,,,,,,,,,,,,,,,,,,,,,,,,,,Planned harvest,,,,,,,,,12/15/2023 11:41
ara2_f4e367af,Nellore,04/04/2023,Yes,Treatment,Stocking,Chandu,,,,,2666.0,,Roopchand,,,,1100.0,,,,,,,,,2666,,,,,,,,,,,,,,,,,,,,,12/15/2023 11:37
ara2_ea9c93a5,Nellore,04/01/2023,No,Treatment,Harvest,Chandu,,,,,0.0,,,,,,910.0,,,,,,,,,,,,,,,,,,,,,Planned harvest,15500,,,,Yes,"Pond drying, Lime apply",,,12/15/2023 11:41
ara2_b0a5ed5f,Eluru,03/31/2023,No,Treatment,Stocking,Nagaraju P.,,,,,2345.0,,"Rohu (Labeo rohita), Catla (Catla catla)",9:1,,,300.0,,,,,,,,,2345,,2345.0,,0.0,,,,,,0,,,,,,,,,,,12/15/2023 11:41
ara2_cf6f1332,Eluru,03/27/2023,No,Treatment,Stocking,Nikhil,,,,,3000.0,,"Rohu (Labeo rohita), Catla (Catla catla)",,,,200.0,,,,,,,,,3000,,3000.0,,0.0,,,,,,No,,,,,,,,,,,12/15/2023 11:41
ara2_09faa72c,Eluru,03/25/2023,No,Treatment,Stocking,Nagaraju P.,,,,,5400.0,,"Rohu (Labeo rohita), Catla (Catla catla)",,,,200.0,,,,,,,,,2100,,2100.0,,0.0,,,,,,No,,,,,,,,,Farmer transferred his fish from his own other pond,,12/15/2023 11:41
ara2_ff85ba57,Eluru,03/25/2023,No,Treatment,Stocking,Nikhil,,,,,2500.0,,"Rohu (Labeo rohita), Catla (Catla catla)",,,,250.0,,,,,,,,,2500,,2500.0,,0.0,,,,,,No,,,,,,,,,,,12/15/2023 11:41
ara2_061a901a,Eluru,03/24/2023,No,Treatment,Stocking,Nikhil,,,,,2676.0,0.0,"Rohu (Labeo rohita), Catla (Catla catla)",9:1,,,250.0,,,,,,,,,2676,,2676.0,,0.0,,,,,,No,,,,,,,,,,,12/15/2023 11:41
ara2_2d9db0cb,Eluru,03/22/2023,Yes,Treatment,Stocking,Sai,,,,,2600.0,,"Catla (Catla catla), Rohu (Labeo rohita)",9:1,,,,,,,,,,,,2600,,,,,,,,,,,,,,,,,,,,,12/15/2023 11:37
ara2_0d53cd07,Nellore,03/18/2023,No,Treatment,Partial harvest,Chandu,,,,,2000.0,,,,,,1000.0,,,,,,,,,,,,,,,,,,,,,Planned harvest,3000,,,,No,,,,12/15/2023 11:41
ara2_03d81c1d,Eluru,03/18/2023,No,Treatment,Partial harvest,Nagaraju P.,,,,,2200.0,,,,,,1400.0,,,,,,,,,,,,,,,,,,,,,Planned harvest,6000,,,,No,,,,12/15/2023 11:41
ara2_ff85ba57,Eluru,03/18/2023,No,Treatment,Harvest,Nikhil,,,,,0.0,,,,,,1600.0,,,,,,,,,,,,,,,,,,,,,Planned harvest,160000,,,,No,,He harvested at Rs-122.5/,,12/15/2023 11:41
ara2_7e358ea4,Nellore,03/15/2023,Yes,Treatment,Stocking,Chandu,,,,,3200.0,,"Catla (Catla catla), Rohu (Labeo rohita)",,,,850.0,,,,,,,,,3200,,,,,,,,,,,,,,,,,,,,,12/15/2023 11:37
ara2_122dd1c9,Nellore,03/15/2023,Yes,Treatment,Stocking,Chandu,,,,,3571.0,,"Catla (Catla catla), Rohu (Labeo rohita)",,,,850.0,,,,,,,,,3571,,,,,,,,,,,,,,,,,,,,,12/15/2023 11:37
ara2_061a901a,Eluru,03/14/2023,No,Treatment,Harvest,Nikhil,,,,,0.0,,,,,,1400.0,,,,,,,,,,,,,,,,,,,,,Planned harvest,120000,,,,No,,,,12/15/2023 11:41
ara2_c5671cf4,Nellore,03/14/2023,No,Control,Stocking,Nagaraju B.,,,,,4545.0,,"Rohu (Labeo rohita), Catla (Catla catla)",,,,100.0,,,,,,,,,,,4545.0,,,,,,,,Yes,"Pond drying, ploughing and applied lime. ",,,,,,,,,,12/15/2023 11:41
ara2_6c015433,Nellore,03/11/2023,No,Control,Stocking,Nagaraju B.,,,,,3600.0,,"Rohu (Labeo rohita), Catla (Catla catla), Pangasius",,,,70.0,,,,,,,,,,,3600.0,,,,,,,,Yes,Pond dryed,,,,,,,,,,12/15/2023 11:41
ara2_933dba73,Nellore,03/11/2023,No,Treatment,Harvest,Chandu,,,,,0.0,,,,,,833.0,,,,,,,,,,,,,,,,,,,,,Planned harvest,10000,,,,Yes,Pond drying ,,,12/15/2023 11:41
ara2_dedca16a,Nellore,03/11/2023,No,Treatment,Stocking,Nagaraju B.,,,,,3000.0,,"Rohu (Labeo rohita), Roopchand",,,,50.0,,,,,,,,,,,3000.0,,,,,,,,Yes,"Pond dryed, ploughing, lime applied. ",,,,,,,,,,12/15/2023 11:41
ara2_51ee6ab1,Nellore,03/05/2023,No,Treatment,Stocking,Chandu,,,,Grow-out,440.0,40000.0,"Catla (Catla catla), Grass Carp (Ctenopharyngodon idella), Whiteleg Shrimp (Litopenaeus vannamei)",9:1,,,70.0,,,,,,,,,,,440.0,,,,,40000.0,,,Yes,Pond drying,,,,,,,,,,12/15/2023 11:41
ara2_5a3d15dd,Nellore,03/04/2023,No,Treatment,Stocking,Nagaraju B.,,,,Grow-out,3462.0,,"Rohu (Labeo rohita), Roopchand",9:1,,,50.0,,,,,,,,,,,3462.0,,,,,,,,Yes,Pond drying,,,,,,,,,,12/15/2023 11:41
ara2_bf22ac2f,Nellore,03/02/2023,No,Treatment,Stocking,Nagaraju B.,,,,,2272.0,,"Rohu (Labeo rohita), Catla (Catla catla)",,,,100.0,,,,,,,,,3000,,2272.0,,15637.0,,,,,,Yes,"Pond drying, lime applied. ",,,,,,,,,,12/15/2023 11:41
ara2_9eefff29,Eluru,03/02/2023,No,Treatment,Partial harvest,Nikhil,,,,,6250.0,,,,,,600.0,,,,,,,,,,,,,,,,,,,,,Planned harvest,2000,,,,No,,He sold at Rs-107.,,12/15/2023 11:41
ara2_38a721f5,Eluru,02/28/2023,No,Treatment,Stocking,Nikhil,,,,,4000.0,,"Rohu (Labeo rohita), Catla (Catla catla)",,,,80.0,,,,,,,,,5000,,3000.0,,0.0,,,,,,No,,,,,,,,,,,12/15/2023 11:41
ara2_9d4fb0a0,Nellore,02/25/2023,No,Treatment,Harvest,Chandu,,,,,0.0,,,,,,675.0,,,,,,,,,,,,,,,,,,,,,Planned harvest,4050,,,,Yes,Pond dry,,,12/15/2023 11:41
ara2_6f5cd71e,Nellore,02/25/2023,No,Treatment,Stocking,Nagaraju B.,,,,,2300.0,35000.0,"Rohu (Labeo rohita), Whiteleg Shrimp (Litopenaeus vannamei)",,,,40.0,,,,,,,,,,,2300.0,,,,,35000.0,,,Yes,"Pond drying, lime applied, ploughing. ",,,,,,,,,,12/15/2023 11:41
ara2_87661414,Eluru,02/23/2023,No,Treatment,Harvest,Chaitanya,,,,,0.0,,,,,,1000.0,,,,,,,,,,,,,,,,,,,,,Planned harvest,40000,,,,No,,,,12/15/2023 11:41
ara2_eb39bc48,Eluru,02/21/2023,No,Treatment,Stocking,Nagaraju P.,,,,,4444.0,,"Rohu (Labeo rohita), Catla (Catla catla)",,,,80.0,,,,,,,,,5000,,4444.0,,4681.0,,,,,,No,,,,,,,,,,,12/15/2023 11:41
ara2_d53b776c,Eluru,02/21/2023,No,Treatment,Stocking,Nikhil,,,,,2500.0,,"Rohu (Labeo rohita), Catla (Catla catla)",,,,400.0,,,,,,,,,2500,,2500.0,,0.0,,,,,,No,,,,,,,,,,,12/15/2023 11:41
ara2_7f636db2,Eluru,02/20/2023,No,Treatment,Harvest,Nagaraju P.,,,,,0.0,,,,,,250.0,,,,,,,,,,,,,,,,,,,,,Planned harvest,15000,,,,No,,,,12/15/2023 11:41
ara2_38a721f5,Eluru,02/20/2023,No,Treatment,Harvest,Nikhil,,,,,1000.0,,,,,,900.0,,,,,,,,,,,,,,,,,,,,,Planned harvest,5000,,,,No,,,,12/15/2023 11:41
ara2_eb39bc48,Eluru,02/16/2023,No,Treatment,Harvest,Nagaraju P.,,,,,0.0,,,,,,300.0,,,,,,,,,,,,,,,,,,,,,Planned harvest,15000,,,,No,,,,12/15/2023 11:41
ara2_957cbe38,Eluru,02/08/2023,Yes,Treatment,Stocking,Chaitanya,,,,,2230.0,,"Catla (Catla catla), Rohu (Labeo rohita)",9:1,,,300.0,,,,,,,,,2230,,2230.0,,0.0,,,,,,0,,,,,,,,,,,12/18/2023 05:09
ara2_f33085c0,Eluru,02/06/2023,No,Treatment,Partial stocking,Nikhil,,,,,9500.0,,Roopchand,,,,30.0,,,,,,,,,3500,,3500.0,,0.0,,,,,,No,,,,,,,,,,,12/15/2023 11:41
ara2_b0a5ed5f,Eluru,02/06/2023,No,Treatment,Harvest,Nagaraju P.,,,,,0.0,,,,,,1100.0,,,,,,,,,,,,,,,,,,,,,Planned harvest,147000,,,,No,,,,12/15/2023 11:41
ara2_8a37ac9f,Nellore,02/06/2023,Yes,Treatment,Stocking,Chandu,,,,,3000.0,,"Rohu (Labeo rohita), Roopchand",,,,350.0,,,,,,,,,3000,,,,,,,,,,,,,,,,,,,,,12/15/2023 11:37
ara2_f33085c0,Eluru,02/04/2023,No,Treatment,Partial stocking,Nikhil,,,,,6000.0,,Pangasius,,,,50.0,,,,,,,,,,,6000.0,,,,,,,,No,,,,,,,,,,,12/15/2023 11:41
ara2_f33085c0,Eluru,02/01/2023,No,Treatment,Harvest,Nikhil,,,,,0.0,,,,,,1000.0,,,,,,,,,,,,,,,,,,,,,Planned harvest,17000,,,,No,,,,12/15/2023 11:41
ara2_c5671cf4,Nellore,01/28/2023,No,Control,Harvest,Chandu,,,,,0.0,,,,,,1250.0,,,,,,,,,,,,,,,,,,,,,Planned harvest,25000,,,,Yes,Pond dry,,,12/15/2023 11:41
ara2_7ed0eacc,Nellore,01/28/2023,No,Treatment,Stocking,Nagaraju B.,,,,,3000.0,,"Rohu (Labeo rohita), Catla (Catla catla), Roopchand",,,,50.0,,,,,,,,,3500,,3000.0,,375.0,,,,,,Yes,Pond Dryed ,,,,,,,,,,12/15/2023 11:41
ara2_20dd0295,Eluru,01/23/2023,No,Treatment,Stocking,Nikhil,,,,,4762.0,,"Rohu (Labeo rohita), Catla (Catla catla)",9:1,,,100.0,,,,,,,,,4762,,4762.0,,0.0,,,,,,No,,,,,,,,,,,12/15/2023 11:42
ara2_60dd3e14,Eluru,01/23/2023,No,Treatment,Stocking,Nikhil,,,,,9285.0,,"Rohu (Labeo rohita), Catla (Catla catla), Pangasius",9:1,,,20.0,,,,,,,,,9285,,9285.0,,0.0,,,,,,No,,,,,,,,,,,12/15/2023 11:41
ara2_44e030ef,Nellore,01/22/2023,No,Treatment,Stocking,Nagaraju B.,,,,,2500.0,,"Rohu (Labeo rohita), Catla (Catla catla)",9:1,,,50.0,,,,,,,,,2500,,2500.0,,0.0,,,,,,Yes,"Pond dryed, Applied Agriculture Lime. ",,,,,,,,"Rohu 6500, Catla 500 total 7000 fishes stocked in 3.5 Acre Land. ",,12/15/2023 11:42
ara2_f1a474ab,Nellore,01/20/2023,No,Treatment,Harvest,Nagaraju B.,,,,,0.0,,,,,,570.0,,,,,,,,,,,,,,,,,,,,,Planned harvest,3700,,,,Yes,Pond Dry,,,12/15/2023 11:42
ara2_d53b776c,Eluru,01/19/2023,No,Treatment,Harvest,Nikhil,,,,,0.0,,,,,,1100.0,,,,,,,,,,,,,,,,,,,,,Planned harvest,7000,,,,No,,,,12/15/2023 11:42
ara2_60dd3e14,Eluru,01/19/2023,No,Treatment,Harvest,Nikhil,,,,,0.0,,,,,,400.0,,,,,,,,,,,,,,,,,,,,,Planned harvest,2500,,,,No,,,,12/15/2023 11:42
ara2_0c7bd285,Nellore,01/19/2023,Yes,Treatment,Stocking,Chaitanya,,,,,3750.0,,Roopchand,10,,,50.0,,,,,,,,,3750,,3750.0,,0.0,,,,,,,,,,,,,,,,,12/15/2023 11:37
ara2_346e897c,Eluru,01/17/2023,Yes,Treatment,Stocking,Chaitanya,,,,,59055.0,0.0,"Catla (Catla catla), Rohu (Labeo rohita)",9:1,,,,,,,,,,,,59055,,59055.0,,0.0,,,,,,0,,,,,,,,,,,03/05/2024 06:13
ara2_dedca16a,Nellore,01/17/2023,No,Treatment,Harvest,Nagaraju B.,,,,,0.0,,,,,,600.0,,,,,,,,,,,,,,,,,,,,,Planned harvest,7500,,,,Yes,Pond Dry,,,12/15/2023 11:42
ara2_b0010581,Nellore,01/17/2023,Yes,Treatment,Stocking,Chandu,,,,,3375.0,,"Catla (Catla catla), Rohu (Labeo rohita), Roopchand",,,,,,,,,,,,,3375,,,,,,,,,,,,,,,,,,,,,12/15/2023 11:37
ara2_bf22ac2f,Nellore,01/14/2023,No,Treatment,Harvest,Nagaraju B.,,,,,0.0,,,,,,875.0,,,,,,,,,,,,,,,,,,,,,Planned harvest,70000,,,,Yes,Pond drying ,,,12/15/2023 11:42
ara2_b77a0d03,Nellore,01/13/2023,No,Treatment,Stocking,Chandu,,,,,4500.0,,"Rohu (Labeo rohita), Catla (Catla catla), Roopchand",,,,40.0,,,,,,,,,,,4500.0,,,,,,,,Yes,Pond dryed ,,,,,,,,"Roopchand 80000, Rohu 8000, Catla 2000 total 90000 fish/20 Acres.",,12/15/2023 11:42
ara2_98d96403,Nellore,01/08/2023,No,Treatment,Harvest,Chandu,,,,,0.0,,"Rohu (Labeo rohita), Catla (Catla catla), Roopchand",,,,900.0,,,,,,,,,,,,,,,,,,,,,Planned harvest,2700,,0,0.0,No,,,,12/15/2023 11:42
ara2_6608762c,Eluru,01/07/2023,Yes,Treatment,Stocking,Maneesh,,,,,5000.0,,"Catla (Catla catla), Rohu (Labeo rohita)",,,,,,,,,,,,,5000,,,,,,,,,,,,,,,,,,,,,12/15/2023 11:37
ara2_9ea43968,Eluru,01/03/2023,No,Treatment,Stocking,Nikhil,,,,,2187.0,,"Rohu (Labeo rohita), Catla (Catla catla)",,,,300.0,,,,,,,,,2200,,2187.0,,201.0,,,,,,No,,,,,,,,,,,12/15/2023 11:42
ara2_8ae86d8e,Eluru,01/02/2023,No,Treatment,Stocking,Nikhil,,,,,57692.0,,"Rohu (Labeo rohita), Catla (Catla catla)",9:1,,,50.0,,,,,,,,,57692,,57692.0,,0.0,,,,,,No,,,,,,,,,,,12/15/2023 11:42
ara2_3587929e,Nellore,12/31/2022,No,Treatment,Stocking,Chandu,,,,,2800.0,,"Rohu (Labeo rohita), Catla (Catla catla), Roopchand",,,,400.0,,,,,,,,,,,2800.0,,,,,,,,No,,,,,,,,,"Total stocked 2800 fishes per acre (Roopchand 2600, Rohu 150, Catla 50). Farmer shifted stocking from his another pond to his ARA Pond. ",,12/15/2023 11:42
ara2_9ea43968,Eluru,12/30/2022,No,Treatment,Harvest,Nagaraju P.,,,,,0.0,,,,,,1100.0,,,,,,,,,,,,,,,,,,,,,Planned harvest,37000,,,,No,,,,12/15/2023 11:42
ara2_3587929e,Nellore,12/29/2022,No,Treatment,Stocking,Nagaraju B.,,,,,2800.0,,"Rohu (Labeo rohita), Catla (Catla catla), Roopchand",,,,450.0,,,,,,,,,,,2800.0,,,,,,,,No,,,,,,,,,"Roopchandu/2500, Rohu/200 and Catla/100 total 2800 stocked. ",,12/15/2023 11:42
ara2_ee15e2a0,Nellore,12/27/2022,Yes,Assessment,Stocking,Chaitanya,,,,,3000.0,,"Catla (Catla catla), Rohu (Labeo rohita)",9:1,,,50.0,,,,,,,,,3000,,3000.0,,0.0,,,,,,1,Sun dried the pond bottom,,,,,,,,,,12/15/2023 11:37
ara2_0d53cd07,Nellore,12/26/2022,No,Treatment,Stocking,Nagaraju B.,,,,,3000.0,,Roopchand,,,,40.0,,,,,,,,,,,3000.0,,,,,,,,Yes,"Dryed, Bleaching and Agriculture lime applied. ",,,,,,,,,,12/15/2023 11:42
ara2_7ed0eacc,Nellore,12/26/2022,No,Treatment,Harvest,Nagaraju B.,,,,,0.0,,,,,,824.0,,,,,,,,,,,,,,,,,,,,,Planned harvest,3050,,0,,No,,,,12/15/2023 11:42
ara2_3587929e,Nellore,12/23/2022,No,Treatment,Harvest,Nagaraju B.,,,,,0.0,,,,,,720.0,,,,,,,,,,,,,,,,,,,,,Planned harvest,1800,,0,,No,,,,12/15/2023 11:42
ara2_6f5cd71e,Nellore,12/23/2022,No,Treatment,Harvest,Nagaraju B.,,,,,0.0,,,,,,532.0,,,,,,,,,,,,,,,,,,,,,Planned harvest,1400,,0,,Yes,Pond drying ,,,12/15/2023 11:42
ara2_7ac87fad,Eluru,12/16/2022,Yes,Treatment,Stocking,Maneesh,,,,,2100.0,,"Catla (Catla catla), Rohu (Labeo rohita)",,,,,,,,,,,,,2200,,,,,,,,,,,,,,,,,,,,,12/15/2023 11:37
ara2_9ea43968,Eluru,12/15/2022,No,Treatment,Stocking,Maneesh,,,,,1882.0,,"Rohu (Labeo rohita), Catla (Catla catla)",,,,150.0,,,,,,,,,1882,,1882.0,,0.0,,,,,,No,,,,,,,,,The farmer added fish from his own breed out pond.,,12/15/2023 11:42
ara2_6c015433,Nellore,12/15/2022,No,Control,Harvest,Chandu,,,,,0.0,,,,,,925.0,,,,,,,,,,,,,,,,,,,,,Planned harvest,18500,,0,,Yes,Pond drying,,,12/15/2023 11:42
ara2_308ec37e,Nellore,12/14/2022,No,Control,Harvest,Chandu,,,,,0.0,,,,,,625.0,,,,,,,,,,,,,,,,,,,,,Planned harvest,12500,,0,,Yes,Pond drying,,,12/15/2023 11:42
ara2_84b6fb93,Eluru,12/14/2022,Yes,Treatment,Stocking,Maneesh,,,,,2000.0,,"Catla (Catla catla), Rohu (Labeo rohita)",,,,,,,,,,,,,2000,,,,,,,,,,,,,,,,,,,,,12/15/2023 11:37
ara2_469c3f4d,Eluru,11/24/2022,No,Treatment,Stocking,Maneesh,,,,,7142.0,,"Rohu (Labeo rohita), Catla (Catla catla)",,,,40.0,,,,,,,,,7022,,7022.0,,0.0,,,,,,No,,,,,,,,,,,12/15/2023 11:42
ara2_80a7ea66,Eluru,11/22/2022,Yes,,Stocking,Maneesh,,,,,2100.0,,"Catla (Catla catla), Rohu (Labeo rohita)",,,,,,,,,,,,,2100,,,,,,,,,,,,,,,,,,,,,12/15/2023 11:37
ara2_b1d545d0,Eluru,11/16/2022,Yes,,Stocking,Maneesh,,,,,5000.0,,"Catla (Catla catla), Rohu (Labeo rohita)",,,,,,,,,,,,,5000,,,,,,,,,,,,,,,,,,,,,12/15/2023 11:37
ara2_cf4e9f1b,Nellore,11/14/2022,No,Treatment,Stocking,Chandu,,,,,3000.0,,"Rohu (Labeo rohita), Catla (Catla catla)",,,,50.0,,,,,,,,,,,3000.0,,,,,,,,Yes,Pond draied ,,,,,,,,Rohu @2800 and Catla @200 ,,12/15/2023 11:42
ara2_a2d65cb4,Eluru,11/10/2022,No,Treatment,Stocking,Maneesh,,,,,2000.0,,"Rohu (Labeo rohita), Catla (Catla catla)",,,,250.0,,,,,,,,,2000,,2000.0,,0.0,,,,,,No,,,,,,,,,the farmer stocked from his own breed out pond so the stocking cost has been inputted zero.,,12/15/2023 11:42
ara2_469c3f4d,Eluru,11/10/2022,No,Treatment,Harvest,Maneesh,,,,,120.0,,,,,,,,,,,,,,,,,,,,,,,,,,,Planned harvest,18000,,1000,,No,,,,12/15/2023 11:42
ara2_044398f2,Eluru,11/10/2022,No,Treatment,Stocking,Maneesh,,,,,2120.0,,"Rohu (Labeo rohita), Catla (Catla catla)",,,,,,,,,,,,,2000,,2000.0,,0.0,,,,,,No,,,,,,,,,The farmer stocked fish from his own breed out pond .,,12/15/2023 11:42
ara2_044398f2,Eluru,11/09/2022,No,Treatment,Harvest,Maneesh,,,,,0.0,,,,,,,,,,,,,,,,,,,,,,,,,,,Planned harvest,58000,,,,No,,,,12/15/2023 11:42
ara2_77fa9764,Eluru,11/09/2022,Yes,Treatment,Stocking,Maneesh,,,,,5183.0,,"Catla (Catla catla), Rohu (Labeo rohita)",9:1,,,50.0,,,,,,,,,5183,,5183.0,,0.0,,,,,,,,,,,,,,,,,12/15/2023 11:37
ara2_b0a5ed5f,Eluru,11/09/2022,Yes,Treatment,Stocking,Maneesh,,,,,2100.0,,"Catla (Catla catla), Rohu (Labeo rohita)",,,,,,,,,,,,,2200,,,,,,,,,,,,,,,,,,,,,12/15/2023 11:37
ara2_d891f276,Eluru,11/09/2022,Yes,Treatment,Stocking,Maneesh,,,,,5000.0,,"Catla (Catla catla), Rohu (Labeo rohita)",,,,,,,,,,,,,5500,,,,,,,,,,,,,,,,,,,,,12/15/2023 11:37
ara2_368849b6,Eluru,11/09/2022,Yes,Treatment,Stocking,Maneesh,,,,,2200.0,,"Catla (Catla catla), Rohu (Labeo rohita)",,,,,,,,,,,,,2200,,,,,,,,,,,,,,,,,,,,,12/15/2023 11:37
ara2_29660d32,Eluru,11/06/2022,No,Treatment,Stocking,Nagaraju P.,,,,,2100.0,,"Rohu (Labeo rohita), Catla (Catla catla)",,,,,,,,,,,,,2000,,2000.0,,0.0,,,,,,Yes,"Added Zinc,Cattle manure and fertilized the pond along with super .",,,,,,,,,,12/15/2023 11:42
ara2_78cbfd0d,Nellore,11/05/2022,No,Treatment,Harvest,Chandu,,,,,0.0,,,,,,650.0,,,,,,,,,,,,,,,,,,,,,Planned harvest,4500,,0,,Yes,Pond drying ,,,12/15/2023 11:42
ara2_5a3d15dd,Nellore,11/05/2022,No,Treatment,Harvest,Chandu,,,,,,0.0,,,,,,,,,,,,,,,,,,,,,,,,,,Disease outbreak,,730,,0.0,Yes,Pond drying,,,12/15/2023 11:42
ara2_b77a0d03,Nellore,11/05/2022,No,Treatment,Harvest,Chandu,,,,,0.0,,,,,,1000.0,,,,,,,,,,,,,,,,,,,,,Planned harvest,57000,0,0,0.0,Yes,Pond drying,,,12/15/2023 11:42
ara2_cd288d30,Nellore,11/03/2022,No,Treatment,Stocking,Chandu,,,,,3000.0,40000.0,"Rohu (Labeo rohita), Catla (Catla catla)",,,,50.0,,,,,,,,,,,3000.0,,,,,40000.0,,,Yes,"Pond dried, plough.",,,,,,,,,,12/15/2023 11:42
ara2_c725f135,Eluru,11/02/2022,No,Treatment,Harvest,Maneesh,,,,,0.0,,,,,,150.0,,,,,,,,,,,,,,,,,,,,,Planned harvest,4250,,,,Yes,"Sun Dry,liming",,,12/15/2023 11:42
ara2_a2d65cb4,Eluru,11/01/2022,No,Treatment,Harvest,Maneesh,,,,,100.0,,,,,,1200.0,,,,,,,,,,,,,,,,,,,,,Planned harvest,72000,,3000,,No,,,,12/15/2023 11:42
ara2_29660d32,Eluru,10/29/2022,No,Treatment,Harvest,Maneesh,,,,,100.0,,,,,,,,,,,,,,,,,,,,,,,,,,,Planned harvest,47000,,,,No,,,,12/15/2023 11:42
ara2_51ee6ab1,Nellore,10/28/2022,No,Treatment,Harvest,Chandu,,,,,0.0,,,,,,850.0,,,,,,,,,,,,,,,,,,,,,Planned harvest,4450,,0,,Yes,Pond drying,,,12/15/2023 11:42
ara2_3587929e,Nellore,10/28/2022,No,Treatment,Stocking,Chandu,,,,,2300.0,0.0,"Rohu (Labeo rohita), Catla (Catla catla), Roopchand",,,,500.0,,,,,,,,,,,2300.0,,,,,0.0,,,No,,,,,,,,,,,12/15/2023 11:42
ara2_6bbd0878,Nellore,10/23/2022,Yes,Treatment,Stocking,Nagaraju B.,,,,,2666.0,,"Catla (Catla catla), Rohu (Labeo rohita)",,,,,,,,,,,,,2666,,,,,,,,,,,,,,,,,,,,,12/15/2023 11:37
ara2_0d53cd07,Nellore,10/21/2022,No,Treatment,Harvest,Chandu,,,,,0.0,,,,,,900.0,,,,,,,,,,,,,,,,,,,,,Planned harvest,1800,,0,,Yes,Pond drying,,,12/15/2023 11:42
ara2_3587929e,Nellore,10/20/2022,No,Treatment,Harvest,Chandu,,,,,0.0,,,,,,750.0,,,,,,,,,,,,,,,,,,,,,Disease outbreak,1400,0,0,0.0,No,,,,12/15/2023 11:42
ara2_65a854d9,Nellore,10/20/2022,No,Treatment,Stocking,Chandu,,,,,2833.0,33333.0,"Rohu (Labeo rohita), Catla (Catla catla), Whiteleg Shrimp (Litopenaeus vannamei), Pangasius",,,,80.0,,,,,,,,,,,2833.0,,,,,33333.0,,,Yes,Pond dried ,,,,,,,,"Rohu @15000, Catla @1800, Grass Carp @200.
",,12/15/2023 11:42
ara2_8ed50b25,Eluru,10/19/2022,Yes,Treatment,Stocking,Maneesh,,,,,50000.0,,"Catla (Catla catla), Rohu (Labeo rohita)",,,,,,,,,,,,,5000,,,,,,,,,,,,,,,,,,,,,12/15/2023 11:37
ara2_e47a8d26,Eluru,10/18/2022,Yes,Treatment,Stocking,Maneesh,,,,,2100.0,,"Catla (Catla catla), Rohu (Labeo rohita)",,,,,,,,,,,,,2200,,,,,,,,,,,,,,,,,,,,,12/15/2023 11:37
ara2_cd998399,Eluru,10/15/2022,No,Treatment,Stocking,Maneesh,,,,,2200.0,,"Rohu (Labeo rohita), Catla (Catla catla)",,,,250.0,,,,,,,,,2200,,2200.0,,0.0,,,,,,No,,,,,,,,,The farmer stocked from his own breed out pond.,,12/15/2023 11:42
ara2_368849b6,Eluru,10/15/2022,No,Treatment,Harvest,Maneesh,,,,,0.0,,,,,,,,,,,,,,,,,,,,,,,,,,,Planned harvest,2000,,0,,No,,,,12/15/2023 11:42
ara2_725e7f3b,Eluru,10/15/2022,No,Treatment,Stocking,Maneesh,,,,,2200.0,,,,,,250.0,,,,,,,,,2080,,2080.0,,0.0,,,,,,No,,,,,,,,,,,12/15/2023 11:42
ara2_a00174c4,Nellore,10/14/2022,No,Treatment,Stocking,Nagaraju B.,,,,,2400.0,,Roopchand,,,,,,,,,,,,,,,2000.0,,,,,,,,No,,,,,,,,,"All ready 1000 fishes are left in the pond during the last harvest and now new stocking 5000 fishes are added in to the pond, total 6000 fishes now in the pond. ",,12/15/2023 11:42
ara2_87661414,Eluru,10/14/2022,No,Treatment,Stocking,Maneesh,,,,,,,"Rohu (Labeo rohita), Catla (Catla catla)",,,,2000.0,,,,,,,,,2000,,2000.0,,0.0,,,,,,No,,,,,,,,,,,12/15/2023 11:42
ara2_37556c00,Nellore,10/13/2022,No,Treatment,Harvest,Nagaraju B.,,,,,0.0,,,,,,,,,,,,,,,,,,,,,,,,,,,Planned harvest,1800,,0,,Yes,"Pond drying, ploughing, pond edges leveling",,,12/15/2023 11:42
ara2_bbfca80b,Nellore,10/13/2022,No,Treatment,Harvest,Nagaraju B.,,,,,0.0,,,,,,,,,,,,,,,,,,,,,,,,,,,Planned harvest,1200,,0,,Yes,"Pond drying, ploughing, pond edges leveling",,,12/15/2023 11:42
ara2_09faa72c,Eluru,10/13/2022,No,Treatment,Stocking,Maneesh,,,,,3800.0,,"Rohu (Labeo rohita), Catla (Catla catla)",,,,,,,,,,,,,2759,,2759.0,,0.0,,,,,,,,,,,,,,,,,12/15/2023 11:42
ara2_cf4e9f1b,Nellore,10/12/2022,No,Treatment,Harvest,Nagaraju B.,,,,,,0.0,,,,,,,,,,,,,,,,,,,,,,,,,,Planned harvest,,440,,0.0,Yes,"Pond drying, ploughing",,,12/15/2023 11:42
ara2_03d81c1d,Eluru,10/11/2022,Yes,Treatment,Stocking,Maneesh,,,,,4500.0,,"Catla (Catla catla), Rohu (Labeo rohita)",,,,,,,,,,,,,4500,,,,,,,,,,,,,,,,,,,,,12/15/2023 11:37
ara2_3ed4df8e,Eluru,10/11/2022,Yes,Treatment,Stocking,Maneesh,,,,,2200.0,,"Catla (Catla catla), Rohu (Labeo rohita)",,,,,,,,,,,,,2200,,,,,,,,,,,,,,,,,,,,,12/15/2023 11:37
ara2_725e7f3b,Eluru,10/10/2022,No,Treatment,Harvest,Maneesh,,,,,120.0,,,,,,,,,,,,,,,,,,,,,,,,,,,Planned harvest,60000,,,,No,,,,12/15/2023 11:42
ara2_cd998399,Eluru,10/10/2022,No,Treatment,Harvest,Maneesh,,,,,,,,,,,1500.0,,,,,,,,,,,,,,,,,,,,,Planned harvest,60000,,,,No,,,,12/15/2023 11:42
ara2_9305b036,Eluru,10/10/2022,No,Treatment,Harvest,Nagaraju P.,,,,,0.0,,,,,,360.0,,,,,,,,,,,,,,,,,,,,,Planned harvest,24000,,,,No,,,,12/15/2023 11:42
ara2_6ea8e528,Nellore,10/09/2022,No,Treatment,Stocking,Chandu,,,,,2857.0,0.0,"Rohu (Labeo rohita), Catla (Catla catla), Roopchand",,,,,,,,,,,,,,,2857.0,,,,,0.0,,,No,,,,,,,,,"Farmer stocked 3000 Roopchand, 6300 Rohu and 700 Catla in 3.5 acre pond",,12/15/2023 11:42
ara2_cb372445,Eluru,10/08/2022,Yes,Treatment,Stocking,Maneesh,,,,,5000.0,,"Catla (Catla catla), Rohu (Labeo rohita)",,,,,,,,,,,,,5000,,,,,,,,,,,,,,,,,,,,,12/15/2023 11:37
ara2_bddfa227,Nellore,10/08/2022,No,Treatment,Stocking,Nagaraju B.,,,,,1650.0,,"Rohu (Labeo rohita), Catla (Catla catla)",,,,,,,,,,,,,,,1650.0,,,,,,,,Yes,Pond drying ,,,,,,,,,,12/15/2023 11:42
ara2_c4feda19,Eluru,10/08/2022,No,Treatment,Stocking,Maneesh,,,,,3571.0,,"Rohu (Labeo rohita), Catla (Catla catla)",9:1,,,100.0,,,,,,,,,3571,,3571.0,,0.0,,,,,,Yes,"The farmer sun dried his pond ,followed by de silting and liming the pond.",,,,,,,,,,12/15/2023 11:42
ara2_17b9d7b4,Nellore,10/07/2022,No,Control,Stocking,Chandu,,,,,2300.0,0.0,"Rohu (Labeo rohita), Catla (Catla catla), Pangasius",,,,,,,,,,,,,3500,,2300.0,,4140.0,,,0.0,,,Yes,Sun dried the pond bottom added lime and ploughed the pond bottom,,,,,,,,"Farmer stocked 8000 Rohu, 1000 Catla and 200 Grass carp in a 4 acre pond.",,12/15/2023 11:42
ara2_07d25a85,Nellore,10/07/2022,No,Control,Stocking,Chandu,,,,,2250.0,0.0,"Rohu (Labeo rohita), Catla (Catla catla)",,,,,,,,,,,,,3500,,2250.0,,6187.0,,,0.0,,,Yes,"Sun dried the pond bottom, added lime and ploughed the pond bottom with a tractor",,,,,,,,Farmer stocked 12000 Rohu and 1500 Catla in a 6 acre pond,,12/15/2023 11:42
ara2_a00174c4,Nellore,10/07/2022,No,Treatment,Harvest,Nagaraju B.,,,,,400.0,,,,,,,,,,,,,,,,,,,,,,,,,,,Planned harvest,5000,,1000,,No,,,,12/15/2023 11:42
ara2_039a9ccb,Nellore,10/06/2022,No,Treatment,Harvest,Nagaraju B.,,,,,0.0,,,,,,,,,,,,,,,,,,,,,,,,,,,Planned harvest,1000,,0,,Yes,Drying,,,12/15/2023 11:42
ara2_6ea8e528,Nellore,10/02/2022,No,Treatment,Harvest,Chandu,,,,,0.0,,,,,,,,,,,,,,,,,,,,,,,,,,,Planned harvest,9200,0,0,0.0,No,,,,12/15/2023 11:42
ara2_09faa72c,Eluru,09/29/2022,No,Treatment,Partial harvest,Maneesh,,,,,941.0,0.0,,,,,,,,,,,,,,,,,,,,,,,,,,Planned harvest,24000,0,16000,,No,,,,12/15/2023 11:42
ara2_3f9ee6c3,Nellore,09/27/2022,No,Treatment,Stocking,Chandu,,,,,4625.0,0.0,"Rohu (Labeo rohita), Catla (Catla catla), Roopchand",,,,,,,,,,,,,,,4625.0,,,,,0.0,,,No,,,,,,,,,"Farmer stocked 10,000 Roopchand, 7000 Rohu and 1500 Catla in a 4 acre pond. As we asked about the high SD farmer said he will partial harvest Roopchand within 4 months.",,12/15/2023 11:42
ara2_7ed0eacc,Nellore,09/25/2022,No,Treatment,Stocking,Chandu,,,,,3700.0,0.0,"Rohu (Labeo rohita), Catla (Catla catla), Roopchand",,,,,,,,,,,,,,,3700.0,,,,,0.0,,,No,,,,,,,,,,,12/15/2023 11:42
ara2_01463d19,Eluru,09/23/2022,No,Treatment,Partial harvest,Maneesh,,,,,3333.0,,,,,,,,,,,,,,,,,,,,,,,,,,,Planned harvest,4000,,10000,,No,,,,12/15/2023 11:42
ara2_9305b036,Eluru,09/22/2022,No,Treatment,Harvest,Maneesh,,,,,0.0,,,,,,,,,,,,,,,,,,,,,,,,,,,Planned harvest,28000,0,0,0.0,No,,,,12/15/2023 11:42
ara2_bddfa227,Nellore,09/20/2022,No,Treatment,Harvest,Nagaraju B.,,,,,0.0,,,,,,,,,,,,,,,,,,,,,,,,,,,Planned harvest,1770,,0,,Yes,Drying ,,,12/15/2023 11:42
ara2_3f9ee6c3,Nellore,09/19/2022,No,Treatment,Harvest,Chandu,,,,,0.0,,,,,,,,,,,,,,,,,,,,,,,,,,,Planned harvest,15000,0,0,0.0,No,,,,12/15/2023 11:42
ara2_51ee6ab1,Nellore,09/17/2022,No,Treatment,Partial harvest,Chandu,,,,,2400.0,0.0,,,,,,,,,,,,,,,,,,,,,,,,,,Planned harvest,1700,0,6000,0.0,No,,,,12/15/2023 11:42
ara2_8ae86d8e,Eluru,09/16/2022,No,Treatment,Stocking,Nikhil,,,,,700.0,,"Rohu (Labeo rohita), Catla (Catla catla)",,,,,,,,,,,,,700,,700.0,,0.0,,,,,,No,,,,,,,,,,,12/15/2023 11:42
ara2_8ae86d8e,Eluru,09/16/2022,No,Treatment,Harvest,Maneesh,,,,,0.0,,,,,,,,,,,,,,,,,,,,,,,,,,,Planned harvest,140,,,,No,,Farmer usually harvest his pond and stock them in the adjacent ([pond reference removed])pond but this time due to change in culture of [pond reference removed] they sold the fish as seed to another farmer in the same area.,,12/15/2023 11:42
ara2_87661414,Eluru,09/13/2022,No,Treatment,Harvest,Maneesh,,,,,100.0,,,,,,,,,,,,,,,,,,,,,,,,,,,Planned harvest,38000,,,,No,,,,12/15/2023 11:42
ara2_93628934,Eluru,09/10/2022,No,Treatment,Stocking,Nikhil,,,,,12500.0,,"Rohu (Labeo rohita), Catla (Catla catla)",,,,5.0,,,,,,,,,13000,,12500.0,,0.0,,,,,,Yes,He dried out his pond and applied lime and fertilizers to the soil and refilled the pond with bore and canal water.,,,,,,,,,,12/15/2023 11:42
ara2_8a6b6eb2,Eluru,09/10/2022,No,Treatment,Stocking,Nikhil,,,,,8333.0,,"Rohu (Labeo rohita), Catla (Catla catla)",,,,5.0,,,,,,,,,13000,,8333.0,,0.0,,,,,,Yes,He dried out his pond and applied lime and fertilizers to the soil and refilled the pond with bore and canal water,,,,,,,,,,12/15/2023 11:42
ara2_f24623af,Eluru,09/10/2022,No,Treatment,Harvest,Maneesh,,,,,0.0,,,,,,,,,,,,,,,,,,,,,,,,,,,Planned harvest,27000,,,,No,,The farmer is stopping cycle in this pond and planning to do breed out culture in another pond which he recently leased,,12/15/2023 11:42
ara2_7ed0eacc,Nellore,09/10/2022,No,Treatment,Harvest,Chandu,,,,,0.0,,,,,,,,,,,,,,,,,,,,,,,,,,,Planned harvest,3500,0,0,0.0,No,,,,12/15/2023 11:42
ara2_64aa484e,Eluru,09/09/2022,No,Treatment,Harvest,Chaitanya,,,,,0.0,,,,,,,,,,,,,,,,,,,,,,,,,,,Planned harvest,14000,,,,No,,Farmer is stopping cycle in this pond and changing to breed out culture in another pond.,,12/15/2023 11:42
ara2_7f636db2,Eluru,09/09/2022,Yes,Treatment,Stocking,Maneesh,,,,,5500.0,,"Catla (Catla catla), Rohu (Labeo rohita)",,,,,,,,,,,,,5500,,,,,,,,,,,,,,,,,,,,,12/15/2023 11:37
ara2_1c72ee85,Eluru,09/07/2022,Yes,Treatment,Stocking,Maneesh,,,,,4000.0,,"Catla (Catla catla), Rohu (Labeo rohita)",,,,,,,,,,,,,7000,,,,,,,,,,,,,,,,,,,,,12/15/2023 11:37
ara2_eb39bc48,Eluru,09/01/2022,Yes,Treatment,Stocking,Maneesh,,,,,5555.0,,"Catla (Catla catla), Rohu (Labeo rohita)",,,,,,,,,,,,,5555,,,,,,,,,,,,,,,,,,,,,12/15/2023 11:37
ara2_65a854d9,Nellore,08/29/2022,No,Treatment,Harvest,Chandu,,,,,0.0,,,,,,,,,,,,,,,,,,,,,,,,,,,Planned harvest,16500,,0,0.0,Yes,Sun dry the pond bottom and add lime,,,12/15/2023 11:42
ara2_658ff40d,Nellore,08/28/2022,No,Treatment,Harvest,Chandu,,,,,0.0,,,,,,,,,,,,,,,,,,,,,,,,,,,Planned harvest,3600,0,0,0.0,Yes,Sun dry the pond bottom and add lime,,,12/15/2023 11:42
ara2_9eefff29,Eluru,08/28/2022,No,Treatment,Stocking,Maneesh,,,,,10050.0,,"Rohu (Labeo rohita), Catla (Catla catla)",,,,,,,,,,,,,2042,,2042.0,,0.0,,,,,,No,,,,,,,,,,,12/15/2023 11:42
ara2_0c2e7530,Nellore,08/27/2022,No,Control,Harvest,Chandu,,,,,0.0,,,,,,,,,,,,,,,,,,,,,,,,,,,Planned harvest,3300,0,0,0.0,No,,,,12/15/2023 11:42
ara2_933dba73,Nellore,08/27/2022,Yes,Treatment,Stocking,Nagaraju B.,,,,,3000.0,,"Catla (Catla catla), Rohu (Labeo rohita)",,,,,,,,,,,,,3000,,,,,,,,,,,,,,,,,,,,,12/15/2023 11:37
ara2_237abe57,Nellore,08/26/2022,No,Treatment,Stocking,Chandu,,,,,3000.0,70000.0,"Rohu (Labeo rohita), Catla (Catla catla)",,,,,,,,,,,,,,,3000.0,,,,,,,,Yes,Sun dried the pond bottom and added lime,,,,,,,,,,12/15/2023 11:42
ara2_bd12b267,Nellore,08/25/2022,No,Treatment,Stocking,Chandu,,,,,2500.0,34666.0,"Rohu (Labeo rohita), Catla (Catla catla), Whiteleg Shrimp (Litopenaeus vannamei)",,,,,,,,,,,,,3000,,2500.0,,1180.0,,,34666.0,,,Yes,Sun dried the pond bottom and added lime and bleach.,,,,,,,,"Stocked 7000 Rohu and 500 Catla, bought 80,000 shrimp and got 24,000 as bonus and stocked in 3 acre pond.",,12/15/2023 11:42
ara2_237abe57,Nellore,08/21/2022,No,Treatment,Partial stocking,Chandu,,,,,0.0,70000.0,Whiteleg Shrimp (Litopenaeus vannamei),,,,,,,,,,,,,,,,,,,,70000.0,,,Yes,Sun dried the pond bottom and add lime,,,,,,,,,,12/15/2023 11:42
ara2_9eefff29,Eluru,08/20/2022,No,Treatment,Partial stocking,Nikhil,,,,,8888.0,,"Rohu (Labeo rohita), Catla (Catla catla)",,,,,,,,,,,,,8008,,8008.0,,0.0,,,,,,No,,,,,,,,,Farmer converted his pond from grow out to breed out (CULTURE CHANGE),,12/15/2023 11:42
ara2_cd288d30,Nellore,08/20/2022,No,Treatment,Harvest,Chandu,,,,,0.0,,,,,,,,,,,,,,,,,,,,,,,,,,,Planned harvest,2450,0,0,0.0,Yes,"Sun dry pond bottom, plough and add lime",,,12/15/2023 11:42
ara2_2d4cda6c,Eluru,08/19/2022,No,Treatment,Stocking,Maneesh,,,,,35000.0,,Roopchand,,,,,,,,,,,,,35000,,35000.0,,0.0,,,,,,,,,,,,,,,The farmer changed his culture from breed out to grow out.,,12/15/2023 11:42
ara2_98d96403,Nellore,08/17/2022,No,Treatment,Stocking,Chandu,,,,,3000.0,0.0,Roopchand,,,,,,,,,,,,,3000,,3000.0,,0.0,0.0,,0.0,,,No,,,,,,,,,,,12/15/2023 11:42
ara2_0d53cd07,Nellore,08/17/2022,No,Treatment,Stocking,Chandu,,,,,3000.0,0.0,Roopchand,,,,,,,,,,,,,3000,,3000.0,,0.0,0.0,,0.0,,,No,,,,,,,,,Bought Roopchand fish from a neighboring farmer who is discontinuing his culture.,,12/15/2023 11:42
ara2_b18c32b8,Nellore,08/17/2022,No,Treatment,Harvest,Chandu,,,,,0.0,,,,,,,,,,,,,,,,,,,,,,,,,,,,850,0,0,0.0,Yes,"Sun dry the pond bottom, add lime and bleach",,,12/15/2023 11:42
ara2_9eefff29,Eluru,08/16/2022,No,Treatment,Harvest,Nikhil,,,,,80.0,,,,,,,,,,,,,,,,,,,,,,,,,,,Planned harvest,8000,,,,No,,,,12/15/2023 11:42
ara2_fe1074da,Nellore,08/15/2022,No,Treatment,Harvest,Chandu,,,,,0.0,,,,,,,,,,,,,,,,,,,,,,,,,,,Planned harvest,10500,0,0,0.0,Yes,"Sun dry pond bottom, plough and add lime, bleach",Sold 10.5 ton fish,,12/15/2023 11:42
ara2_ff85ba57,Eluru,08/10/2022,No,Treatment,Stocking,Nagaraju P.,,,,,2100.0,,"Rohu (Labeo rohita), Catla (Catla catla)",,,,,,,,,,,,,2100,,2100.0,,0.0,,,,,,No,,,,,,,,,,,12/15/2023 11:42
ara2_c725f135,Eluru,08/07/2022,Yes,Treatment,Stocking,Maneesh,,,,,5000.0,,"Catla (Catla catla), Rohu (Labeo rohita)",,,,,,,,,,,,,5000,,,,,,,,,,,,,,,,,,,,,12/15/2023 11:37
ara2_18175a05,Nellore,08/06/2022,No,Treatment,Harvest,Chandu,,,,,0.0,,,,,,,,,,,,,,,,,,,,,,,,,,,Planned harvest,9300,0,0,0.0,Yes,Sun dry pond bottom and add lime and bleach,,,12/15/2023 11:42
ara2_0d53cd07,Nellore,08/05/2022,No,Treatment,Harvest,Chandu,,,,,0.0,,,,,,,,,,,,,,,,,,,,,,,,,,,Planned harvest,2500,0,0,0.0,No,,Sold 1.5 ton big @96 and 1 ton medium @86,,12/15/2023 11:42
ara2_ff85ba57,Eluru,08/05/2022,No,Treatment,Harvest,Maneesh,,,,,100.0,,,,,,,,,,,,,,,,,,,,,,,,,,,Planned harvest,85000,,,,No,,,,12/15/2023 11:42
ara2_44e030ef,Nellore,08/04/2022,No,Treatment,Harvest,Chandu,,,,,0.0,,,,,,,,,,,,,,,,,,,,,,,,,,,Planned harvest,5500,,0,0.0,Yes,"Sun dry the pond bottom, ploughing, add lime and bleach",,,12/15/2023 11:42
ara2_5a3d15dd,Nellore,08/04/2022,No,Treatment,Stocking,Chandu,,,,,,80000.0,Whiteleg Shrimp (Litopenaeus vannamei),,,,,,,,,,,,,,,,,,,,80000.0,,,Yes,Pond dried,,,,,,,,,,12/15/2023 11:42
ara2_423f3699,Eluru,08/03/2022,No,Treatment,Harvest,Maneesh,,,,,0.0,,,,,,2000.0,,,,,,,,,,,,,,,,,,,,,Planned harvest,65000,,,,Yes,"Sundry ,Liming and constructing dieks,and installing new water pump",,,12/15/2023 11:42
ara2_f33085c0,Eluru,08/01/2022,No,Treatment,Partial stocking,Nikhil,,,,,2100.0,,Roopchand,,,,,,,,,,,,,2500,,2000.0,,0.0,,,,,,No,,,,,,,,,,,12/15/2023 11:42
ara2_039a9ccb,Nellore,07/28/2022,No,Treatment,Partial harvest,Chandu,,,,,480.0,0.0,,,,,,,,,,,,,,,,,,,,,,,,,,Planned harvest,,400,,0.0,No,,,,12/15/2023 11:42
ara2_cf4e9f1b,Nellore,07/27/2022,No,Treatment,Stocking,Chandu,,,,,0.0,150000.0,Whiteleg Shrimp (Litopenaeus vannamei),,,,,,,,,,,,,,,,,,,,150000.0,,,Yes,"Sun dried the pond bottom, ploughed the pond bottom and added organic fertilizer",,,,,,,,,,12/15/2023 11:42
ara2_ea9c93a5,Nellore,07/25/2022,No,Treatment,Stocking,Chandu,,,,,3090.0,70909.0,"Rohu (Labeo rohita), Catla (Catla catla), Whiteleg Shrimp (Litopenaeus vannamei)",,,,,,,,,,,,,,,3090.0,,,,,70909.0,,,No,,,,,,,,,,,12/15/2023 11:42
ara2_98d96403,Nellore,07/23/2022,No,Treatment,Harvest,Chandu,,,,,0.0,,,,,,,,,,,,,,,,,,,,,,,,,,,Planned harvest,5250,0,0,0.0,No,,Sold 3 ton medium @98 and 2.25 ton big @108,,12/15/2023 11:42
ara2_f33085c0,Eluru,07/15/2022,No,Treatment,Harvest,Nikhil,,,,,100.0,,,,,,,,,,,,,,,,,,,,,,,,,,,Planned harvest,23750,,1000,,No,,,,12/15/2023 11:42
ara2_a2f19fe6,Eluru,07/12/2022,No,Treatment,Stocking,Vivek,,,,,2500.0,,"Rohu (Labeo rohita), Catla (Catla catla)",,,,,,,,,,,,,2500,,2500.0,,0.0,,,,,,Yes,"Sundrying,desilting and deliming",,,,,,,,,,12/15/2023 11:42
ara2_20dd0295,Eluru,07/07/2022,No,Treatment,Harvest,Maneesh,,,,,0.0,,,,,,,,,,,,,,,,,,,,,,,,,,,Planned harvest,1800,,,,No,,The farmer transferred the fish to his own grow-out pond,,12/15/2023 11:42
ara2_7fa93b14,Nellore,07/07/2022,No,Treatment,Harvest,Chandu,,,,,,,,,,,,,,,,,,,,,,,,,,,,,,,,,,,0,,Yes,,He emptied the pond and wanted to start new culture.,,12/15/2023 11:42
ara2_d53b776c,Eluru,07/06/2022,No,Treatment,Partial harvest,Maneesh,,,,,2600.0,,,,,,,,,,,,,,,,,,,,,,,,,,,Planned harvest,6000,,,,No,,,,12/15/2023 11:42
ara2_bd12b267,Nellore,07/05/2022,No,Treatment,Harvest,Chandu,,,,,0.0,,,,,,,,,,,,,,,,,,,,,,,,,,,Disease outbreak,4500,0,0,0.0,Yes,"Sun dry the pond bottom and add bleach, lime",Red disease out break caused mortality and the farmer sold off all the fish.,,12/15/2023 11:42
ara2_c5671cf4,Nellore,07/03/2022,No,Control,Partial harvest,Chandu,,,,,,33333.0,,,,,,,,,,,,,,,,,,,,,,,,,,Planned harvest,,2000,,,No,,,,12/15/2023 11:42
ara2_039a9ccb,Nellore,06/26/2022,No,Treatment,Partial harvest,Chandu,,,,,480.0,,,,,,,,,,,,,,,,,,,,,,,,,,,Planned harvest,,104,,,No,,,,12/15/2023 11:42
ara2_237abe57,Nellore,06/21/2022,No,Treatment,Harvest,Chandu,,,,,,,,,,,,,,,,,,,,,,,,,,,,,,,,Planned harvest,1950,,0,,Yes,Sun dry the pond bottom and add lime,,,12/15/2023 11:42
ara2_8a429bf1,Nellore,06/21/2022,No,Treatment,Stocking,Chandu,,,,,3333.0,0.0,"Rohu (Labeo rohita), Catla (Catla catla), Roopchand",,,,,,,,,,,,,,,3333.0,,,,,,,,Yes,Sun dried the pond bottom and added lime,,,,,,,,,,12/15/2023 11:42
ara2_bbfca80b,Nellore,06/18/2022,No,Treatment,Partial harvest,Chandu,,,,,900.0,,,,,,,,,,,,,,,,,,,,,,,,,,,Planned harvest,1000,,900,,No,,,,12/15/2023 11:42
ara2_37556c00,Nellore,06/18/2022,No,Treatment,Partial harvest,Chandu,,,,,900.0,,,,,,,,,,,,,,,,,,,,,,,,,,,Planned harvest,1000,,900,,No,,,,12/15/2023 11:42
ara2_ea9c93a5,Nellore,06/17/2022,No,Treatment,Harvest,Chandu,,,,,0.0,,,,,,,,,,,,,,,,,,,,,,,,,,,Planned harvest,14000,,0,0.0,Yes,"Sun dry pond bottom, ploughing and add lime",Sold 12.4 tons big @116 and 700kgs medium @85,,12/15/2023 11:42
ara2_b77a0d03,Nellore,06/10/2022,No,Treatment,Partial harvest,Chandu,,,,,3700.0,,,,,,,,,,,,,,,,,,,,,,,,,,,Planned harvest,10000,,74000,,,,,,12/15/2023 11:42
ara2_65d75ab9,Eluru,06/07/2022,Yes,Treatment,Stocking,Maneesh,,,,,2000.0,,"Catla (Catla catla), Rohu (Labeo rohita)",,,,,,,,,,,,,2000,,,,,,,,,,,,,,,,,,,,,12/15/2023 11:37
ara2_a2f19fe6,Eluru,06/04/2022,No,Treatment,Harvest,Maneesh,,,,,0.0,,,,,,,,,,,,,,,,,,,,,,,,,,,Planned harvest,3300,0,0,,Yes,"pond sun Dry, de silting and adding lime. ",,,12/15/2023 11:42
ara2_bddfa227,Nellore,06/04/2022,No,Treatment,Partial harvest,Chandu,,,,,1550.0,0.0,,,,,,,,,,,,,,,,,,,,,,,,,,Planned harvest,,190,,,No,,,,12/15/2023 11:42
ara2_51ffa437,Eluru,06/01/2022,Yes,Treatment,Stocking,Maneesh,,,,,33333.0,,"Catla (Catla catla), Rohu (Labeo rohita)",9:1,,,20.0,,,,,,,,,33333,,33333.0,,0.0,,,,,,,,,,,,,,,,,12/15/2023 11:37
ara2_38a721f5,Eluru,05/31/2022,No,Treatment,Stocking,Maneesh,,,,,1846.0,,"Rohu (Labeo rohita), Catla (Catla catla)",,,,,,,,,,,,,2500,,1846.0,,0.0,,,,,,Yes,Sun dry and added lime to the pond bottom.,,,,,,,,,,12/15/2023 11:42
ara2_8a6b6eb2,Eluru,05/31/2022,No,Treatment,Harvest,Nikhil,,,,,0.0,,,,,,,,,,,,,,,,,,,,,,,,,,,Planned harvest,1750,,0,,Yes,Farmer is planning to dry his pond and thinking of applying Agriculture lime.,,,12/15/2023 11:42
ara2_93628934,Eluru,05/31/2022,No,Treatment,Harvest,Nikhil,,,,,0.0,,,,,,,,,,,,,,,,,,,,,,,,,,,Planned harvest,1250,,0,,Yes,Farmer is planning to dry his pond and thinking of applying Agriculture lime.,,,12/15/2023 11:42
ara2_3587929e,Nellore,05/27/2022,No,Treatment,Partial stocking,Chandu,,,,,2250.0,75000.0,Whiteleg Shrimp (Litopenaeus vannamei),,,,,,,,,,,,,,,,,,,,75000.0,,,No,,,,,,,,,,,12/15/2023 11:42
ara2_78cbfd0d,Nellore,05/27/2022,No,Treatment,Partial stocking,Chandu,,,,,2800.0,30000.0,Whiteleg Shrimp (Litopenaeus vannamei),,,,,,,,,,,,,,,,,,,,75000.0,,,,,,,,,,,,,,12/15/2023 11:42
ara2_01463d19,Eluru,05/20/2022,No,Treatment,Stocking,Nikhil,,,,,10000.0,,Roopchand,,,,,,,,,,,,,10000,,10000.0,,0.0,,,,,,Yes,farmer applied Agricultural lime and slacked lime,,,,,,,,the farmer changed his culture from grow out to breed out,,12/15/2023 11:42
ara2_3587929e,Nellore,05/14/2022,No,Treatment,Partial harvest,Chandu,,,,,2250.0,0.0,,,,,,,,,,,,,,,,,,,,,,,,,,Planned harvest,,100,,0.0,No,,,,12/15/2023 11:42
ara2_1144b702,Eluru,05/12/2022,Yes,Treatment,Stocking,Maneesh,,,,,2000.0,,"Catla (Catla catla), Rohu (Labeo rohita)",,,,,,,,,,,,,2000,,,,,,,,,,,,,,,,,,,,,12/15/2023 11:37
ara2_9d4fb0a0,Nellore,05/10/2022,Yes,Treatment,Stocking,Chandu,,,,,3000.0,,"Catla (Catla catla), Rohu (Labeo rohita)",,,,,,,,,,,,,3000,,,,,,,,,,,,,,,,,,,,,12/15/2023 11:37
ara2_3f9ee6c3,Nellore,05/09/2022,No,Treatment,Partial harvest,Chandu,,,,,4250.0,0.0,,,,,,,,,,,,,,,,,,,,,,,,,,Planned harvest,,300,,0.0,,,,,12/15/2023 11:42
ara2_8a429bf1,Nellore,05/06/2022,No,Treatment,Harvest,Chandu,,,,,0.0,,,,,,,,,,,,,,,,,,,,,,,,,,,Planned harvest,55000,,0,,Yes,"Sun dry the pond bottom, add lime and bleach, ploughing",,,12/15/2023 11:42
ara2_c5671cf4,Nellore,05/01/2022,No,Control,Stocking,Chandu,,,,,3333.0,66666.0,"Rohu (Labeo rohita), Catla (Catla catla), Whiteleg Shrimp (Litopenaeus vannamei)",,,,,,,,,,,,,,,3333.0,,,,,66666.0,,,Yes,Sun dry the pond the pond bottom and added lime and gypsum.,,,,,,,,,,12/15/2023 11:42
ara2_17b9d7b4,Nellore,04/30/2022,No,Control,Partial harvest,Chandu,,,,,2750.0,,,,,,,,,,,,,,,,,,,,,,,,,,,Planned harvest,4000,,11000,,No,,,,12/15/2023 11:42
ara2_ea9c93a5,Nellore,04/29/2022,No,Treatment,Partial harvest,Chandu,,,,,2700.0,0.0,,,,,,,,,,,,,,,,,,,,,,,,,,Planned harvest,,500,,0.0,No,,,,12/15/2023 11:42
ara2_cf4e9f1b,Nellore,04/25/2022,No,Treatment,Harvest,Chandu,,,,,0.0,,,,,,,,,,,,,,,,,,,,,,,,,,,Planned harvest,2000,0,0,0.0,Yes,"Sun dry the pond bottom, ploughing, add lime and bleach",,,12/15/2023 11:42
ara2_7fa93b14,Nellore,04/23/2022,No,Treatment,Partial harvest,Chandu,,,,,700.0,,,,,,,,,,,,,,,,,,,,,,,,,,,Planned harvest,2700,,,,No,,"700 Kg Big - @110 = 77000
2000 Kg Medium @85 = 170000",,12/15/2023 11:42
ara2_20dd0295,Eluru,04/21/2022,No,Treatment,Partial harvest,Maneesh,,,,,4000.0,,,,,,,,,,,,,,,,,,,,,,,,,,,Planned harvest,1450,,,,No,,"The farmer sharvested fish and sent 7000 fish to his adjacent pond and the rest he sold
 off",,12/15/2023 11:42
ara2_60dd3e14,Eluru,04/21/2022,No,Treatment,Stocking,Maneesh,,,,,3500.0,,"Rohu (Labeo rohita), Catla (Catla catla)",,,,,,,,,,,,,5000,,3500.0,,2025.0,,,,,,No,,,,,,,,,The farmer transferred fish from his own breed out pond adjacent to this pond.,,12/15/2023 11:42
ara2_039a9ccb,Nellore,04/21/2022,No,Treatment,Stocking,Chandu,,,,,480.0,80000.0,"Rohu (Labeo rohita), Catla (Catla catla), Whiteleg Shrimp (Litopenaeus vannamei), Pangasius",,,,,,,,,,,,,,,480.0,,,,,80000.0,,,Yes,"Sun dry pond bottom, strengthened dykes, ploughing, add lime and bleach.",,,,,,,,,,12/15/2023 11:42
ara2_b469062a,Eluru,04/20/2022,Yes,,Stocking,Maneesh,,,,,2200.0,,"Catla (Catla catla), Rohu (Labeo rohita)",,,,,,,,,,,,,2200,,,,,,,,,,,,,,,,,,,,,12/15/2023 11:37
ara2_18175a05,Nellore,04/18/2022,No,Treatment,Partial harvest,Chandu,,,,,1785.0,0.0,,,,,,,,,,,,,,,,,,,,,,,,,,Planned harvest,2000,,,,No,,,,12/15/2023 11:42
ara2_725e7f3b,Eluru,04/15/2022,Yes,Treatment,Stocking,Maneesh,,,,,2200.0,,"Catla (Catla catla), Rohu (Labeo rohita)",,,,,,,,,,,,,2200,,,,,,,,,,,,,,,,,,,,,12/15/2023 11:37
ara2_b77a0d03,Nellore,04/09/2022,No,Treatment,Partial harvest,Chandu,,,,,4300.0,0.0,,,,,,,,,,,,,,,,,,,,,,,,,,Planned harvest,13000,0,86000,0.0,No,,,,12/15/2023 11:42
ara2_cd998399,Eluru,04/08/2022,Yes,Treatment,Stocking,Maneesh,,,,,2200.0,,"Catla (Catla catla), Rohu (Labeo rohita)",,,,,,,,,,,,,2200,,,,,,,,,,,,,,,,,,,,,12/15/2023 11:37
ara2_ff85ba57,Eluru,04/01/2022,No,Treatment,Stocking,Maneesh,,,,,2139.0,,"Rohu (Labeo rohita), Catla (Catla catla)",,,,,,,,,,,,,2200,,2139.0,,1788.0,,,,,,No,,,,,,,,,,,12/15/2023 11:42
ara2_38a721f5,Eluru,03/31/2022,No,Treatment,Harvest,Maneesh,,,,,0.0,,,,,,,,,,,,,,,,,,,,,,,,,,,Planned harvest,180000,,0,,Yes,Sun dry the pond and adding lime to the bottom,,,12/15/2023 11:42
ara2_5a3d15dd,Nellore,03/27/2022,No,Treatment,Harvest,Chandu,,,,,0.0,,,,,,,,,,,,,,,,,,,,,,,,,,,Planned harvest,3700,,0,0.0,Yes,"Sundry the pond bottom, plough the pond and add lime",,,12/15/2023 11:42
ara2_64aa484e,Eluru,03/24/2022,No,Treatment,Stocking,Maneesh,,,,,1823.0,,"Rohu (Labeo rohita), Catla (Catla catla)",,,,,,,,,,,,,1700,,1000.0,,0.0,,,,,,No,,,,,,,,,,,12/15/2023 11:42
ara2_c5671cf4,Nellore,03/20/2022,No,Control,Harvest,Chandu,,,,,0.0,,,,,,,,,,,,,,,,,,,,,,,,,,,Planned harvest,22000,,0,,Yes,"Sun dry the pond bottom, ploughing by tractor, add lime and bleach",22000*112 = 2464000,,12/15/2023 11:42
ara2_423f3699,Eluru,03/20/2022,Yes,Treatment,Stocking,Maneesh,,,,,2000.0,,"Catla (Catla catla), Rohu (Labeo rohita)",,,,,,,,,,,,,2000,,,,,,,,,,,,,,,,,,,,,12/15/2023 11:37
ara2_98d96403,Nellore,03/15/2022,No,Treatment,Partial harvest,Chandu,,,,,3000.0,0.0,,,,,,,,,,,,,,,,,,,,,,,,,,Planned harvest,1780,,9000,,No,,,,12/15/2023 11:42
ara2_29660d32,Eluru,03/15/2022,Yes,Treatment,Stocking,Maneesh,,,,,2000.0,,"Catla (Catla catla), Rohu (Labeo rohita)",,,,,,,,,,,,,2000,,,,,,,,,,,,,,,,,,,,,12/15/2023 11:37
ara2_51ee6ab1,Nellore,03/12/2022,No,Treatment,Stocking,Chandu,,,,,3000.0,,Roopchand,,,,,,,,,,,,,,,3000.0,,,,,,,,No,,,,,,,,,1500 Rohu were left from the previous cycle and 6000 Roopchand were added in this cycle in 2.5 Acre pond.,,12/15/2023 11:42
ara2_ff85ba57,Eluru,03/10/2022,No,Treatment,Harvest,Maneesh,,,,,0.0,,,,,,,,,,,,,,,,,,,,,,,,,,,Planned harvest,110000,,,,No,,,,12/15/2023 11:42
ara2_bd12b267,Nellore,03/10/2022,Yes,Treatment,Stocking,Chandu,,,,,3000.0,43333.0,"Catla (Catla catla), Rohu (Labeo rohita)",,,,,,,,,,,,,3000,,,,,43333.0,,,,,,,,,,,,,,,,12/15/2023 11:37
ara2_87661414,Eluru,03/09/2022,Yes,Treatment,Stocking,Maneesh,,,,,2000.0,,"Catla (Catla catla), Rohu (Labeo rohita)",,,,,,,,,,,,,2000,,,,,,,,,,,,,,,,,,,,,12/15/2023 11:37
ara2_bf22ac2f,Nellore,03/07/2022,Yes,Treatment,Stocking,Chandu,,,,,3636.0,,"Catla (Catla catla), Rohu (Labeo rohita)",,,,,,,,,,,,,3636,,,,,,,,,,,,,,,,,,,,,12/15/2023 11:37
ara2_d53b776c,Eluru,03/05/2022,No,Treatment,Partial stocking,Maneesh,,,,,2063.0,,"Rohu (Labeo rohita), Catla (Catla catla)",,,,,,,,,,,,,,,1142.0,,,,,,,,No,,,,,,,,,the farmer did a partial harvest of 7000 fish and then he added 8000 fish to his pond and now the current total fish in his pond is 15000,,12/15/2023 11:42
ara2_60dd3e14,Eluru,03/05/2022,No,Treatment,Harvest,Maneesh,,,,,0.0,,,,,,,,,,,,,,,,,,,,,,,,,,,Planned harvest,2000,,,,No,,The farmere harvested his own breed out pond and stocked in his own grow out pond.,,12/15/2023 11:42
ara2_469c3f4d,Eluru,03/04/2022,No,Treatment,Harvest,Maneesh,,,,,0.0,,,,,,,,,,,,,,,,,,,,,,,,,,,Planned harvest,15000,,0,,No,,,,12/15/2023 11:42
ara2_469c3f4d,Eluru,03/04/2022,No,Treatment,Stocking,Maneesh,,,,,5000.0,,"Rohu (Labeo rohita), Catla (Catla catla)",,,,,,,,,,,,,5000,,5000.0,,0.0,,,,,,No,,,,,,,,,this is a breed out pond.,,12/15/2023 11:42
ara2_044398f2,Eluru,03/04/2022,No,Treatment,Stocking,Maneesh,,,,,2076.0,,"Rohu (Labeo rohita), Catla (Catla catla)",,,,,,,,,,,,,2000,,1923.0,,767.0,,,,,,No,,,,,,,,,The farmer stocked fish from his own breed out pond and there were 2000 fish as rejects from previous cycle.,,12/15/2023 11:42
ara2_3587929e,Nellore,03/04/2022,No,Treatment,Partial stocking,Chandu,,,,,2250.0,80000.0,Whiteleg Shrimp (Litopenaeus vannamei),,,,,,,,,,,,,,,,,,,,80000.0,,,,,,,,,,,,"2250 Fish per acre
80000 Shrimp per acre.

The 40,000 shrimp stocked in January didn`t survive, so the farmer stocked again.",,12/15/2023 11:42
ara2_65a854d9,Nellore,03/04/2022,No,Treatment,Stocking,Chandu,,,,,2666.0,36363.0,Whiteleg Shrimp (Litopenaeus vannamei),,,,,,,,,,,,,,,,,,,,36363.0,,,No,,,,,,,,,Stocked 2 lakhs shrimp in a pond of 5.5 acres,,12/15/2023 11:42
ara2_51ee6ab1,Nellore,03/02/2022,No,Treatment,Partial harvest,Chandu,,,,,600.0,,,,,,,,,,,,,,,,,,,,,,,,,,,Planned harvest,5000,,1500 (Approx 1.5 Ton),,No,,,,12/15/2023 11:42
ara2_044398f2,Eluru,03/02/2022,No,Treatment,Harvest,Maneesh,,,,,153.0,,,,,,,,,,,,,,,,,,,,,,,,,,,Planned harvest,60000,,2000,,No,,,,12/15/2023 11:42
ara2_a17f49ab,Eluru,03/02/2022,Yes,Assessment,Stocking,Maneesh,,,,,2000.0,,"Catla (Catla catla), Rohu (Labeo rohita)",,,,,,,,,,,,,2000,,,,,,,,,,,,,,,,,,,,,12/15/2023 11:37
ara2_4b2065d2,Eluru,03/02/2022,Yes,Assessment,Stocking,Maneesh,,,,,2000.0,,"Catla (Catla catla), Rohu (Labeo rohita)",,,,,,,,,,,,,2000,,,,,,,,,,,,,,,,,,,,,12/15/2023 11:37
ara2_bddfa227,Nellore,03/01/2022,No,Treatment,Stocking,Chandu,,,,,1550.0,45500.0,"Rohu (Labeo rohita), Catla (Catla catla), Whiteleg Shrimp (Litopenaeus vannamei)",,,,,,,,,,,,,,,1550.0,,,,,45500.0,,,Yes,"Sun dried the pond bottom, ploughed the pond, strengthened the dykes and added lime and bleach.",,,,,,,,"Fish 1550 per acre Rohu 1500, Catla 50
Shrimp 45500 per acre
",,12/15/2023 11:42
ara2_3f9ee6c3,Nellore,02/28/2022,Yes,Treatment,Stocking,Chandu,,,,,4250.0,75000.0,Roopchand,,,,,,,,,,,,,4250,,,,,75000.0,,,,,,,,,,,,,,,,12/15/2023 11:37
ara2_78cbfd0d,Nellore,02/27/2022,No,Treatment,Stocking,Chandu,,,,Grow-out,2800.0,60000.0,Whiteleg Shrimp (Litopenaeus vannamei),,,,,,,,,,,,,,,,,,,,60000.0,,,,,,,,,,,,"Pond 2.5 acres
Fish - 7000, 2800 per acre
Shrimp - 150000, 60000 per acre

Shrimp died after and he thus restocked shrimp in May 2022.",,12/15/2023 11:42
ara2_07d25a85,Nellore,02/25/2022,No,Control,Harvest,Chandu,,,,,0.0,,,,,,,,,,,,,,,,,,,,,,,,,,,Planned harvest,12000,,0,,Yes,Sun dry the pond bottom and add lime and bleach,12000*110 = 1320000,,12/15/2023 11:42
ara2_2d4cda6c,Eluru,02/19/2022,No,Treatment,Harvest,Maneesh,,,,,50.0,,,,,,,,,,,,,,,,,,,,,,,,,,,Planned harvest,600,,,,No,,the farmer had tilapia infestation and so he got very less produce. // there were 50 fish left over in the pond after harvest,,12/15/2023 11:42
ara2_9ea43968,Eluru,02/17/2022,No,Treatment,Stocking,Maneesh,,,,,1882.0,,"Rohu (Labeo rohita), Catla (Catla catla)",,,,,,,,,,,,,,,1764.0,,,,,,,,No,,,,,,,,,The farmer stocked 30000 fish and there were 2000 catla from previous cycle that are projected as rejects by the trader.So now the farmer have 32000 fish in total for 17 acre pond.,,12/15/2023 11:42
ara2_bddfa227,Nellore,02/15/2022,No,Treatment,Harvest,Chandu,,,,,0.0,,,,,,,,,,,,,,,,,,,,,,,,,,,Planned harvest,,350,0,0.0,Yes,"Sun dry the pond bottom, ploughing, add lime and bleach",350*230=80500 100 count shrimp,,12/15/2023 11:42
ara2_9ea43968,Eluru,02/14/2022,No,Treatment,Harvest,Maneesh,,,,,118.0,,,,,,,,,,,,,,,,,,,,,,,,,,,Planned harvest,32600,,,,No,,The farmer did full harvest but the trader rejected 2000 catla back.So now the pond has 2000 total for 17 acres.,,12/15/2023 11:42
ara2_a00174c4,Nellore,02/12/2022,No,Treatment,Stocking,Chandu,,,,,4000.0,,"Rohu (Labeo rohita), Roopchand, Pangasius",,,,,,,,,,,,,,,4000.0,,,,,,,,Yes,"Sun dry the pond bottom, ploughing with tractor, add lime and bleach.",,,,,,,,"9000 Roopchand
500 Rohu
500 Grass Carp in a 2.5 acre pond

ara2_a00174c4 is completely doing Roopchand culture and says it doesn't workout for him in Roopchand if the SD is less than 4000",,12/15/2023 11:42
ara2_9eefff29,Eluru,02/12/2022,No,Treatment,Partial stocking,Maneesh,,,,,2600.0,,"Rohu (Labeo rohita), Catla (Catla catla)",,,,,,,,,,,,,2800,,2600.0,,0.0,,,,,,No,,,,,,,,,,,12/15/2023 11:42
ara2_d53b776c,Eluru,02/12/2022,No,Treatment,Partial harvest,Maneesh,,,,,1200.0,,,,,,,,,,,,,,,,,,,,,,,,,,,Planned harvest,1162 fish/acre,,,,No,,Farmer has harvested 7 tons fish i.e 6967 fish and there is still 7000 fish remaining in his pond.The amount he received is 106 rs/kg,,12/15/2023 11:42
ara2_01463d19,Eluru,02/12/2022,No,Treatment,Harvest,Maneesh,,,,,0.0,,,,,,,,,,,,,,,,,,,,,,,,,,,,2500 fish/acre,,,,Yes,He wants to add lime and bleach the bottom and also till it.,The farmer wishes his soil to be checked as he got no growth in his pond and relative pond preparation ideas to be given to him.,,12/15/2023 11:42
ara2_d20a02d0,Eluru,02/11/2022,Yes,,Stocking,Maneesh,,,,,,,,,,,,,,,,,,,,2500,,,,,,,,,,,,,,,,,,,,,12/15/2023 11:37
ara2_64aa484e,Eluru,02/10/2022,No,Treatment,Harvest,Nikhil,,,,,823.0,,,,,,,,,,,,,,,,,,,,,,,,,,,Planned harvest,1177 fish/acre,,,,No,,,,12/15/2023 11:42
ara2_9eefff29,Eluru,02/10/2022,No,Treatment,Partial harvest,Maneesh,,,,,0.0,,,,,,,,,,,,,,,,,,,,,,,,,,,Planned harvest,3000 kg,,,,No,,,,12/15/2023 11:42
ara2_78cbfd0d,Nellore,02/08/2022,No,Treatment,Partial stocking,Chandu,,,,,2800.0,,"Rohu (Labeo rohita), Catla (Catla catla)",,,,,,,,,,,,,,,2800.0,,,,,,,,Yes,"Sun dried pond bottom and applied bleaching, agriculture lime.",,,,,,,,"Rohu 6600
Catla 400",,12/15/2023 11:42
ara2_f33085c0,Eluru,02/08/2022,Yes,Treatment,Stocking,Maneesh,,,,,2600.0,,"Catla (Catla catla), Rohu (Labeo rohita)",,,,,,,,,,,,,2600,,,,,,,,,,,,,,,,,,,,,12/15/2023 11:37
ara2_b18c32b8,Nellore,02/04/2022,No,Treatment,Stocking,Chandu,,,,,1750.0,,"Rohu (Labeo rohita), Roopchand",,,,,,,,,,,,,2500-2700,,1750.0,,1125.0,,,,,,No,,,,,,,,,,,12/15/2023 11:42
ara2_6f5cd71e,Nellore,02/02/2022,No,Treatment,Stocking,Chandu,,,,,2630.0,,"Rohu (Labeo rohita), Catla (Catla catla), Pangasius",,,,,,,,,,,,,,,2630.0,,,,,,,,No,,,,,,,,,"Rohu 2500
Catla 100
Grass Carp 30",,12/15/2023 11:42
ara2_5a3d15dd,Nellore,01/21/2022,No,Treatment,Partial harvest,Chandu,,,,,3000.0,0.0,,,,,,,,,,,,,,,,,,,,,,,,,,Planned harvest,,700 KG,,,,,,,12/15/2023 11:42
ara2_407f70f7,Nellore,01/20/2022,No,Treatment,Stocking,Chandu,,,,,2600.0,,"Rohu (Labeo rohita), Catla (Catla catla)",,,,,,,,,,,,,,,2600.0,,,,,0.0,,,No,,,,,,,,,"2450 Rohu
150 Catla",,12/15/2023 11:42
ara2_e38b9ac3,Nellore,01/20/2022,Yes,Treatment,Stocking,Chandu,,,,,4200.0,,"Catla (Catla catla), Rohu (Labeo rohita)",,,,,,,,,,,,,4200,,,,,,,,,,,,,,,,,,,,,12/15/2023 11:37
ara2_3587929e,Nellore,01/13/2022,No,Treatment,Stocking,Chandu,,,,,2250.0,40000.0,"Rohu (Labeo rohita), Catla (Catla catla), Whiteleg Shrimp (Litopenaeus vannamei)",,,,,,,,,,,,,,,2250.0,,,,,40000.0,,,No,,,,,,,,,"2200 Rohu and 50 Catla and 40000 shrimp were added in 1 acre pond. Cost incurred 14800 for fish and 12000 for shrimp.

These 40,000 shrimp did not survive. Probably died February 15.",,12/15/2023 11:42
ara2_9305b036,Eluru,01/12/2022,Yes,Treatment,Stocking,Maneesh,,,,,5300.0,,"Catla (Catla catla), Rohu (Labeo rohita)",,,,,,,,,,,,,5000,,,,,,,,,,,,,,,,,,,,,12/15/2023 11:37
ara2_407f70f7,Nellore,01/10/2022,No,Treatment,Harvest,Chandu,,,,,0.0,,,,,,,,,,,,,,,,,,,,,,,,,,,Planned harvest,2005,,,,No,,,,12/15/2023 11:42
ara2_658ff40d,Nellore,01/05/2022,Yes,Treatment,Stocking,Chandu,,,,,2000.0,,"Rohu (Labeo rohita), Roopchand",,,,,,,,,,,,,3000,,,,,,,,,,,,,,,,,,,,,12/15/2023 11:37
ara2_98d96403,Nellore,01/02/2022,No,Treatment,Stocking,Chandu,,,,,3000.0,,Roopchand,,,,,,,,,,,,,,,3000.0,,,,,,,,No,,,,,,,,,,,12/15/2023 11:42
ara2_0d53cd07,Nellore,01/02/2022,No,Treatment,Stocking,Chandu,,,,,3000.0,,Roopchand,,,,,,,,,,,,,,,3000.0,,,,,,,,No,,,,,,,,,,,12/15/2023 11:42
ara2_a2d65cb4,Eluru,01/02/2022,Yes,Treatment,Stocking,Maneesh,,,,,2000.0,,"Catla (Catla catla), Rohu (Labeo rohita)",,,,,,,,,,,,,2000,,,,,,,,,,,,,,,,,,,,,12/15/2023 11:37
ara2_b8f28481,Eluru,12/31/2021,No,Treatment,Stocking,Maneesh,,,,,2622.0,,"Rohu (Labeo rohita), Catla (Catla catla)",,,,,,,,,,,,,,,2622.0,,,,,,,,No,,,,,,,,,,,12/15/2023 11:42
ara2_dedca16a,Nellore,12/30/2021,No,Treatment,Stocking,Chandu,,,,,2500.0,,Rohu (Labeo rohita),,,,,,,,,,,,,,,2500.0,,,,,,,,No,,,,,,,,,"12500 Rohu were added in 5 acres pond. No Shrimp added yet, but will add in the future.",,12/15/2023 11:42
ara2_cd288d30,Nellore,12/30/2021,No,Treatment,Stocking,Chandu,,,,,3000.0,,Roopchand,,,,,,,,,,,,,,,3000.0,,,,,,,,No,,,,,,,,,,,12/15/2023 11:42
ara2_308ec37e,Nellore,12/30/2021,No,Control,Stocking,Chandu,,,,,3846.0,,"Rohu (Labeo rohita), Catla (Catla catla)",,,,,,,,,,,,,,,3846.0,,,,,,,,No,,,,,,,,,18000 Rohu and 2000 Catla were added in 5.2 acres pond. No shrimp added  yet but will add in the coming months.,,12/15/2023 11:42
ara2_6c015433,Nellore,12/29/2021,No,Treatment,Stocking,Chandu,,,,,3333.0,,"Rohu (Labeo rohita), Catla (Catla catla)",,,,,,,,,,,,,,,3333.0,,,,,,,,No,,,,,,,,,18000 Rohu and 2000 Catla were stocked in 6 acres pond. No shrimp yet but will add in the coming months.,,12/15/2023 11:42
ara2_44e030ef,Nellore,12/28/2021,No,Treatment,Stocking,Chandu,,,,,2285.0,,"Rohu (Labeo rohita), Roopchand",,,,,,,,,,,,,,,2285.0,,,,,0.0,,,No,,,,,,,,,3000 Roopchand and 5000 Rohu were added in 3.5 acres pond.,,12/15/2023 11:42
ara2_7fa93b14,Nellore,12/28/2021,Yes,Treatment,Stocking,Chandu,,,,,1575.0,,"Catla (Catla catla), Rohu (Labeo rohita)",,,,,,,,,,,,,1575,,,,,,,,,,,,,,,,,,,,,12/15/2023 11:37
ara2_6f5cd71e,Nellore,12/20/2021,Yes,Treatment,Stocking,Chaitanya,,,,Grow-out,2500.0,,Roopchand,,,,,,,,,,,,,2300,,,,,,,,,,,,,,,,,,,No harvest because fishes were lost in the flood in December 2021.,,12/15/2023 11:37
ara2_78cbfd0d,Nellore,12/15/2021,No,Treatment,Harvest,Chandu,,,,,,,,,,,,,,,,,,,,,,,,,,,,,,,,Planned harvest,"3000/ac, total farmer harvested 7.2tons of fish (approx. 7300 No.) of fish for whole pond. ",-,,,Yes,Sundry the pond bottom and add agriculture lime and bleaching powder,,,12/15/2023 11:42
ara2_65a854d9,Nellore,12/15/2021,No,Treatment,Stocking,Chandu,,,,,2666.0,,"Rohu (Labeo rohita), Catla (Catla catla)",,,,,,,,,,,,,,,2666.0,,,,,,,,No,,,,,,,,,"14500 Rohu and 1500  Catla. Total 16000 fish in 6 acres pond. Not added shrimp yet, will add next month.",,12/15/2023 11:42
ara2_0d53cd07,Nellore,12/15/2021,Yes,Treatment,Stocking,Chaitanya,,,,,3000.0,,Roopchand,,,,,,,,,,,,,3000,,,,,70000.0,,,,,,,,,,,,,,,,12/15/2023 11:37
ara2_98d96403,Nellore,12/15/2021,Yes,Treatment,Stocking,Chaitanya,,,,Grow-out,3000.0,,Roopchand,,,,,,,,,,,,,3000,,,,,,,,,,,,,,,,,,,There was no harvest because fishes were lost during the flood in December 2021.,,12/15/2023 11:37
ara2_cf6f1332,Eluru,12/15/2021,Yes,Treatment,Stocking,Maneesh,,,,,2300.0,,"Catla (Catla catla), Rohu (Labeo rohita)",,,,,,,,,,,,,2300,,,,,,,,,,,,,,,,,,,,,12/15/2023 11:37
ara2_44e030ef,Nellore,12/13/2021,No,Treatment,Harvest,Vivek,,,,,0.0,,,,,,,,,,,,,,,,,,,,,,,,,,,Planned harvest,"8,000 kg",-,,,No,,,,12/15/2023 11:42
ara2_a00174c4,Nellore,12/12/2021,No,Treatment,Harvest,Vivek,,,,,0.0,,,,,,,,,,,,,,,,,,,,,,,,,,,Planned harvest,"9,000 kg",-,,,Yes,"Pond drying, Liming, Ploughing & leveling",,,12/15/2023 11:42
ara2_dedca16a,Nellore,12/12/2021,No,Treatment,Harvest,Vivek,,,,,0.0,,,,,,,,,,,,,,,,,,,,,,,,,,,Planned harvest,"A total of 13tons of fish (Approx. 15,000No. of fish) are harvested. They harvested as a two day process, ""1st day 5.5 tons were harvested & 2nd day 7.5 were harvested"".",-,,,No,,,,12/15/2023 11:42
ara2_cd288d30,Nellore,12/09/2021,Yes,Treatment,Stocking,Chaitanya,,,,Grow-out,3000.0,,Roopchand,,,,,,,,,,,,,2700,,,,,,,,,,,,,,,,,,,No harvest because fishes were lost in the flood in December 2021.,,12/15/2023 11:37
ara2_bd32b7fb,Eluru,12/07/2021,No,Treatment,Stocking,Maneesh,,,,,5000.0,,Pangasius,,,,,,,,,,,,,,,5000.0,,,,,,,,Yes,"Farmer dried his pond for 2 months and then he added magnesium(2.5kg/acre) and lime (5kg/acre).
He also added cow manure ie 30kg/acre for his pond.",,,,,,,,The farmer converted his grow out pond into a breed out pond.As earlier he was facing alot of issues with his pond he tough descaling it to a breed out is a good idea .,,12/15/2023 11:42
ara2_7ed0eacc,Nellore,12/05/2021,No,Treatment,Stocking,Chandu,,,,,4000.0,,Roopchand,,,,,,,,,,,,,,,4000.0,,,,,,,,No,,,,,,,,,,,12/15/2023 11:42
ara2_e6feb688,Eluru,12/02/2021,No,Treatment,Partial stocking,Maneesh,,,,,4630.0,,"Rohu (Labeo rohita), Catla (Catla catla)",10,,,200.0,,,,,,,,,4630,,4630.0,,0.0,,,,,,No,,,,,,,,,The farmer when harvested [pond reference removed] he sold 3500 fish and remainig he stocked in [pond reference removed] his pond as they have not attained marketable size.,,12/15/2023 11:42
ara2_e6feb688,Eluru,12/02/2021,No,Treatment,Harvest,Maneesh,,,,,,,,,,,,,,,,,,,,,,,,,,,,,,,,Planned harvest,8500 kg,,,,,,,,12/15/2023 11:42
ara2_c4feda19,Eluru,12/02/2021,No,Treatment,Harvest,Maneesh,,,,,,,,,,,,,,,,,,,,,,,,,,,,,,,,Planned harvest,7000 kg,,,,,,The farmer sold only a partial of his harvest and rest he transferred to adjoining pond.,,12/15/2023 11:42
ara2_bddfa227,Nellore,11/27/2021,Yes,Treatment,Stocking,Chandu,,,,Grow-out,1550.0,75000.0,,,,,,,,,,,,,,,,,,,,,,,,,,,,,,,,,"This entry took the Data of Data Collection as the Event date which is wrong (wrongly entered on JotForm). The actual Event Date must have been before November 10, 2021.",,12/15/2023 11:37
ara2_6ea8e528,Nellore,11/24/2021,Yes,Treatment,Stocking,Chandu,,,,,2285.0,,"Catla (Catla catla), Rohu (Labeo rohita), Roopchand",,,,,,,,,,,,,2285,,,,,,,,,,,,,,,,,,,,,12/15/2023 11:37
ara2_f1a474ab,Nellore,11/21/2021,No,Treatment,Partial harvest,Vivek,,,,,3714.0,,,,,,,,,,,,,,,,,,,,,,,,,,,Planned harvest,2000,,,,,,This data has been entered from the old Expansion Data Collection Nellore sheet to Jotform on 04/13/2022.,,12/15/2023 11:42
ara2_734d27c8,Eluru,11/17/2021,Yes,Treatment,Stocking,Maneesh,,,,,2500.0,,"Catla (Catla catla), Rohu (Labeo rohita)",,,,,,,,,,,,,2500,,,,,,,,,,,,,,,,,,,,,12/15/2023 11:37
ara2_bddfa227,Nellore,11/10/2021,No,Treatment,Stocking,Chandu,,,,,1550.0,40000.0,"Rohu (Labeo rohita), Catla (Catla catla), Grass Carp (Ctenopharyngodon idella), Whiteleg Shrimp (Litopenaeus vannamei)",,,,,,,,,,,,,,,1550.0,,,,,40000.0,,,Yes,"Sun dry the pond bottom, plough and add lime and bleach.",,,,,,,,,,12/15/2023 11:42
ara2_f95d18f1,Eluru,11/10/2021,Yes,Treatment,Stocking,Maneesh,,,,,2600.0,,"Catla (Catla catla), Rohu (Labeo rohita)",,,,,,,,,,,,,2600,,,,,,,,,,,,,,,,,,,,,12/15/2023 11:37
ara2_18175a05,Nellore,11/10/2021,Yes,Treatment,Stocking,Chandu,,,,,2142.0,,"Rohu (Labeo rohita), Roopchand",,,,,,,,,,,,,2500,,,,,,,,,,,,,,,,,,,,,12/15/2023 11:37
ara2_8a429bf1,Nellore,11/10/2021,Yes,Treatment,Stocking,Chandu,,,,,2166.0,,"Catla (Catla catla), Rohu (Labeo rohita)",,,,,,,,,,,,,2166,,,,,,,,,,,,,,,,,,,,,12/15/2023 11:37
ara2_60dd3e14,Eluru,11/09/2021,Yes,Treatment,Stocking,Nikhil,,,,,8888.0,,"Catla (Catla catla), Rohu (Labeo rohita)",,,,,,,,,,,,,26666,,,,,,,,,,,,,,,,,,,,,12/15/2023 11:37
ara2_c5abf9be,Eluru,11/09/2021,Yes,Treatment,Stocking,Maneesh,,,,,2300.0,,"Catla (Catla catla), Rohu (Labeo rohita)",,,,,,,,,,,,,2300,,,,,,,,,,,,,,,,,,,,,12/15/2023 11:37
ara2_6c015433,Nellore,11/08/2021,No,Treatment,Harvest,Chandu,,,,,0.0,,,,,,,,,,,,,,,,,,,,,,,,,,,Planned harvest,14000,0,0,0.0,Yes,"Sun dry the pond bottom, add lime and bleach",,,12/15/2023 11:42
ara2_20dd0295,Eluru,11/08/2021,Yes,Treatment,Stocking,Nikhil,,,,,24000.0,,,,,,,,,,,,,,,24000,,,,,,,,,,,,,,,,,,,,,12/15/2023 11:37
ara2_308ec37e,Nellore,11/03/2021,No,Control,Harvest,Chandu,,,,,0.0,,,,,,,,,,,,,,,,,,,,,,,,,,,Planned harvest,12000,0,0,0.0,Yes,"Sun dry the pond bottom, add lime and bleach",,,12/15/2023 11:42
ara2_65a854d9,Nellore,11/02/2021,No,Treatment,Harvest,Chandu,,,,,0.0,,,,,,,,,,,,,,,,,,,,,,,,,,,Planned harvest,18000,0,0,0.0,Yes,"Sun dry the pond bottom, add lime and bleach",,,12/15/2023 11:42
ara2_0867d29c,Eluru,11/02/2021,Yes,Treatment,Stocking,Maneesh,,,,,2500.0,,"Catla (Catla catla), Rohu (Labeo rohita)",,,,,,,,,,,,,2500,,,,,,,,,,,,,,,,,,,,,12/15/2023 11:37
ara2_407f70f7,Nellore,11/01/2021,No,Treatment,Partial harvest,Vivek,,,,,,,,,,,,,,,,,,,,,,,,,,,,,,,,Planned harvest,1000,,,,,,This data has been entered from the old Expansion Data Collection Nellore sheet to Jotform on 04/13/2022,,12/15/2023 11:42
ara2_ea9c93a5,Nellore,10/30/2021,No,Treatment,Stocking,Vivek,,,,,2700.0,,"Rohu (Labeo rohita), Catla (Catla catla)",,,,,,,,,,,,,,,2700.0,,,,,,,,,,,,,,,,,This data has been entered from the old Expansion Data Collection Nellore sheet to Jotform on 04/13/2022,,12/15/2023 11:42
ara2_b77a0d03,Nellore,10/28/2021,Yes,Control,Stocking,Chandu,,,,,5100.0,,"Catla (Catla catla), Rohu (Labeo rohita), Roopchand",,,,,,,,,,,,,5100,,,,,,,,,,,,,,,,,,,,,12/15/2023 11:37
ara2_cf4e9f1b,Nellore,10/20/2021,No,Treatment,Stocking,Chandu,,,,,2400.0,,"Rohu (Labeo rohita), Catla (Catla catla)",,,,,,,,,,,,,2400,,2400.0,,0.0,,,,,,Yes,"Sun dry, ploughing, add lime",,,,,,,,2200 Rohu and 200 Catla in 1 acre pond,,12/15/2023 11:42
ara2_469c3f4d,Eluru,10/18/2021,Yes,Treatment,Stocking,Maneesh,,,,,5800.0,,"Catla (Catla catla), Rohu (Labeo rohita)",,,,,,,,,,,,,6000,,,,,,,,,,,,,,,,,,,,,12/15/2023 11:37
ara2_9eefff29,Eluru,10/17/2021,No,Treatment,Partial stocking,Maneesh,,,,,2750.0,,"Rohu (Labeo rohita), Catla (Catla catla)",,,,,,,,,,,,,3000,,750.0,,0.0,,,,,,No,,,,,,,,,,,12/15/2023 11:42
ara2_5a3d15dd,Nellore,10/15/2021,No,Treatment,Partial stocking,Chandu,,,,,3000.0,100000.0,Whiteleg Shrimp (Litopenaeus vannamei),,,,,,,,,,,,,,,,,,100000.0,,100000.0,,0.0,No,,,,,,,,,,,12/15/2023 11:42
ara2_bd32b7fb,Eluru,10/12/2021,No,Treatment,Harvest,Maneesh,,,,,0.0,,,,,,,,,,,,,,,,,,,,,,,,,,,Disease outbreak,3000 fish,,,,Yes,pond dry and liming,The fish harvested is in puted in number of fish than kgs,,12/15/2023 11:42
ara2_061a901a,Eluru,10/12/2021,Yes,Treatment,Stocking,Nikhil,,,,,2100.0,,"Catla (Catla catla), Rohu (Labeo rohita)",,,,,,,,,,,,,2100,,,,,,,,,,,,,,,,,,,,,12/15/2023 11:37
ara2_9eefff29,Eluru,10/03/2021,No,Treatment,Partial stocking,Maneesh,,,,,2000.0,,"Rohu (Labeo rohita), Catla (Catla catla)",,,,,,,,,,,,,3000,,2000.0,,0.0,,,,,,No,,,,,,,,,,,12/15/2023 11:42
ara2_d53b776c,Eluru,10/03/2021,No,Treatment,Stocking,Maneesh,,,,,2083.0,,"Rohu (Labeo rohita), Catla (Catla catla)",,,,,,,,,,,,,3000,,2083.0,,0.0,,,,,,No,,,,,,,,,,,12/15/2023 11:42
ara2_d53b776c,Eluru,09/30/2021,No,Treatment,Harvest,Maneesh,,,,,0.0,,,,,,,,,,,,,,,,,,,,,,,,,,,Planned harvest,15000 kg (13000 fish),,,,No,,,,12/15/2023 11:42
ara2_82546b56,Eluru,09/29/2021,No,Treatment,Partial stocking,Maneesh,,,,,3050.0,,"Rohu (Labeo rohita), Catla (Catla catla)",,,,,,,,,,,,,3500,,2800.0,,0.0,,,,,,No,,,,,,,,,,,12/15/2023 11:42
ara2_b8f28481,Eluru,09/28/2021,No,Treatment,Partial harvest,Maneesh,,,,,,,,,,,,,,,,,,,,,,,,,,,,,,,,Planned harvest,"5000 (3600 fish) - catla 2kg avg, rohu 1.5kg avg",,,,No,,The harvest data is given in number of fish than kgs,,12/15/2023 11:42
ara2_039a9ccb,Nellore,09/28/2021,Yes,Treatment,Stocking,,,,,,,80000.0,,,,,,,,,,,,,,2500,,,,,100000.0,,,,,,,,,,,,,,,,12/15/2023 11:37
ara2_bd32b7fb,Eluru,09/21/2021,No,Treatment,Partial harvest,Maneesh,,,,,750.0,,,,,,,,,,,,,,,,,,,,,,,,,,,Disease outbreak,13000,,,,Yes,8ft of water left,The harvest is given in number of fish than kgs,,12/15/2023 11:42
ara2_b8f28481,Eluru,09/21/2021,No,Treatment,Partial stocking,Maneesh,,,,,,1652.0,"Rohu (Labeo rohita), Catla (Catla catla)",,,,,,,,,,,,,2500,,1652.0,,0.0,,,,,,No,,,,,,,,,,,12/15/2023 11:42
ara2_9eefff29,Eluru,09/20/2021,No,Treatment,Harvest,Maneesh,,,,,,,,,,,,,,,,,,,,,,,,,,,,,,,,Planned harvest,14000 (12000 fish),,0,,No,,,,12/15/2023 11:42
ara2_ff85ba57,Eluru,09/18/2021,Yes,Treatment,Stocking,Maneesh,,,,,2000.0,,"Catla (Catla catla), Rohu (Labeo rohita)",,,,,,,,,,,,,2000,,,,,,,,,,,,,,,,,,,,,12/15/2023 11:37
ara2_ea9c93a5,Nellore,09/17/2021,No,Treatment,Harvest,Vivek,,,,,,,,,,,,,,,,,,,,,,,,,,,,,,,,Planned harvest,14000,,,,,,This data has been entered from the old Expansion Data Collection Nellore sheet to Jotform on 04/13/2022,,12/15/2023 11:42
ara2_044398f2,Eluru,09/17/2021,Yes,Treatment,Stocking,Maneesh,,,,,2000.0,,"Catla (Catla catla), Rohu (Labeo rohita)",,,,,,,,,,,,,2000,,,,,,,,,,,,,,,,,,,,,12/15/2023 11:37
ara2_cf4e9f1b,Nellore,09/12/2021,Yes,Treatment,Stocking,,,,,,2500.0,70000.0,"Catla (Catla catla), Rohu (Labeo rohita)",,,,,,,,,,,,,2700,,,,,80000.0,,,,,,,,,,,,,,,,12/15/2023 11:37
ara2_82546b56,Eluru,09/02/2021,No,Treatment,Harvest,Maneesh,,,,,250.0,,,,,,,,,,,,,,,,,,,,,,,,,,,Planned harvest,15000,,,,No,,,,12/15/2023 11:42
ara2_ea9c93a5,Nellore,08/20/2021,No,Treatment,Partial harvest,Vivek,,,,,1750.0,,,,,,,,,,,,,,,,,,,,,,,,,,,Planned harvest,,,,,,,"Harvest was 50%, so 1750 fish/acre.",,12/15/2023 11:42
ara2_93628934,Eluru,08/17/2021,Yes,Treatment,Stocking,Nikhil,,,,,6000.0,,"Catla (Catla catla), Rohu (Labeo rohita)",,,,,,,,,,,,,6000,,,,,,,,,,,,,,,,,,,,,12/15/2023 11:37
ara2_8a6b6eb2,Eluru,08/17/2021,Yes,Treatment,Stocking,Nikhil,,,,,5333.0,,"Catla (Catla catla), Rohu (Labeo rohita)",,,,,,,,,,,,,5333,,,,,,,,,,,,,,,,,,,,,12/15/2023 11:37
ara2_37556c00,Nellore,08/10/2021,No,Treatment,Stocking,Vivek,,,,,1800.0,,"Rohu (Labeo rohita), Catla (Catla catla)",,,,,,,,,,,,,,,1800.0,,,,,,,,,,,,,,,,,This data has been entered from the old Expansion Data Collection Nellore sheet to Jotform on 04/13/2022,,12/15/2023 11:42
ara2_bbfca80b,Nellore,08/10/2021,No,Treatment,Stocking,Vivek,,,,,1800.0,,"Rohu (Labeo rohita), Catla (Catla catla)",,,,,,,,,,,,,,,1800.0,,,,,,,,,,,,,,,,,This data has been entered from the old Expansion Data Collection Nellore sheet to Jotform on 04/13/2022,,12/15/2023 11:42
ara2_aeaba081,Eluru,08/10/2021,Yes,Treatment,Stocking,Maneesh,,,,,31666.0,,"Catla (Catla catla), Rohu (Labeo rohita)",,,,,,,,,,,,,33333,,,,,,,,,,,,,,,,,,,,,12/15/2023 11:37
ara2_9ea43968,Eluru,08/10/2021,Yes,Treatment,Stocking,Maneesh,,,,,2800.0,,"Catla (Catla catla), Rohu (Labeo rohita)",,,,,,,,,,,,,2800,,,,,,,,,,,,,,,,,,,,,12/15/2023 11:37
ara2_09faa72c,Eluru,08/10/2021,Yes,Treatment,Stocking,Maneesh,,,,,3500.0,,"Catla (Catla catla), Rohu (Labeo rohita)",,,,,,,,,,,,,3500,,,,,,,,,,,,,,,,,,,,,12/15/2023 11:37
ara2_82546b56,Eluru,08/08/2021,Yes,Treatment,Stocking,Maneesh,,,,,3100.0,,"Catla (Catla catla), Rohu (Labeo rohita)",,,,,,,,,,,,,3500,,,,,,,,,,,,,,,,,,,,,12/15/2023 11:37
ara2_df661923,Eluru,08/03/2021,No,Treatment,Stocking,Maneesh,,,,,2400.0,,"Rohu (Labeo rohita), Catla (Catla catla)",,,,,,,,,,,,,3000,,2400.0,,0.0,,,,,,No,,,,,,,,,,,12/15/2023 11:42
ara2_17b9d7b4,Nellore,07/27/2021,No,Treatment,Partial harvest,Chandu,,,,,3750.0,,,,,,,,,,,,,,,,,,,,,,,,,,,,,,15000,,,,"This not an actual harvest, out of the 30000 fingerlings the farmer transferred 15000 fish to his other ponds and left 15000 fish in this pond at stocking density of 3750 per acre.",,12/15/2023 11:42
ara2_df661923,Eluru,07/27/2021,No,Treatment,Harvest,Maneesh,,,,,,,,,,,,,,,,,,,,,,,,,,,,,,,,Planned harvest,"60,000",,,,No,,There is  very little data on this harvest as the farmer was not so cooperative and the trader has not given sufficient supporting information on this,,12/15/2023 11:42
ara2_07d25a85,Nellore,07/27/2021,No,Treatment,Partial stocking,Chandu,,,,,2500.0,,"Rohu (Labeo rohita), Catla (Catla catla)",,,,,,,,,,,,,,,1166.0,,,,,,,,No,,,,,,,,,After doing partial harvest of 7000 fish he again added 7000 fish from one of his other ponds ara2_17b9d7b4,,12/15/2023 11:42
ara2_07d25a85,Nellore,07/23/2021,No,Treatment,Partial harvest,Chandu,,,,,1333.0,,,,,,,,,,,,,,,,,,,,,,,,,,,Planned harvest,7000,,,,No,,,,12/15/2023 11:42
ara2_d53b776c,Eluru,07/20/2021,Yes,Treatment,Stocking,,,,,,2500.0,,"Catla (Catla catla), Rohu (Labeo rohita)",,,,,,,,,,,,,3500,,,,,,,,,,,,,,,,,,,,,12/15/2023 11:37
ara2_06155f82,Eluru,07/20/2021,Yes,Treatment,Stocking,Jennifer Kirsch,,,,,3000.0,,"Catla (Catla catla), Rohu (Labeo rohita)",,,,,,,,,,,,,3500,,,,,,,,,,,,,,,,,,,,,12/15/2023 11:37
ara2_9eefff29,Eluru,07/17/2021,Yes,Treatment,Stocking,,,,,,2800.0,,"Catla (Catla catla), Rohu (Labeo rohita)",,,,,,,,,,,,,3500,,,,,,,,,,,,,,,,,,,,,12/15/2023 11:37
ara2_60cb8cf2,Nellore,07/17/2021,Yes,Treatment,Stocking,,,,,,3000.0,125000.0,"Catla (Catla catla), Rohu (Labeo rohita)",,,,,,,,,,,,,3500,,,,,150000.0,,,,,,,,,,,,,,,,12/15/2023 11:37
ara2_f24623af,Eluru,07/15/2021,Yes,Treatment,Stocking,Maneesh,,,,,2000.0,,"Catla (Catla catla), Rohu (Labeo rohita)",,,,,,,,,,,,,2000,,,,,,,,,,,,,,,,,,,,,12/15/2023 11:37
ara2_df661923,Eluru,07/12/2021,Yes,Treatment,Stocking,,,,,,2800.0,,"Catla (Catla catla), Rohu (Labeo rohita)",,,,,,,,,,,,,3300,,,,,,,,,,,,,,,,,,,,,12/15/2023 11:37
ara2_38a721f5,Eluru,07/10/2021,Yes,Treatment,Stocking,,,,,,2700.0,,"Catla (Catla catla), Rohu (Labeo rohita)",,,,,,,,,,,,,3250,,,,,,,,,,,,,,,,,,,,,12/15/2023 11:37
ara2_fe1074da,Nellore,07/08/2021,No,Treatment,Stocking,Vivek,,,,,3000.0,,"Rohu (Labeo rohita), Catla (Catla catla)",,,,,,,,,,,,,,,3000.0,,,,,,,,,,,,,,,,,This data has been entered from the old Expansion Data Collection Nellore sheet to Jotform on 04/13/2022,,12/15/2023 11:42
ara2_e6feb688,Eluru,07/08/2021,Yes,Treatment,Stocking,Jennifer Kirsch,,,,,3100.0,,"Catla (Catla catla), Rohu (Labeo rohita)",,,,,,,,,,,,,3250,,,,,,,,,,,,,,,,,,,,,12/15/2023 11:37
ara2_c4feda19,Eluru,07/08/2021,Yes,Treatment,Stocking,,,,,,3100.0,,"Catla (Catla catla), Rohu (Labeo rohita)",,,,,,,,,,,,,3250,,,,,,,,,,,,,,,,,,,,,12/15/2023 11:37
ara2_3587929e,Nellore,07/01/2021,Yes,Treatment,Stocking,,,,,,2500.0,70000.0,"Catla (Catla catla), Rohu (Labeo rohita)",,,,,,,,,,,,,3000,,,,,80000.0,,,,,,,,,,,,,,,,12/15/2023 11:37
ara2_5a3d15dd,Nellore,06/21/2021,Yes,Treatment,Stocking,Vivek,,,,,3000.0,0.0,"Rohu (Labeo rohita), Catla (Catla catla)",,,,,,,,,,,,,,,3000.0,,,,,,,,,,,,,,,,,This data has been entered from the old Expansion Data Collection Nellore sheet to Jotform on 04/13/2022,,12/15/2023 11:37
ara2_0c2e7530,Nellore,06/20/2021,Yes,Control,Stocking,,,,,,4500.0,100000.0,"Catla (Catla catla), Rohu (Labeo rohita)",,,,,,,,,,,,,4500,,,,,100000.0,,,,,,,,,,,,,,,,12/15/2023 11:37
ara2_01463d19,Eluru,06/17/2021,Yes,Treatment,Stocking,Jennifer Kirsch,,,,,2800.0,,"Catla (Catla catla), Rohu (Labeo rohita)",,,,,,,,,,,,,3500,,,,,,,,,,,,,,,,,,,,,12/15/2023 11:37
ara2_a2f19fe6,Eluru,06/17/2021,Yes,Treatment,Stocking,,,,,,2800.0,,"Catla (Catla catla), Rohu (Labeo rohita)",,,,,,,,,,,,,3500,,,,,,,,,,,,,,,,,,,,,12/15/2023 11:37
ara2_01463d19,Eluru,06/12/2021,No,Treatment,Stocking,Maneesh,,,,,2875.0,,"Rohu (Labeo rohita), Catla (Catla catla)",,,,,,,,,,,,,3000,,2875.0,,357.0,,,,,,No,,,,,,,,,,,12/15/2023 11:42
ara2_a2f19fe6,Eluru,06/12/2021,No,Treatment,Stocking,Maneesh,,,,,2875.0,,"Rohu (Labeo rohita), Catla (Catla catla)",,,,,,,,,,,,,3000,,2875.0,,0.0,,,,,,No,,,,,,,,,The farmer stocked 5750 fish during pilot,,12/15/2023 11:42
ara2_8ae86d8e,Eluru,06/07/2021,Yes,Treatment,Stocking,Jennifer Kirsch,,,,,1500.0,,"Catla (Catla catla), Rohu (Labeo rohita)",,,,,,,,,,,,,1500,,,,,,,,,,,,,,,,,,,,,12/15/2023 11:37
ara2_407f70f7,Nellore,06/06/2021,Yes,Treatment,Stocking,,,,,,2500.0,120000.0,"Catla (Catla catla), Rohu (Labeo rohita)",,,,,,,,,,,,,3500,,,,,150000.0,,,,,,,,,,,,,,,,12/15/2023 11:37
ara2_407f70f7,Nellore,06/04/2021,No,Treatment,Stocking,Vivek,,,,,2500.0,,"Rohu (Labeo rohita), Catla (Catla catla), Whiteleg Shrimp (Litopenaeus vannamei)",,,,,,,,,,,,,,,2500.0,,,150000.0,,120000.0,,0.0,,,,,,,,,,This data has been entered from the old Expansion Data Collection Nellore sheet to Jotform on 04/13/2022,,12/15/2023 11:42
ara2_bd32b7fb,Eluru,04/20/2021,Yes,Treatment,Stocking,,,,,,2500.0,,"Catla (Catla catla), Rohu (Labeo rohita)",,,,,,,,,,,,,3500,,,,,,,,,,,,,,,,,,,,,12/15/2023 11:37
ara2_b8f28481,Eluru,04/20/2021,Yes,Treatment,Stocking,Jennifer Kirsch,,,,,2500.0,,"Catla (Catla catla), Rohu (Labeo rohita)",,,,,,,,,,,,,3500,,,,,,,,,,,,,,,,,,,,,12/15/2023 11:37
ara2_64aa484e,Eluru,04/15/2021,Yes,Treatment,Stocking,Maneesh,,,,,2000.0,,"Catla (Catla catla), Rohu (Labeo rohita)",,,,,,,,,,,,,2200,,,,,,,,,,,,,,,,,,,,,12/15/2023 11:37
ara2_44e030ef,Nellore,04/10/2021,Yes,Treatment,Stocking,,,,,,3200.0,70000.0,"Catla (Catla catla), Rohu (Labeo rohita)",,,,,,,,,,,,,2800,,,,,50000.0,,,,,,,,,,,,,,,,12/15/2023 11:37
ara2_2d4cda6c,Eluru,04/07/2021,Yes,Treatment,Stocking,Jennifer Kirsch,,,,,3000.0,,"Catla (Catla catla), Rohu (Labeo rohita)",,,,,,,,,,,,,3000,,,,,,,,,,,,,,,,,,,,,12/15/2023 11:37
ara2_51ee6ab1,Nellore,04/04/2021,Yes,Treatment,Stocking,,,,,,2800.0,130000.0,"Catla (Catla catla), Rohu (Labeo rohita)",,,,,,,,,,,,,3000,,,,,150000.0,,,,,,,,,,,,,,,,12/15/2023 11:37
ara2_78cbfd0d,Nellore,03/09/2021,Yes,Treatment,Stocking,,,,,,2500.0,80000.0,"Catla (Catla catla), Rohu (Labeo rohita), Mrigal (Cirrhinus cirrhosus)",,,,,,,,,,,,,2500,,,,,70000.0,,,,,,,,,,,,,,,,12/15/2023 11:37
ara2_dedca16a,Nellore,03/01/2021,Yes,Treatment,Stocking,,,,,,3000.0,95000.0,"Catla (Catla catla), Rohu (Labeo rohita)",,,,,,,,,,,,,3000,,,,,75000.0,,,,,,,,,,,,,,,,12/15/2023 11:37
ara2_6c015433,Nellore,03/01/2021,Yes,Control,Stocking,,,,,,3500.0,125000.0,"Catla (Catla catla), Rohu (Labeo rohita)",,,,,,,,,,,,,4000,,,,,100000.0,,,,,,,,,,,,,,,,12/15/2023 11:37
ara2_f1a474ab,Nellore,02/01/2021,Yes,Treatment,Stocking,,,,,,3300.0,130000.0,"Catla (Catla catla), Rohu (Labeo rohita)",,,,,,,,,,,,,3500,,,,,100000.0,,,,,,,,,,,,,,,,12/15/2023 11:37
ara2_17b9d7b4,Nellore,01/17/2021,No,Treatment,Stocking,Chandu,,,,,7500.0,,"Rohu (Labeo rohita), Catla (Catla catla)",,,,,,,,,,,,,,,7500.0,,,,,,,,,,,,,,,,,Farmer stocked 30000 fingerlings in this 4 acre pond @7500 per acre Stocking density. He has the plan to shift some of these fingerlings to other ponds when they reach the size of around 200-250 gms.,,12/15/2023 11:42
ara2_07d25a85,Nellore,01/17/2021,No,Treatment,Stocking,Chandu,,,,,2500.0,,"Rohu (Labeo rohita), Catla (Catla catla)",,,,,,,,,,,,,,,2500.0,,,,,,,,,,,,,,,,,Stocked 15000 fish in a 6 acre pond.,,12/15/2023 11:42
ara2_308ec37e,Nellore,01/01/2021,Yes,Control,Stocking,,,,,,3500.0,120000.0,"Catla (Catla catla), Rohu (Labeo rohita)",,,,,,,,,,,,,3500,,,,,100000.0,,,,,,,,,,,,,,,,12/15/2023 11:37
ara2_65a854d9,Nellore,01/01/2021,Yes,Treatment,Stocking,,,,,,4000.0,100000.0,"Catla (Catla catla), Rohu (Labeo rohita)",,,,,,,,,,,,,3500,,,,,80000.0,,,,,,,,,,,,,,,,12/15/2023 11:37
ara2_237abe57,Nellore,12/28/2020,Yes,Treatment,Stocking,Chandu,,,,,2600.0,,"Catla (Catla catla), Rohu (Labeo rohita)",,,,,,,,,,,,,2600,,,,,,,,,,,,,,,,,,,,,12/15/2023 11:37
ara2_a00174c4,Nellore,12/01/2020,Yes,Treatment,Stocking,,,,,,3700.0,130000.0,"Catla (Catla catla), Rohu (Labeo rohita), Roopchand",,,,,,,,,,,,,3500,,,,,100000.0,,,,,,,,,,,,,,,,12/15/2023 11:37
ara2_c5671cf4,Nellore,08/03/2020,Yes,Control,Stocking,,,,,,3500.0,50000.0,"Catla (Catla catla), Rohu (Labeo rohita)",,,,,,,,,,,,,3500,,,,,80000.0,,,,,,,,,,,,,,,,12/15/2023 11:37
ara2_17b9d7b4,Nellore,01/14/2020,Yes,Control,Stocking,,,,,,3000.0,,"Catla (Catla catla), Rohu (Labeo rohita)",,,,,,,,,,,,,3500,,,,,,,,,,,,,,,,,,,,,12/15/2023 11:37
ara2_07d25a85,Nellore,01/14/2020,Yes,Control,Stocking,,,,,,3000.0,,"Catla (Catla catla), Rohu (Labeo rohita)",,,,,,,,,,,,,3500,,,,,,,,,,,,,,,,,,,,,12/15/2023 11:37
ara2_ea9c93a5,Nellore,01/01/2020,Yes,Treatment,Stocking,,,,,,3500.0,75000.0,"Catla (Catla catla), Rohu (Labeo rohita)",,,,,,,,,,,,,3000,,,,,80000.0,,,,,,,,,,,,,,,,12/15/2023 11:37
